"filename","split","distance_m","src_x","src_y","room","utterance"
"0x_0y_6.325m_greathallOmni_0.wav","test","6.325","0","0","greathallOmni","0"
"0x_0y_6.325m_greathallOmni_1.wav","test","6.325","0","0","greathallOmni","1"
"0x_0y_6.325m_greathallOmni_2.wav","test","6.325","0","0","greathallOmni","2"
"0x_0y_6.325m_greathallOmni_3.wav","test","6.325","0","0","greathallOmni","3"
"0x_0y_6.325m_greathallOmni_4.wav","test","6.325","0","0","greathallOmni","4"
"0x_10y_13.416m_greathallOmni_0.wav","test","13.416","0","10","greathallOmni","0"
"0x_10y_13.416m_greathallOmni_1.wav","test","13.416","0","10","greathallOmni","1"
"0x_10y_13.416m_greathallOmni_2.wav","test","13.416","0","10","greathallOmni","2"
"0x_10y_13.416m_greathallOmni_3.wav","test","13.416","0","10","greathallOmni","3"
"0x_10y_13.416m_greathallOmni_4.wav","test","13.416","0","10","greathallOmni","4"
"0x_11y_14.318m_greathallOmni_0.wav","test","14.318","0","11","greathallOmni","0"
"0x_11y_14.318m_greathallOmni_1.wav","test","14.318","0","11","greathallOmni","1"
"0x_11y_14.318m_greathallOmni_2.wav","test","14.318","0","11","greathallOmni","2"
"0x_11y_14.318m_greathallOmni_3.wav","test","14.318","0","11","greathallOmni","3"
"0x_11y_14.318m_greathallOmni_4.wav","test","14.318","0","11","greathallOmni","4"
"0x_12y_15.232m_greathallOmni_0.wav","test","15.232","0","12","greathallOmni","0"
"0x_12y_15.232m_greathallOmni_1.wav","test","15.232","0","12","greathallOmni","1"
"0x_12y_15.232m_greathallOmni_2.wav","test","15.232","0","12","greathallOmni","2"
"0x_12y_15.232m_greathallOmni_3.wav","test","15.232","0","12","greathallOmni","3"
"0x_12y_15.232m_greathallOmni_4.wav","test","15.232","0","12","greathallOmni","4"
"0x_1y_6.708m_greathallOmni_0.wav","test","6.708","0","1","greathallOmni","0"
"0x_1y_6.708m_greathallOmni_1.wav","test","6.708","0","1","greathallOmni","1"
"0x_1y_6.708m_greathallOmni_2.wav","test","6.708","0","1","greathallOmni","2"
"0x_1y_6.708m_greathallOmni_3.wav","test","6.708","0","1","greathallOmni","3"
"0x_1y_6.708m_greathallOmni_4.wav","test","6.708","0","1","greathallOmni","4"
"0x_2y_7.211m_greathallOmni_0.wav","test","7.211","0","2","greathallOmni","0"
"0x_2y_7.211m_greathallOmni_1.wav","test","7.211","0","2","greathallOmni","1"
"0x_2y_7.211m_greathallOmni_2.wav","test","7.211","0","2","greathallOmni","2"
"0x_2y_7.211m_greathallOmni_3.wav","test","7.211","0","2","greathallOmni","3"
"0x_2y_7.211m_greathallOmni_4.wav","test","7.211","0","2","greathallOmni","4"
"0x_3y_7.810m_greathallOmni_0.wav","test","7.81","0","3","greathallOmni","0"
"0x_3y_7.810m_greathallOmni_1.wav","test","7.81","0","3","greathallOmni","1"
"0x_3y_7.810m_greathallOmni_2.wav","test","7.81","0","3","greathallOmni","2"
"0x_3y_7.810m_greathallOmni_3.wav","test","7.81","0","3","greathallOmni","3"
"0x_3y_7.810m_greathallOmni_4.wav","test","7.81","0","3","greathallOmni","4"
"0x_4y_8.485m_greathallOmni_0.wav","test","8.485","0","4","greathallOmni","0"
"0x_4y_8.485m_greathallOmni_1.wav","test","8.485","0","4","greathallOmni","1"
"0x_4y_8.485m_greathallOmni_2.wav","test","8.485","0","4","greathallOmni","2"
"0x_4y_8.485m_greathallOmni_3.wav","test","8.485","0","4","greathallOmni","3"
"0x_4y_8.485m_greathallOmni_4.wav","test","8.485","0","4","greathallOmni","4"
"0x_5y_9.220m_greathallOmni_0.wav","test","9.22","0","5","greathallOmni","0"
"0x_5y_9.220m_greathallOmni_1.wav","test","9.22","0","5","greathallOmni","1"
"0x_5y_9.220m_greathallOmni_2.wav","test","9.22","0","5","greathallOmni","2"
"0x_5y_9.220m_greathallOmni_3.wav","test","9.22","0","5","greathallOmni","3"
"0x_5y_9.220m_greathallOmni_4.wav","test","9.22","0","5","greathallOmni","4"
"0x_6y_10.000m_greathallOmni_0.wav","test","10","0","6","greathallOmni","0"
"0x_6y_10.000m_greathallOmni_1.wav","test","10","0","6","greathallOmni","1"
"0x_6y_10.000m_greathallOmni_2.wav","test","10","0","6","greathallOmni","2"
"0x_6y_10.000m_greathallOmni_3.wav","test","10","0","6","greathallOmni","3"
"0x_6y_10.000m_greathallOmni_4.wav","test","10","0","6","greathallOmni","4"
"0x_7y_10.817m_greathallOmni_0.wav","test","10.817","0","7","greathallOmni","0"
"0x_7y_10.817m_greathallOmni_1.wav","test","10.817","0","7","greathallOmni","1"
"0x_7y_10.817m_greathallOmni_2.wav","test","10.817","0","7","greathallOmni","2"
"0x_7y_10.817m_greathallOmni_3.wav","test","10.817","0","7","greathallOmni","3"
"0x_7y_10.817m_greathallOmni_4.wav","test","10.817","0","7","greathallOmni","4"
"0x_8y_11.662m_greathallOmni_0.wav","test","11.662","0","8","greathallOmni","0"
"0x_8y_11.662m_greathallOmni_1.wav","test","11.662","0","8","greathallOmni","1"
"0x_8y_11.662m_greathallOmni_2.wav","test","11.662","0","8","greathallOmni","2"
"0x_8y_11.662m_greathallOmni_3.wav","test","11.662","0","8","greathallOmni","3"
"0x_8y_11.662m_greathallOmni_4.wav","test","11.662","0","8","greathallOmni","4"
"0x_9y_12.530m_greathallOmni_0.wav","test","12.53","0","9","greathallOmni","0"
"0x_9y_12.530m_greathallOmni_1.wav","test","12.53","0","9","greathallOmni","1"
"0x_9y_12.530m_greathallOmni_2.wav","test","12.53","0","9","greathallOmni","2"
"0x_9y_12.530m_greathallOmni_3.wav","test","12.53","0","9","greathallOmni","3"
"0x_9y_12.530m_greathallOmni_4.wav","test","12.53","0","9","greathallOmni","4"
"10x_0y_10.198m_classroomOmni_0.wav","test","10.198","10","0","classroomOmni","0"
"10x_0y_10.198m_classroomOmni_1.wav","test","10.198","10","0","classroomOmni","1"
"10x_0y_10.198m_classroomOmni_2.wav","test","10.198","10","0","classroomOmni","2"
"10x_0y_10.198m_classroomOmni_3.wav","test","10.198","10","0","classroomOmni","3"
"10x_0y_10.198m_classroomOmni_4.wav","test","10.198","10","0","classroomOmni","4"
"10x_0y_4.472m_octagonOmni_0.wav","test","4.472","10","0","octagonOmni","0"
"10x_0y_4.472m_octagonOmni_1.wav","test","4.472","10","0","octagonOmni","1"
"10x_0y_4.472m_octagonOmni_2.wav","test","4.472","10","0","octagonOmni","2"
"10x_0y_4.472m_octagonOmni_3.wav","test","4.472","10","0","octagonOmni","3"
"10x_0y_4.472m_octagonOmni_4.wav","test","4.472","10","0","octagonOmni","4"
"10x_10y_10.440m_classroomOmni_0.wav","test","10.44","10","10","classroomOmni","0"
"10x_10y_10.440m_classroomOmni_1.wav","test","10.44","10","10","classroomOmni","1"
"10x_10y_10.440m_classroomOmni_2.wav","test","10.44","10","10","classroomOmni","2"
"10x_10y_10.440m_classroomOmni_3.wav","test","10.44","10","10","classroomOmni","3"
"10x_10y_10.440m_classroomOmni_4.wav","test","10.44","10","10","classroomOmni","4"
"10x_10y_12.649m_octagonOmni_0.wav","test","12.649","10","10","octagonOmni","0"
"10x_10y_12.649m_octagonOmni_1.wav","test","12.649","10","10","octagonOmni","1"
"10x_10y_12.649m_octagonOmni_2.wav","test","12.649","10","10","octagonOmni","2"
"10x_10y_12.649m_octagonOmni_3.wav","test","12.649","10","10","octagonOmni","3"
"10x_10y_12.649m_octagonOmni_4.wav","test","12.649","10","10","octagonOmni","4"
"10x_11y_13.601m_octagonOmni_0.wav","test","13.601","10","11","octagonOmni","0"
"10x_11y_13.601m_octagonOmni_1.wav","test","13.601","10","11","octagonOmni","1"
"10x_11y_13.601m_octagonOmni_2.wav","test","13.601","10","11","octagonOmni","2"
"10x_11y_13.601m_octagonOmni_3.wav","test","13.601","10","11","octagonOmni","3"
"10x_11y_13.601m_octagonOmni_4.wav","test","13.601","10","11","octagonOmni","4"
"10x_12y_14.560m_octagonOmni_0.wav","test","14.56","10","12","octagonOmni","0"
"10x_12y_14.560m_octagonOmni_1.wav","test","14.56","10","12","octagonOmni","1"
"10x_12y_14.560m_octagonOmni_2.wav","test","14.56","10","12","octagonOmni","2"
"10x_12y_14.560m_octagonOmni_3.wav","test","14.56","10","12","octagonOmni","3"
"10x_12y_14.560m_octagonOmni_4.wav","test","14.56","10","12","octagonOmni","4"
"10x_15y_10.595m_classroomOmni_0.wav","test","10.595","10","15","classroomOmni","0"
"10x_15y_10.595m_classroomOmni_1.wav","test","10.595","10","15","classroomOmni","1"
"10x_15y_10.595m_classroomOmni_2.wav","test","10.595","10","15","classroomOmni","2"
"10x_15y_10.595m_classroomOmni_3.wav","test","10.595","10","15","classroomOmni","3"
"10x_15y_10.595m_classroomOmni_4.wav","test","10.595","10","15","classroomOmni","4"
"10x_1y_5.000m_octagonOmni_0.wav","test","5","10","1","octagonOmni","0"
"10x_1y_5.000m_octagonOmni_1.wav","test","5","10","1","octagonOmni","1"
"10x_1y_5.000m_octagonOmni_2.wav","test","5","10","1","octagonOmni","2"
"10x_1y_5.000m_octagonOmni_3.wav","test","5","10","1","octagonOmni","3"
"10x_1y_5.000m_octagonOmni_4.wav","test","5","10","1","octagonOmni","4"
"10x_20y_10.770m_classroomOmni_0.wav","test","10.77","10","20","classroomOmni","0"
"10x_20y_10.770m_classroomOmni_1.wav","test","10.77","10","20","classroomOmni","1"
"10x_20y_10.770m_classroomOmni_2.wav","test","10.77","10","20","classroomOmni","2"
"10x_20y_10.770m_classroomOmni_3.wav","test","10.77","10","20","classroomOmni","3"
"10x_20y_10.770m_classroomOmni_4.wav","test","10.77","10","20","classroomOmni","4"
"10x_25y_10.966m_classroomOmni_0.wav","test","10.966","10","25","classroomOmni","0"
"10x_25y_10.966m_classroomOmni_1.wav","test","10.966","10","25","classroomOmni","1"
"10x_25y_10.966m_classroomOmni_2.wav","test","10.966","10","25","classroomOmni","2"
"10x_25y_10.966m_classroomOmni_3.wav","test","10.966","10","25","classroomOmni","3"
"10x_25y_10.966m_classroomOmni_4.wav","test","10.966","10","25","classroomOmni","4"
"10x_2y_5.657m_octagonOmni_0.wav","test","5.657","10","2","octagonOmni","0"
"10x_2y_5.657m_octagonOmni_1.wav","test","5.657","10","2","octagonOmni","1"
"10x_2y_5.657m_octagonOmni_2.wav","test","5.657","10","2","octagonOmni","2"
"10x_2y_5.657m_octagonOmni_3.wav","test","5.657","10","2","octagonOmni","3"
"10x_2y_5.657m_octagonOmni_4.wav","test","5.657","10","2","octagonOmni","4"
"10x_30y_11.180m_classroomOmni_0.wav","test","11.18","10","30","classroomOmni","0"
"10x_30y_11.180m_classroomOmni_1.wav","test","11.18","10","30","classroomOmni","1"
"10x_30y_11.180m_classroomOmni_2.wav","test","11.18","10","30","classroomOmni","2"
"10x_30y_11.180m_classroomOmni_3.wav","test","11.18","10","30","classroomOmni","3"
"10x_30y_11.180m_classroomOmni_4.wav","test","11.18","10","30","classroomOmni","4"
"10x_35y_11.413m_classroomOmni_0.wav","test","11.413","10","35","classroomOmni","0"
"10x_35y_11.413m_classroomOmni_1.wav","test","11.413","10","35","classroomOmni","1"
"10x_35y_11.413m_classroomOmni_2.wav","test","11.413","10","35","classroomOmni","2"
"10x_35y_11.413m_classroomOmni_3.wav","test","11.413","10","35","classroomOmni","3"
"10x_35y_11.413m_classroomOmni_4.wav","test","11.413","10","35","classroomOmni","4"
"10x_3y_6.403m_octagonOmni_0.wav","test","6.403","10","3","octagonOmni","0"
"10x_3y_6.403m_octagonOmni_1.wav","test","6.403","10","3","octagonOmni","1"
"10x_3y_6.403m_octagonOmni_2.wav","test","6.403","10","3","octagonOmni","2"
"10x_3y_6.403m_octagonOmni_3.wav","test","6.403","10","3","octagonOmni","3"
"10x_3y_6.403m_octagonOmni_4.wav","test","6.403","10","3","octagonOmni","4"
"10x_40y_11.662m_classroomOmni_0.wav","test","11.662","10","40","classroomOmni","0"
"10x_40y_11.662m_classroomOmni_1.wav","test","11.662","10","40","classroomOmni","1"
"10x_40y_11.662m_classroomOmni_2.wav","test","11.662","10","40","classroomOmni","2"
"10x_40y_11.662m_classroomOmni_3.wav","test","11.662","10","40","classroomOmni","3"
"10x_40y_11.662m_classroomOmni_4.wav","test","11.662","10","40","classroomOmni","4"
"10x_45y_11.927m_classroomOmni_0.wav","test","11.927","10","45","classroomOmni","0"
"10x_45y_11.927m_classroomOmni_1.wav","test","11.927","10","45","classroomOmni","1"
"10x_45y_11.927m_classroomOmni_2.wav","test","11.927","10","45","classroomOmni","2"
"10x_45y_11.927m_classroomOmni_3.wav","test","11.927","10","45","classroomOmni","3"
"10x_45y_11.927m_classroomOmni_4.wav","test","11.927","10","45","classroomOmni","4"
"10x_4y_7.211m_octagonOmni_0.wav","test","7.211","10","4","octagonOmni","0"
"10x_4y_7.211m_octagonOmni_1.wav","test","7.211","10","4","octagonOmni","1"
"10x_4y_7.211m_octagonOmni_2.wav","test","7.211","10","4","octagonOmni","2"
"10x_4y_7.211m_octagonOmni_3.wav","test","7.211","10","4","octagonOmni","3"
"10x_4y_7.211m_octagonOmni_4.wav","test","7.211","10","4","octagonOmni","4"
"10x_5y_10.308m_classroomOmni_0.wav","test","10.308","10","5","classroomOmni","0"
"10x_5y_10.308m_classroomOmni_1.wav","test","10.308","10","5","classroomOmni","1"
"10x_5y_10.308m_classroomOmni_2.wav","test","10.308","10","5","classroomOmni","2"
"10x_5y_10.308m_classroomOmni_3.wav","test","10.308","10","5","classroomOmni","3"
"10x_5y_10.308m_classroomOmni_4.wav","test","10.308","10","5","classroomOmni","4"
"10x_5y_8.062m_octagonOmni_0.wav","test","8.062","10","5","octagonOmni","0"
"10x_5y_8.062m_octagonOmni_1.wav","test","8.062","10","5","octagonOmni","1"
"10x_5y_8.062m_octagonOmni_2.wav","test","8.062","10","5","octagonOmni","2"
"10x_5y_8.062m_octagonOmni_3.wav","test","8.062","10","5","octagonOmni","3"
"10x_5y_8.062m_octagonOmni_4.wav","test","8.062","10","5","octagonOmni","4"
"10x_6y_8.944m_octagonOmni_0.wav","test","8.944","10","6","octagonOmni","0"
"10x_6y_8.944m_octagonOmni_1.wav","test","8.944","10","6","octagonOmni","1"
"10x_6y_8.944m_octagonOmni_2.wav","test","8.944","10","6","octagonOmni","2"
"10x_6y_8.944m_octagonOmni_3.wav","test","8.944","10","6","octagonOmni","3"
"10x_6y_8.944m_octagonOmni_4.wav","test","8.944","10","6","octagonOmni","4"
"10x_7y_9.849m_octagonOmni_0.wav","test","9.849","10","7","octagonOmni","0"
"10x_7y_9.849m_octagonOmni_1.wav","test","9.849","10","7","octagonOmni","1"
"10x_7y_9.849m_octagonOmni_2.wav","test","9.849","10","7","octagonOmni","2"
"10x_7y_9.849m_octagonOmni_3.wav","test","9.849","10","7","octagonOmni","3"
"10x_7y_9.849m_octagonOmni_4.wav","test","9.849","10","7","octagonOmni","4"
"10x_8y_10.770m_octagonOmni_0.wav","test","10.77","10","8","octagonOmni","0"
"10x_8y_10.770m_octagonOmni_1.wav","test","10.77","10","8","octagonOmni","1"
"10x_8y_10.770m_octagonOmni_2.wav","test","10.77","10","8","octagonOmni","2"
"10x_8y_10.770m_octagonOmni_3.wav","test","10.77","10","8","octagonOmni","3"
"10x_8y_10.770m_octagonOmni_4.wav","test","10.77","10","8","octagonOmni","4"
"10x_9y_11.705m_octagonOmni_0.wav","test","11.705","10","9","octagonOmni","0"
"10x_9y_11.705m_octagonOmni_1.wav","test","11.705","10","9","octagonOmni","1"
"10x_9y_11.705m_octagonOmni_2.wav","test","11.705","10","9","octagonOmni","2"
"10x_9y_11.705m_octagonOmni_3.wav","test","11.705","10","9","octagonOmni","3"
"10x_9y_11.705m_octagonOmni_4.wav","test","11.705","10","9","octagonOmni","4"
"11x_0y_5.385m_octagonOmni_0.wav","test","5.385","11","0","octagonOmni","0"
"11x_0y_5.385m_octagonOmni_1.wav","test","5.385","11","0","octagonOmni","1"
"11x_0y_5.385m_octagonOmni_2.wav","test","5.385","11","0","octagonOmni","2"
"11x_0y_5.385m_octagonOmni_3.wav","test","5.385","11","0","octagonOmni","3"
"11x_0y_5.385m_octagonOmni_4.wav","test","5.385","11","0","octagonOmni","4"
"11x_10y_13.000m_octagonOmni_0.wav","test","13","11","10","octagonOmni","0"
"11x_10y_13.000m_octagonOmni_1.wav","test","13","11","10","octagonOmni","1"
"11x_10y_13.000m_octagonOmni_2.wav","test","13","11","10","octagonOmni","2"
"11x_10y_13.000m_octagonOmni_3.wav","test","13","11","10","octagonOmni","3"
"11x_10y_13.000m_octagonOmni_4.wav","test","13","11","10","octagonOmni","4"
"11x_11y_13.928m_octagonOmni_0.wav","test","13.928","11","11","octagonOmni","0"
"11x_11y_13.928m_octagonOmni_1.wav","test","13.928","11","11","octagonOmni","1"
"11x_11y_13.928m_octagonOmni_2.wav","test","13.928","11","11","octagonOmni","2"
"11x_11y_13.928m_octagonOmni_3.wav","test","13.928","11","11","octagonOmni","3"
"11x_11y_13.928m_octagonOmni_4.wav","test","13.928","11","11","octagonOmni","4"
"11x_12y_14.866m_octagonOmni_0.wav","test","14.866","11","12","octagonOmni","0"
"11x_12y_14.866m_octagonOmni_1.wav","test","14.866","11","12","octagonOmni","1"
"11x_12y_14.866m_octagonOmni_2.wav","test","14.866","11","12","octagonOmni","2"
"11x_12y_14.866m_octagonOmni_3.wav","test","14.866","11","12","octagonOmni","3"
"11x_12y_14.866m_octagonOmni_4.wav","test","14.866","11","12","octagonOmni","4"
"11x_1y_5.831m_octagonOmni_0.wav","test","5.831","11","1","octagonOmni","0"
"11x_1y_5.831m_octagonOmni_1.wav","test","5.831","11","1","octagonOmni","1"
"11x_1y_5.831m_octagonOmni_2.wav","test","5.831","11","1","octagonOmni","2"
"11x_1y_5.831m_octagonOmni_3.wav","test","5.831","11","1","octagonOmni","3"
"11x_1y_5.831m_octagonOmni_4.wav","test","5.831","11","1","octagonOmni","4"
"11x_2y_6.403m_octagonOmni_0.wav","test","6.403","11","2","octagonOmni","0"
"11x_2y_6.403m_octagonOmni_1.wav","test","6.403","11","2","octagonOmni","1"
"11x_2y_6.403m_octagonOmni_2.wav","test","6.403","11","2","octagonOmni","2"
"11x_2y_6.403m_octagonOmni_3.wav","test","6.403","11","2","octagonOmni","3"
"11x_2y_6.403m_octagonOmni_4.wav","test","6.403","11","2","octagonOmni","4"
"11x_3y_7.071m_octagonOmni_0.wav","test","7.071","11","3","octagonOmni","0"
"11x_3y_7.071m_octagonOmni_1.wav","test","7.071","11","3","octagonOmni","1"
"11x_3y_7.071m_octagonOmni_2.wav","test","7.071","11","3","octagonOmni","2"
"11x_3y_7.071m_octagonOmni_3.wav","test","7.071","11","3","octagonOmni","3"
"11x_3y_7.071m_octagonOmni_4.wav","test","7.071","11","3","octagonOmni","4"
"11x_4y_7.810m_octagonOmni_0.wav","test","7.81","11","4","octagonOmni","0"
"11x_4y_7.810m_octagonOmni_1.wav","test","7.81","11","4","octagonOmni","1"
"11x_4y_7.810m_octagonOmni_2.wav","test","7.81","11","4","octagonOmni","2"
"11x_4y_7.810m_octagonOmni_3.wav","test","7.81","11","4","octagonOmni","3"
"11x_4y_7.810m_octagonOmni_4.wav","test","7.81","11","4","octagonOmni","4"
"11x_5y_8.602m_octagonOmni_0.wav","test","8.602","11","5","octagonOmni","0"
"11x_5y_8.602m_octagonOmni_1.wav","test","8.602","11","5","octagonOmni","1"
"11x_5y_8.602m_octagonOmni_2.wav","test","8.602","11","5","octagonOmni","2"
"11x_5y_8.602m_octagonOmni_3.wav","test","8.602","11","5","octagonOmni","3"
"11x_5y_8.602m_octagonOmni_4.wav","test","8.602","11","5","octagonOmni","4"
"11x_6y_9.434m_octagonOmni_0.wav","test","9.434","11","6","octagonOmni","0"
"11x_6y_9.434m_octagonOmni_1.wav","test","9.434","11","6","octagonOmni","1"
"11x_6y_9.434m_octagonOmni_2.wav","test","9.434","11","6","octagonOmni","2"
"11x_6y_9.434m_octagonOmni_3.wav","test","9.434","11","6","octagonOmni","3"
"11x_6y_9.434m_octagonOmni_4.wav","test","9.434","11","6","octagonOmni","4"
"11x_7y_10.296m_octagonOmni_0.wav","test","10.296","11","7","octagonOmni","0"
"11x_7y_10.296m_octagonOmni_1.wav","test","10.296","11","7","octagonOmni","1"
"11x_7y_10.296m_octagonOmni_2.wav","test","10.296","11","7","octagonOmni","2"
"11x_7y_10.296m_octagonOmni_3.wav","test","10.296","11","7","octagonOmni","3"
"11x_7y_10.296m_octagonOmni_4.wav","test","10.296","11","7","octagonOmni","4"
"11x_8y_11.180m_octagonOmni_0.wav","test","11.18","11","8","octagonOmni","0"
"11x_8y_11.180m_octagonOmni_1.wav","test","11.18","11","8","octagonOmni","1"
"11x_8y_11.180m_octagonOmni_2.wav","test","11.18","11","8","octagonOmni","2"
"11x_8y_11.180m_octagonOmni_3.wav","test","11.18","11","8","octagonOmni","3"
"11x_8y_11.180m_octagonOmni_4.wav","test","11.18","11","8","octagonOmni","4"
"11x_9y_12.083m_octagonOmni_0.wav","test","12.083","11","9","octagonOmni","0"
"11x_9y_12.083m_octagonOmni_1.wav","test","12.083","11","9","octagonOmni","1"
"11x_9y_12.083m_octagonOmni_2.wav","test","12.083","11","9","octagonOmni","2"
"11x_9y_12.083m_octagonOmni_3.wav","test","12.083","11","9","octagonOmni","3"
"11x_9y_12.083m_octagonOmni_4.wav","test","12.083","11","9","octagonOmni","4"
"12x_0y_6.325m_octagonOmni_0.wav","test","6.325","12","0","octagonOmni","0"
"12x_0y_6.325m_octagonOmni_1.wav","test","6.325","12","0","octagonOmni","1"
"12x_0y_6.325m_octagonOmni_2.wav","test","6.325","12","0","octagonOmni","2"
"12x_0y_6.325m_octagonOmni_3.wav","test","6.325","12","0","octagonOmni","3"
"12x_0y_6.325m_octagonOmni_4.wav","test","6.325","12","0","octagonOmni","4"
"12x_10y_13.416m_octagonOmni_0.wav","test","13.416","12","10","octagonOmni","0"
"12x_10y_13.416m_octagonOmni_1.wav","test","13.416","12","10","octagonOmni","1"
"12x_10y_13.416m_octagonOmni_2.wav","test","13.416","12","10","octagonOmni","2"
"12x_10y_13.416m_octagonOmni_3.wav","test","13.416","12","10","octagonOmni","3"
"12x_10y_13.416m_octagonOmni_4.wav","test","13.416","12","10","octagonOmni","4"
"12x_11y_14.318m_octagonOmni_0.wav","test","14.318","12","11","octagonOmni","0"
"12x_11y_14.318m_octagonOmni_1.wav","test","14.318","12","11","octagonOmni","1"
"12x_11y_14.318m_octagonOmni_2.wav","test","14.318","12","11","octagonOmni","2"
"12x_11y_14.318m_octagonOmni_3.wav","test","14.318","12","11","octagonOmni","3"
"12x_11y_14.318m_octagonOmni_4.wav","test","14.318","12","11","octagonOmni","4"
"12x_12y_15.232m_octagonOmni_0.wav","test","15.232","12","12","octagonOmni","0"
"12x_12y_15.232m_octagonOmni_1.wav","test","15.232","12","12","octagonOmni","1"
"12x_12y_15.232m_octagonOmni_2.wav","test","15.232","12","12","octagonOmni","2"
"12x_12y_15.232m_octagonOmni_3.wav","test","15.232","12","12","octagonOmni","3"
"12x_12y_15.232m_octagonOmni_4.wav","test","15.232","12","12","octagonOmni","4"
"12x_1y_6.708m_octagonOmni_0.wav","test","6.708","12","1","octagonOmni","0"
"12x_1y_6.708m_octagonOmni_1.wav","test","6.708","12","1","octagonOmni","1"
"12x_1y_6.708m_octagonOmni_2.wav","test","6.708","12","1","octagonOmni","2"
"12x_1y_6.708m_octagonOmni_3.wav","test","6.708","12","1","octagonOmni","3"
"12x_1y_6.708m_octagonOmni_4.wav","test","6.708","12","1","octagonOmni","4"
"12x_2y_7.211m_octagonOmni_0.wav","test","7.211","12","2","octagonOmni","0"
"12x_2y_7.211m_octagonOmni_1.wav","test","7.211","12","2","octagonOmni","1"
"12x_2y_7.211m_octagonOmni_2.wav","test","7.211","12","2","octagonOmni","2"
"12x_2y_7.211m_octagonOmni_3.wav","test","7.211","12","2","octagonOmni","3"
"12x_2y_7.211m_octagonOmni_4.wav","test","7.211","12","2","octagonOmni","4"
"12x_3y_7.810m_octagonOmni_0.wav","test","7.81","12","3","octagonOmni","0"
"12x_3y_7.810m_octagonOmni_1.wav","test","7.81","12","3","octagonOmni","1"
"12x_3y_7.810m_octagonOmni_2.wav","test","7.81","12","3","octagonOmni","2"
"12x_3y_7.810m_octagonOmni_3.wav","test","7.81","12","3","octagonOmni","3"
"12x_3y_7.810m_octagonOmni_4.wav","test","7.81","12","3","octagonOmni","4"
"12x_4y_8.485m_octagonOmni_0.wav","test","8.485","12","4","octagonOmni","0"
"12x_4y_8.485m_octagonOmni_1.wav","test","8.485","12","4","octagonOmni","1"
"12x_4y_8.485m_octagonOmni_2.wav","test","8.485","12","4","octagonOmni","2"
"12x_4y_8.485m_octagonOmni_3.wav","test","8.485","12","4","octagonOmni","3"
"12x_4y_8.485m_octagonOmni_4.wav","test","8.485","12","4","octagonOmni","4"
"12x_5y_9.220m_octagonOmni_0.wav","test","9.22","12","5","octagonOmni","0"
"12x_5y_9.220m_octagonOmni_1.wav","test","9.22","12","5","octagonOmni","1"
"12x_5y_9.220m_octagonOmni_2.wav","test","9.22","12","5","octagonOmni","2"
"12x_5y_9.220m_octagonOmni_3.wav","test","9.22","12","5","octagonOmni","3"
"12x_5y_9.220m_octagonOmni_4.wav","test","9.22","12","5","octagonOmni","4"
"12x_6y_10.000m_octagonOmni_0.wav","test","10","12","6","octagonOmni","0"
"12x_6y_10.000m_octagonOmni_1.wav","test","10","12","6","octagonOmni","1"
"12x_6y_10.000m_octagonOmni_2.wav","test","10","12","6","octagonOmni","2"
"12x_6y_10.000m_octagonOmni_3.wav","test","10","12","6","octagonOmni","3"
"12x_6y_10.000m_octagonOmni_4.wav","test","10","12","6","octagonOmni","4"
"12x_7y_10.817m_octagonOmni_0.wav","test","10.817","12","7","octagonOmni","0"
"12x_7y_10.817m_octagonOmni_1.wav","test","10.817","12","7","octagonOmni","1"
"12x_7y_10.817m_octagonOmni_2.wav","test","10.817","12","7","octagonOmni","2"
"12x_7y_10.817m_octagonOmni_3.wav","test","10.817","12","7","octagonOmni","3"
"12x_7y_10.817m_octagonOmni_4.wav","test","10.817","12","7","octagonOmni","4"
"12x_8y_11.662m_octagonOmni_0.wav","test","11.662","12","8","octagonOmni","0"
"12x_8y_11.662m_octagonOmni_1.wav","test","11.662","12","8","octagonOmni","1"
"12x_8y_11.662m_octagonOmni_2.wav","test","11.662","12","8","octagonOmni","2"
"12x_8y_11.662m_octagonOmni_3.wav","test","11.662","12","8","octagonOmni","3"
"12x_8y_11.662m_octagonOmni_4.wav","test","11.662","12","8","octagonOmni","4"
"12x_9y_12.530m_octagonOmni_0.wav","test","12.53","12","9","octagonOmni","0"
"12x_9y_12.530m_octagonOmni_1.wav","test","12.53","12","9","octagonOmni","1"
"12x_9y_12.530m_octagonOmni_2.wav","test","12.53","12","9","octagonOmni","2"
"12x_9y_12.530m_octagonOmni_3.wav","test","12.53","12","9","octagonOmni","3"
"12x_9y_12.530m_octagonOmni_4.wav","test","12.53","12","9","octagonOmni","4"
"4x_0y_2.828m_greathallOmni_0.wav","test","2.828","4","0","greathallOmni","0"
"4x_0y_2.828m_greathallOmni_1.wav","test","2.828","4","0","greathallOmni","1"
"4x_0y_2.828m_greathallOmni_2.wav","test","2.828","4","0","greathallOmni","2"
"4x_0y_2.828m_greathallOmni_3.wav","test","2.828","4","0","greathallOmni","3"
"4x_0y_2.828m_greathallOmni_4.wav","test","2.828","4","0","greathallOmni","4"
"4x_10y_12.166m_greathallOmni_0.wav","test","12.166","4","10","greathallOmni","0"
"4x_10y_12.166m_greathallOmni_1.wav","test","12.166","4","10","greathallOmni","1"
"4x_10y_12.166m_greathallOmni_2.wav","test","12.166","4","10","greathallOmni","2"
"4x_10y_12.166m_greathallOmni_3.wav","test","12.166","4","10","greathallOmni","3"
"4x_10y_12.166m_greathallOmni_4.wav","test","12.166","4","10","greathallOmni","4"
"4x_11y_13.153m_greathallOmni_0.wav","test","13.153","4","11","greathallOmni","0"
"4x_11y_13.153m_greathallOmni_1.wav","test","13.153","4","11","greathallOmni","1"
"4x_11y_13.153m_greathallOmni_2.wav","test","13.153","4","11","greathallOmni","2"
"4x_11y_13.153m_greathallOmni_3.wav","test","13.153","4","11","greathallOmni","3"
"4x_11y_13.153m_greathallOmni_4.wav","test","13.153","4","11","greathallOmni","4"
"4x_12y_14.142m_greathallOmni_0.wav","test","14.142","4","12","greathallOmni","0"
"4x_12y_14.142m_greathallOmni_1.wav","test","14.142","4","12","greathallOmni","1"
"4x_12y_14.142m_greathallOmni_2.wav","test","14.142","4","12","greathallOmni","2"
"4x_12y_14.142m_greathallOmni_3.wav","test","14.142","4","12","greathallOmni","3"
"4x_12y_14.142m_greathallOmni_4.wav","test","14.142","4","12","greathallOmni","4"
"4x_1y_3.606m_greathallOmni_0.wav","test","3.606","4","1","greathallOmni","0"
"4x_1y_3.606m_greathallOmni_1.wav","test","3.606","4","1","greathallOmni","1"
"4x_1y_3.606m_greathallOmni_2.wav","test","3.606","4","1","greathallOmni","2"
"4x_1y_3.606m_greathallOmni_3.wav","test","3.606","4","1","greathallOmni","3"
"4x_1y_3.606m_greathallOmni_4.wav","test","3.606","4","1","greathallOmni","4"
"4x_2y_4.472m_greathallOmni_0.wav","test","4.472","4","2","greathallOmni","0"
"4x_2y_4.472m_greathallOmni_1.wav","test","4.472","4","2","greathallOmni","1"
"4x_2y_4.472m_greathallOmni_2.wav","test","4.472","4","2","greathallOmni","2"
"4x_2y_4.472m_greathallOmni_3.wav","test","4.472","4","2","greathallOmni","3"
"4x_2y_4.472m_greathallOmni_4.wav","test","4.472","4","2","greathallOmni","4"
"4x_3y_5.385m_greathallOmni_0.wav","test","5.385","4","3","greathallOmni","0"
"4x_3y_5.385m_greathallOmni_1.wav","test","5.385","4","3","greathallOmni","1"
"4x_3y_5.385m_greathallOmni_2.wav","test","5.385","4","3","greathallOmni","2"
"4x_3y_5.385m_greathallOmni_3.wav","test","5.385","4","3","greathallOmni","3"
"4x_3y_5.385m_greathallOmni_4.wav","test","5.385","4","3","greathallOmni","4"
"4x_4y_6.325m_greathallOmni_0.wav","test","6.325","4","4","greathallOmni","0"
"4x_4y_6.325m_greathallOmni_1.wav","test","6.325","4","4","greathallOmni","1"
"4x_4y_6.325m_greathallOmni_2.wav","test","6.325","4","4","greathallOmni","2"
"4x_4y_6.325m_greathallOmni_3.wav","test","6.325","4","4","greathallOmni","3"
"4x_4y_6.325m_greathallOmni_4.wav","test","6.325","4","4","greathallOmni","4"
"4x_5y_7.280m_greathallOmni_0.wav","test","7.28","4","5","greathallOmni","0"
"4x_5y_7.280m_greathallOmni_1.wav","test","7.28","4","5","greathallOmni","1"
"4x_5y_7.280m_greathallOmni_2.wav","test","7.28","4","5","greathallOmni","2"
"4x_5y_7.280m_greathallOmni_3.wav","test","7.28","4","5","greathallOmni","3"
"4x_5y_7.280m_greathallOmni_4.wav","test","7.28","4","5","greathallOmni","4"
"4x_6y_8.246m_greathallOmni_0.wav","test","8.246","4","6","greathallOmni","0"
"4x_6y_8.246m_greathallOmni_1.wav","test","8.246","4","6","greathallOmni","1"
"4x_6y_8.246m_greathallOmni_2.wav","test","8.246","4","6","greathallOmni","2"
"4x_6y_8.246m_greathallOmni_3.wav","test","8.246","4","6","greathallOmni","3"
"4x_6y_8.246m_greathallOmni_4.wav","test","8.246","4","6","greathallOmni","4"
"4x_7y_9.220m_greathallOmni_0.wav","test","9.22","4","7","greathallOmni","0"
"4x_7y_9.220m_greathallOmni_1.wav","test","9.22","4","7","greathallOmni","1"
"4x_7y_9.220m_greathallOmni_2.wav","test","9.22","4","7","greathallOmni","2"
"4x_7y_9.220m_greathallOmni_3.wav","test","9.22","4","7","greathallOmni","3"
"4x_7y_9.220m_greathallOmni_4.wav","test","9.22","4","7","greathallOmni","4"
"4x_8y_10.198m_greathallOmni_0.wav","test","10.198","4","8","greathallOmni","0"
"4x_8y_10.198m_greathallOmni_1.wav","test","10.198","4","8","greathallOmni","1"
"4x_8y_10.198m_greathallOmni_2.wav","test","10.198","4","8","greathallOmni","2"
"4x_8y_10.198m_greathallOmni_3.wav","test","10.198","4","8","greathallOmni","3"
"4x_8y_10.198m_greathallOmni_4.wav","test","10.198","4","8","greathallOmni","4"
"4x_9y_11.180m_greathallOmni_0.wav","test","11.18","4","9","greathallOmni","0"
"4x_9y_11.180m_greathallOmni_1.wav","test","11.18","4","9","greathallOmni","1"
"4x_9y_11.180m_greathallOmni_2.wav","test","11.18","4","9","greathallOmni","2"
"4x_9y_11.180m_greathallOmni_3.wav","test","11.18","4","9","greathallOmni","3"
"4x_9y_11.180m_greathallOmni_4.wav","test","11.18","4","9","greathallOmni","4"
"55x_0y_12.659m_classroomOmni_0.wav","test","12.659","55","0","classroomOmni","0"
"55x_0y_12.659m_classroomOmni_1.wav","test","12.659","55","0","classroomOmni","1"
"55x_0y_12.659m_classroomOmni_2.wav","test","12.659","55","0","classroomOmni","2"
"55x_0y_12.659m_classroomOmni_3.wav","test","12.659","55","0","classroomOmni","3"
"55x_0y_12.659m_classroomOmni_4.wav","test","12.659","55","0","classroomOmni","4"
"55x_10y_12.855m_classroomOmni_0.wav","test","12.855","55","10","classroomOmni","0"
"55x_10y_12.855m_classroomOmni_1.wav","test","12.855","55","10","classroomOmni","1"
"55x_10y_12.855m_classroomOmni_2.wav","test","12.855","55","10","classroomOmni","2"
"55x_10y_12.855m_classroomOmni_3.wav","test","12.855","55","10","classroomOmni","3"
"55x_10y_12.855m_classroomOmni_4.wav","test","12.855","55","10","classroomOmni","4"
"55x_15y_12.981m_classroomOmni_0.wav","test","12.981","55","15","classroomOmni","0"
"55x_15y_12.981m_classroomOmni_1.wav","test","12.981","55","15","classroomOmni","1"
"55x_15y_12.981m_classroomOmni_2.wav","test","12.981","55","15","classroomOmni","2"
"55x_15y_12.981m_classroomOmni_3.wav","test","12.981","55","15","classroomOmni","3"
"55x_15y_12.981m_classroomOmni_4.wav","test","12.981","55","15","classroomOmni","4"
"55x_20y_13.124m_classroomOmni_0.wav","test","13.124","55","20","classroomOmni","0"
"55x_20y_13.124m_classroomOmni_1.wav","test","13.124","55","20","classroomOmni","1"
"55x_20y_13.124m_classroomOmni_2.wav","test","13.124","55","20","classroomOmni","2"
"55x_20y_13.124m_classroomOmni_3.wav","test","13.124","55","20","classroomOmni","3"
"55x_20y_13.124m_classroomOmni_4.wav","test","13.124","55","20","classroomOmni","4"
"55x_25y_13.285m_classroomOmni_0.wav","test","13.285","55","25","classroomOmni","0"
"55x_25y_13.285m_classroomOmni_1.wav","test","13.285","55","25","classroomOmni","1"
"55x_25y_13.285m_classroomOmni_2.wav","test","13.285","55","25","classroomOmni","2"
"55x_25y_13.285m_classroomOmni_3.wav","test","13.285","55","25","classroomOmni","3"
"55x_25y_13.285m_classroomOmni_4.wav","test","13.285","55","25","classroomOmni","4"
"55x_30y_13.463m_classroomOmni_0.wav","test","13.463","55","30","classroomOmni","0"
"55x_30y_13.463m_classroomOmni_1.wav","test","13.463","55","30","classroomOmni","1"
"55x_30y_13.463m_classroomOmni_2.wav","test","13.463","55","30","classroomOmni","2"
"55x_30y_13.463m_classroomOmni_3.wav","test","13.463","55","30","classroomOmni","3"
"55x_30y_13.463m_classroomOmni_4.wav","test","13.463","55","30","classroomOmni","4"
"55x_35y_13.657m_classroomOmni_0.wav","test","13.657","55","35","classroomOmni","0"
"55x_35y_13.657m_classroomOmni_1.wav","test","13.657","55","35","classroomOmni","1"
"55x_35y_13.657m_classroomOmni_2.wav","test","13.657","55","35","classroomOmni","2"
"55x_35y_13.657m_classroomOmni_3.wav","test","13.657","55","35","classroomOmni","3"
"55x_35y_13.657m_classroomOmni_4.wav","test","13.657","55","35","classroomOmni","4"
"55x_40y_13.865m_classroomOmni_0.wav","test","13.865","55","40","classroomOmni","0"
"55x_40y_13.865m_classroomOmni_1.wav","test","13.865","55","40","classroomOmni","1"
"55x_40y_13.865m_classroomOmni_2.wav","test","13.865","55","40","classroomOmni","2"
"55x_40y_13.865m_classroomOmni_3.wav","test","13.865","55","40","classroomOmni","3"
"55x_40y_13.865m_classroomOmni_4.wav","test","13.865","55","40","classroomOmni","4"
"55x_45y_14.089m_classroomOmni_0.wav","test","14.089","55","45","classroomOmni","0"
"55x_45y_14.089m_classroomOmni_1.wav","test","14.089","55","45","classroomOmni","1"
"55x_45y_14.089m_classroomOmni_2.wav","test","14.089","55","45","classroomOmni","2"
"55x_45y_14.089m_classroomOmni_3.wav","test","14.089","55","45","classroomOmni","3"
"55x_45y_14.089m_classroomOmni_4.wav","test","14.089","55","45","classroomOmni","4"
"55x_5y_12.748m_classroomOmni_0.wav","test","12.748","55","5","classroomOmni","0"
"55x_5y_12.748m_classroomOmni_1.wav","test","12.748","55","5","classroomOmni","1"
"55x_5y_12.748m_classroomOmni_2.wav","test","12.748","55","5","classroomOmni","2"
"55x_5y_12.748m_classroomOmni_3.wav","test","12.748","55","5","classroomOmni","3"
"55x_5y_12.748m_classroomOmni_4.wav","test","12.748","55","5","classroomOmni","4"
"5x_0y_12.659m_classroomOmni_0.wav","test","12.659","5","0","classroomOmni","0"
"5x_0y_12.659m_classroomOmni_1.wav","test","12.659","5","0","classroomOmni","1"
"5x_0y_12.659m_classroomOmni_2.wav","test","12.659","5","0","classroomOmni","2"
"5x_0y_12.659m_classroomOmni_3.wav","test","12.659","5","0","classroomOmni","3"
"5x_0y_12.659m_classroomOmni_4.wav","test","12.659","5","0","classroomOmni","4"
"5x_10y_12.855m_classroomOmni_0.wav","test","12.855","5","10","classroomOmni","0"
"5x_10y_12.855m_classroomOmni_1.wav","test","12.855","5","10","classroomOmni","1"
"5x_10y_12.855m_classroomOmni_2.wav","test","12.855","5","10","classroomOmni","2"
"5x_10y_12.855m_classroomOmni_3.wav","test","12.855","5","10","classroomOmni","3"
"5x_10y_12.855m_classroomOmni_4.wav","test","12.855","5","10","classroomOmni","4"
"5x_15y_12.981m_classroomOmni_0.wav","test","12.981","5","15","classroomOmni","0"
"5x_15y_12.981m_classroomOmni_1.wav","test","12.981","5","15","classroomOmni","1"
"5x_15y_12.981m_classroomOmni_2.wav","test","12.981","5","15","classroomOmni","2"
"5x_15y_12.981m_classroomOmni_3.wav","test","12.981","5","15","classroomOmni","3"
"5x_15y_12.981m_classroomOmni_4.wav","test","12.981","5","15","classroomOmni","4"
"5x_20y_13.124m_classroomOmni_0.wav","test","13.124","5","20","classroomOmni","0"
"5x_20y_13.124m_classroomOmni_1.wav","test","13.124","5","20","classroomOmni","1"
"5x_20y_13.124m_classroomOmni_2.wav","test","13.124","5","20","classroomOmni","2"
"5x_20y_13.124m_classroomOmni_3.wav","test","13.124","5","20","classroomOmni","3"
"5x_20y_13.124m_classroomOmni_4.wav","test","13.124","5","20","classroomOmni","4"
"5x_25y_13.285m_classroomOmni_0.wav","test","13.285","5","25","classroomOmni","0"
"5x_25y_13.285m_classroomOmni_1.wav","test","13.285","5","25","classroomOmni","1"
"5x_25y_13.285m_classroomOmni_2.wav","test","13.285","5","25","classroomOmni","2"
"5x_25y_13.285m_classroomOmni_3.wav","test","13.285","5","25","classroomOmni","3"
"5x_25y_13.285m_classroomOmni_4.wav","test","13.285","5","25","classroomOmni","4"
"5x_30y_13.463m_classroomOmni_0.wav","test","13.463","5","30","classroomOmni","0"
"5x_30y_13.463m_classroomOmni_1.wav","test","13.463","5","30","classroomOmni","1"
"5x_30y_13.463m_classroomOmni_2.wav","test","13.463","5","30","classroomOmni","2"
"5x_30y_13.463m_classroomOmni_3.wav","test","13.463","5","30","classroomOmni","3"
"5x_30y_13.463m_classroomOmni_4.wav","test","13.463","5","30","classroomOmni","4"
"5x_35y_13.657m_classroomOmni_0.wav","test","13.657","5","35","classroomOmni","0"
"5x_35y_13.657m_classroomOmni_1.wav","test","13.657","5","35","classroomOmni","1"
"5x_35y_13.657m_classroomOmni_2.wav","test","13.657","5","35","classroomOmni","2"
"5x_35y_13.657m_classroomOmni_3.wav","test","13.657","5","35","classroomOmni","3"
"5x_35y_13.657m_classroomOmni_4.wav","test","13.657","5","35","classroomOmni","4"
"5x_40y_13.865m_classroomOmni_0.wav","test","13.865","5","40","classroomOmni","0"
"5x_40y_13.865m_classroomOmni_1.wav","test","13.865","5","40","classroomOmni","1"
"5x_40y_13.865m_classroomOmni_2.wav","test","13.865","5","40","classroomOmni","2"
"5x_40y_13.865m_classroomOmni_3.wav","test","13.865","5","40","classroomOmni","3"
"5x_40y_13.865m_classroomOmni_4.wav","test","13.865","5","40","classroomOmni","4"
"5x_45y_14.089m_classroomOmni_0.wav","test","14.089","5","45","classroomOmni","0"
"5x_45y_14.089m_classroomOmni_1.wav","test","14.089","5","45","classroomOmni","1"
"5x_45y_14.089m_classroomOmni_2.wav","test","14.089","5","45","classroomOmni","2"
"5x_45y_14.089m_classroomOmni_3.wav","test","14.089","5","45","classroomOmni","3"
"5x_45y_14.089m_classroomOmni_4.wav","test","14.089","5","45","classroomOmni","4"
"5x_5y_12.748m_classroomOmni_0.wav","test","12.748","5","5","classroomOmni","0"
"5x_5y_12.748m_classroomOmni_1.wav","test","12.748","5","5","classroomOmni","1"
"5x_5y_12.748m_classroomOmni_2.wav","test","12.748","5","5","classroomOmni","2"
"5x_5y_12.748m_classroomOmni_3.wav","test","12.748","5","5","classroomOmni","3"
"5x_5y_12.748m_classroomOmni_4.wav","test","12.748","5","5","classroomOmni","4"
"9x_0y_3.606m_greathallOmni_0.wav","test","3.606","9","0","greathallOmni","0"
"9x_0y_3.606m_greathallOmni_1.wav","test","3.606","9","0","greathallOmni","1"
"9x_0y_3.606m_greathallOmni_2.wav","test","3.606","9","0","greathallOmni","2"
"9x_0y_3.606m_greathallOmni_3.wav","test","3.606","9","0","greathallOmni","3"
"9x_0y_3.606m_greathallOmni_4.wav","test","3.606","9","0","greathallOmni","4"
"9x_10y_12.369m_greathallOmni_0.wav","test","12.369","9","10","greathallOmni","0"
"9x_10y_12.369m_greathallOmni_1.wav","test","12.369","9","10","greathallOmni","1"
"9x_10y_12.369m_greathallOmni_2.wav","test","12.369","9","10","greathallOmni","2"
"9x_10y_12.369m_greathallOmni_3.wav","test","12.369","9","10","greathallOmni","3"
"9x_10y_12.369m_greathallOmni_4.wav","test","12.369","9","10","greathallOmni","4"
"9x_11y_13.342m_greathallOmni_0.wav","test","13.342","9","11","greathallOmni","0"
"9x_11y_13.342m_greathallOmni_1.wav","test","13.342","9","11","greathallOmni","1"
"9x_11y_13.342m_greathallOmni_2.wav","test","13.342","9","11","greathallOmni","2"
"9x_11y_13.342m_greathallOmni_3.wav","test","13.342","9","11","greathallOmni","3"
"9x_11y_13.342m_greathallOmni_4.wav","test","13.342","9","11","greathallOmni","4"
"9x_12y_14.318m_greathallOmni_0.wav","test","14.318","9","12","greathallOmni","0"
"9x_12y_14.318m_greathallOmni_1.wav","test","14.318","9","12","greathallOmni","1"
"9x_12y_14.318m_greathallOmni_2.wav","test","14.318","9","12","greathallOmni","2"
"9x_12y_14.318m_greathallOmni_3.wav","test","14.318","9","12","greathallOmni","3"
"9x_12y_14.318m_greathallOmni_4.wav","test","14.318","9","12","greathallOmni","4"
"9x_1y_4.243m_greathallOmni_0.wav","test","4.243","9","1","greathallOmni","0"
"9x_1y_4.243m_greathallOmni_1.wav","test","4.243","9","1","greathallOmni","1"
"9x_1y_4.243m_greathallOmni_2.wav","test","4.243","9","1","greathallOmni","2"
"9x_1y_4.243m_greathallOmni_3.wav","test","4.243","9","1","greathallOmni","3"
"9x_1y_4.243m_greathallOmni_4.wav","test","4.243","9","1","greathallOmni","4"
"9x_2y_5.000m_greathallOmni_0.wav","test","5","9","2","greathallOmni","0"
"9x_2y_5.000m_greathallOmni_1.wav","test","5","9","2","greathallOmni","1"
"9x_2y_5.000m_greathallOmni_2.wav","test","5","9","2","greathallOmni","2"
"9x_2y_5.000m_greathallOmni_3.wav","test","5","9","2","greathallOmni","3"
"9x_2y_5.000m_greathallOmni_4.wav","test","5","9","2","greathallOmni","4"
"9x_3y_5.831m_greathallOmni_0.wav","test","5.831","9","3","greathallOmni","0"
"9x_3y_5.831m_greathallOmni_1.wav","test","5.831","9","3","greathallOmni","1"
"9x_3y_5.831m_greathallOmni_2.wav","test","5.831","9","3","greathallOmni","2"
"9x_3y_5.831m_greathallOmni_3.wav","test","5.831","9","3","greathallOmni","3"
"9x_3y_5.831m_greathallOmni_4.wav","test","5.831","9","3","greathallOmni","4"
"9x_4y_6.708m_greathallOmni_0.wav","test","6.708","9","4","greathallOmni","0"
"9x_4y_6.708m_greathallOmni_1.wav","test","6.708","9","4","greathallOmni","1"
"9x_4y_6.708m_greathallOmni_2.wav","test","6.708","9","4","greathallOmni","2"
"9x_4y_6.708m_greathallOmni_3.wav","test","6.708","9","4","greathallOmni","3"
"9x_4y_6.708m_greathallOmni_4.wav","test","6.708","9","4","greathallOmni","4"
"9x_5y_7.616m_greathallOmni_0.wav","test","7.616","9","5","greathallOmni","0"
"9x_5y_7.616m_greathallOmni_1.wav","test","7.616","9","5","greathallOmni","1"
"9x_5y_7.616m_greathallOmni_2.wav","test","7.616","9","5","greathallOmni","2"
"9x_5y_7.616m_greathallOmni_3.wav","test","7.616","9","5","greathallOmni","3"
"9x_5y_7.616m_greathallOmni_4.wav","test","7.616","9","5","greathallOmni","4"
"9x_6y_8.544m_greathallOmni_0.wav","test","8.544","9","6","greathallOmni","0"
"9x_6y_8.544m_greathallOmni_1.wav","test","8.544","9","6","greathallOmni","1"
"9x_6y_8.544m_greathallOmni_2.wav","test","8.544","9","6","greathallOmni","2"
"9x_6y_8.544m_greathallOmni_3.wav","test","8.544","9","6","greathallOmni","3"
"9x_6y_8.544m_greathallOmni_4.wav","test","8.544","9","6","greathallOmni","4"
"9x_7y_9.487m_greathallOmni_0.wav","test","9.487","9","7","greathallOmni","0"
"9x_7y_9.487m_greathallOmni_1.wav","test","9.487","9","7","greathallOmni","1"
"9x_7y_9.487m_greathallOmni_2.wav","test","9.487","9","7","greathallOmni","2"
"9x_7y_9.487m_greathallOmni_3.wav","test","9.487","9","7","greathallOmni","3"
"9x_7y_9.487m_greathallOmni_4.wav","test","9.487","9","7","greathallOmni","4"
"9x_8y_10.440m_greathallOmni_0.wav","test","10.44","9","8","greathallOmni","0"
"9x_8y_10.440m_greathallOmni_1.wav","test","10.44","9","8","greathallOmni","1"
"9x_8y_10.440m_greathallOmni_2.wav","test","10.44","9","8","greathallOmni","2"
"9x_8y_10.440m_greathallOmni_3.wav","test","10.44","9","8","greathallOmni","3"
"9x_8y_10.440m_greathallOmni_4.wav","test","10.44","9","8","greathallOmni","4"
"9x_9y_11.402m_greathallOmni_0.wav","test","11.402","9","9","greathallOmni","0"
"9x_9y_11.402m_greathallOmni_1.wav","test","11.402","9","9","greathallOmni","1"
"9x_9y_11.402m_greathallOmni_2.wav","test","11.402","9","9","greathallOmni","2"
"9x_9y_11.402m_greathallOmni_3.wav","test","11.402","9","9","greathallOmni","3"
"9x_9y_11.402m_greathallOmni_4.wav","test","11.402","9","9","greathallOmni","4"
"0x_0y_15.133m_classroomOmni_0.wav","train","15.133","0","0","classroomOmni","0"
"0x_0y_15.133m_classroomOmni_1.wav","train","15.133","0","0","classroomOmni","1"
"0x_0y_15.133m_classroomOmni_2.wav","train","15.133","0","0","classroomOmni","2"
"0x_0y_15.133m_classroomOmni_3.wav","train","15.133","0","0","classroomOmni","3"
"0x_0y_15.133m_classroomOmni_4.wav","train","15.133","0","0","classroomOmni","4"
"0x_0y_6.325m_octagonOmni_0.wav","train","6.325","0","0","octagonOmni","0"
"0x_0y_6.325m_octagonOmni_1.wav","train","6.325","0","0","octagonOmni","1"
"0x_0y_6.325m_octagonOmni_2.wav","train","6.325","0","0","octagonOmni","2"
"0x_0y_6.325m_octagonOmni_3.wav","train","6.325","0","0","octagonOmni","3"
"0x_0y_6.325m_octagonOmni_4.wav","train","6.325","0","0","octagonOmni","4"
"0x_10y_13.416m_octagonOmni_0.wav","train","13.416","0","10","octagonOmni","0"
"0x_10y_13.416m_octagonOmni_1.wav","train","13.416","0","10","octagonOmni","1"
"0x_10y_13.416m_octagonOmni_2.wav","train","13.416","0","10","octagonOmni","2"
"0x_10y_13.416m_octagonOmni_3.wav","train","13.416","0","10","octagonOmni","3"
"0x_10y_13.416m_octagonOmni_4.wav","train","13.416","0","10","octagonOmni","4"
"0x_10y_15.297m_classroomOmni_0.wav","train","15.297","0","10","classroomOmni","0"
"0x_10y_15.297m_classroomOmni_1.wav","train","15.297","0","10","classroomOmni","1"
"0x_10y_15.297m_classroomOmni_2.wav","train","15.297","0","10","classroomOmni","2"
"0x_10y_15.297m_classroomOmni_3.wav","train","15.297","0","10","classroomOmni","3"
"0x_10y_15.297m_classroomOmni_4.wav","train","15.297","0","10","classroomOmni","4"
"0x_11y_14.318m_octagonOmni_0.wav","train","14.318","0","11","octagonOmni","0"
"0x_11y_14.318m_octagonOmni_1.wav","train","14.318","0","11","octagonOmni","1"
"0x_11y_14.318m_octagonOmni_2.wav","train","14.318","0","11","octagonOmni","2"
"0x_11y_14.318m_octagonOmni_3.wav","train","14.318","0","11","octagonOmni","3"
"0x_11y_14.318m_octagonOmni_4.wav","train","14.318","0","11","octagonOmni","4"
"0x_12y_15.232m_octagonOmni_0.wav","train","15.232","0","12","octagonOmni","0"
"0x_12y_15.232m_octagonOmni_1.wav","train","15.232","0","12","octagonOmni","1"
"0x_12y_15.232m_octagonOmni_2.wav","train","15.232","0","12","octagonOmni","2"
"0x_12y_15.232m_octagonOmni_3.wav","train","15.232","0","12","octagonOmni","3"
"0x_12y_15.232m_octagonOmni_4.wav","train","15.232","0","12","octagonOmni","4"
"0x_15y_15.403m_classroomOmni_0.wav","train","15.403","0","15","classroomOmni","0"
"0x_15y_15.403m_classroomOmni_1.wav","train","15.403","0","15","classroomOmni","1"
"0x_15y_15.403m_classroomOmni_2.wav","train","15.403","0","15","classroomOmni","2"
"0x_15y_15.403m_classroomOmni_3.wav","train","15.403","0","15","classroomOmni","3"
"0x_15y_15.403m_classroomOmni_4.wav","train","15.403","0","15","classroomOmni","4"
"0x_1y_6.708m_octagonOmni_0.wav","train","6.708","0","1","octagonOmni","0"
"0x_1y_6.708m_octagonOmni_1.wav","train","6.708","0","1","octagonOmni","1"
"0x_1y_6.708m_octagonOmni_2.wav","train","6.708","0","1","octagonOmni","2"
"0x_1y_6.708m_octagonOmni_3.wav","train","6.708","0","1","octagonOmni","3"
"0x_1y_6.708m_octagonOmni_4.wav","train","6.708","0","1","octagonOmni","4"
"0x_20y_15.524m_classroomOmni_0.wav","train","15.524","0","20","classroomOmni","0"
"0x_20y_15.524m_classroomOmni_1.wav","train","15.524","0","20","classroomOmni","1"
"0x_20y_15.524m_classroomOmni_2.wav","train","15.524","0","20","classroomOmni","2"
"0x_20y_15.524m_classroomOmni_3.wav","train","15.524","0","20","classroomOmni","3"
"0x_20y_15.524m_classroomOmni_4.wav","train","15.524","0","20","classroomOmni","4"
"0x_25y_15.660m_classroomOmni_0.wav","train","15.66","0","25","classroomOmni","0"
"0x_25y_15.660m_classroomOmni_1.wav","train","15.66","0","25","classroomOmni","1"
"0x_25y_15.660m_classroomOmni_2.wav","train","15.66","0","25","classroomOmni","2"
"0x_25y_15.660m_classroomOmni_3.wav","train","15.66","0","25","classroomOmni","3"
"0x_25y_15.660m_classroomOmni_4.wav","train","15.66","0","25","classroomOmni","4"
"0x_2y_7.211m_octagonOmni_0.wav","train","7.211","0","2","octagonOmni","0"
"0x_2y_7.211m_octagonOmni_1.wav","train","7.211","0","2","octagonOmni","1"
"0x_2y_7.211m_octagonOmni_2.wav","train","7.211","0","2","octagonOmni","2"
"0x_2y_7.211m_octagonOmni_3.wav","train","7.211","0","2","octagonOmni","3"
"0x_2y_7.211m_octagonOmni_4.wav","train","7.211","0","2","octagonOmni","4"
"0x_30y_15.811m_classroomOmni_0.wav","train","15.811","0","30","classroomOmni","0"
"0x_30y_15.811m_classroomOmni_1.wav","train","15.811","0","30","classroomOmni","1"
"0x_30y_15.811m_classroomOmni_2.wav","train","15.811","0","30","classroomOmni","2"
"0x_30y_15.811m_classroomOmni_3.wav","train","15.811","0","30","classroomOmni","3"
"0x_30y_15.811m_classroomOmni_4.wav","train","15.811","0","30","classroomOmni","4"
"0x_35y_15.977m_classroomOmni_0.wav","train","15.977","0","35","classroomOmni","0"
"0x_35y_15.977m_classroomOmni_1.wav","train","15.977","0","35","classroomOmni","1"
"0x_35y_15.977m_classroomOmni_2.wav","train","15.977","0","35","classroomOmni","2"
"0x_35y_15.977m_classroomOmni_3.wav","train","15.977","0","35","classroomOmni","3"
"0x_35y_15.977m_classroomOmni_4.wav","train","15.977","0","35","classroomOmni","4"
"0x_3y_7.810m_octagonOmni_0.wav","train","7.81","0","3","octagonOmni","0"
"0x_3y_7.810m_octagonOmni_1.wav","train","7.81","0","3","octagonOmni","1"
"0x_3y_7.810m_octagonOmni_2.wav","train","7.81","0","3","octagonOmni","2"
"0x_3y_7.810m_octagonOmni_3.wav","train","7.81","0","3","octagonOmni","3"
"0x_3y_7.810m_octagonOmni_4.wav","train","7.81","0","3","octagonOmni","4"
"0x_40y_16.155m_classroomOmni_0.wav","train","16.155","0","40","classroomOmni","0"
"0x_40y_16.155m_classroomOmni_1.wav","train","16.155","0","40","classroomOmni","1"
"0x_40y_16.155m_classroomOmni_2.wav","train","16.155","0","40","classroomOmni","2"
"0x_40y_16.155m_classroomOmni_3.wav","train","16.155","0","40","classroomOmni","3"
"0x_40y_16.155m_classroomOmni_4.wav","train","16.155","0","40","classroomOmni","4"
"0x_45y_16.348m_classroomOmni_0.wav","train","16.348","0","45","classroomOmni","0"
"0x_45y_16.348m_classroomOmni_1.wav","train","16.348","0","45","classroomOmni","1"
"0x_45y_16.348m_classroomOmni_2.wav","train","16.348","0","45","classroomOmni","2"
"0x_45y_16.348m_classroomOmni_3.wav","train","16.348","0","45","classroomOmni","3"
"0x_45y_16.348m_classroomOmni_4.wav","train","16.348","0","45","classroomOmni","4"
"0x_4y_8.485m_octagonOmni_0.wav","train","8.485","0","4","octagonOmni","0"
"0x_4y_8.485m_octagonOmni_1.wav","train","8.485","0","4","octagonOmni","1"
"0x_4y_8.485m_octagonOmni_2.wav","train","8.485","0","4","octagonOmni","2"
"0x_4y_8.485m_octagonOmni_3.wav","train","8.485","0","4","octagonOmni","3"
"0x_4y_8.485m_octagonOmni_4.wav","train","8.485","0","4","octagonOmni","4"
"0x_5y_15.207m_classroomOmni_0.wav","train","15.207","0","5","classroomOmni","0"
"0x_5y_15.207m_classroomOmni_1.wav","train","15.207","0","5","classroomOmni","1"
"0x_5y_15.207m_classroomOmni_2.wav","train","15.207","0","5","classroomOmni","2"
"0x_5y_15.207m_classroomOmni_3.wav","train","15.207","0","5","classroomOmni","3"
"0x_5y_15.207m_classroomOmni_4.wav","train","15.207","0","5","classroomOmni","4"
"0x_5y_9.220m_octagonOmni_0.wav","train","9.22","0","5","octagonOmni","0"
"0x_5y_9.220m_octagonOmni_1.wav","train","9.22","0","5","octagonOmni","1"
"0x_5y_9.220m_octagonOmni_2.wav","train","9.22","0","5","octagonOmni","2"
"0x_5y_9.220m_octagonOmni_3.wav","train","9.22","0","5","octagonOmni","3"
"0x_5y_9.220m_octagonOmni_4.wav","train","9.22","0","5","octagonOmni","4"
"0x_6y_10.000m_octagonOmni_0.wav","train","10","0","6","octagonOmni","0"
"0x_6y_10.000m_octagonOmni_1.wav","train","10","0","6","octagonOmni","1"
"0x_6y_10.000m_octagonOmni_2.wav","train","10","0","6","octagonOmni","2"
"0x_6y_10.000m_octagonOmni_3.wav","train","10","0","6","octagonOmni","3"
"0x_6y_10.000m_octagonOmni_4.wav","train","10","0","6","octagonOmni","4"
"0x_7y_10.817m_octagonOmni_0.wav","train","10.817","0","7","octagonOmni","0"
"0x_7y_10.817m_octagonOmni_1.wav","train","10.817","0","7","octagonOmni","1"
"0x_7y_10.817m_octagonOmni_2.wav","train","10.817","0","7","octagonOmni","2"
"0x_7y_10.817m_octagonOmni_3.wav","train","10.817","0","7","octagonOmni","3"
"0x_7y_10.817m_octagonOmni_4.wav","train","10.817","0","7","octagonOmni","4"
"0x_8y_11.662m_octagonOmni_0.wav","train","11.662","0","8","octagonOmni","0"
"0x_8y_11.662m_octagonOmni_1.wav","train","11.662","0","8","octagonOmni","1"
"0x_8y_11.662m_octagonOmni_2.wav","train","11.662","0","8","octagonOmni","2"
"0x_8y_11.662m_octagonOmni_3.wav","train","11.662","0","8","octagonOmni","3"
"0x_8y_11.662m_octagonOmni_4.wav","train","11.662","0","8","octagonOmni","4"
"0x_9y_12.530m_octagonOmni_0.wav","train","12.53","0","9","octagonOmni","0"
"0x_9y_12.530m_octagonOmni_1.wav","train","12.53","0","9","octagonOmni","1"
"0x_9y_12.530m_octagonOmni_2.wav","train","12.53","0","9","octagonOmni","2"
"0x_9y_12.530m_octagonOmni_3.wav","train","12.53","0","9","octagonOmni","3"
"0x_9y_12.530m_octagonOmni_4.wav","train","12.53","0","9","octagonOmni","4"
"10x_0y_4.472m_greathallOmni_0.wav","train","4.472","10","0","greathallOmni","0"
"10x_0y_4.472m_greathallOmni_1.wav","train","4.472","10","0","greathallOmni","1"
"10x_0y_4.472m_greathallOmni_2.wav","train","4.472","10","0","greathallOmni","2"
"10x_0y_4.472m_greathallOmni_3.wav","train","4.472","10","0","greathallOmni","3"
"10x_0y_4.472m_greathallOmni_4.wav","train","4.472","10","0","greathallOmni","4"
"10x_10y_12.649m_greathallOmni_0.wav","train","12.649","10","10","greathallOmni","0"
"10x_10y_12.649m_greathallOmni_1.wav","train","12.649","10","10","greathallOmni","1"
"10x_10y_12.649m_greathallOmni_2.wav","train","12.649","10","10","greathallOmni","2"
"10x_10y_12.649m_greathallOmni_3.wav","train","12.649","10","10","greathallOmni","3"
"10x_10y_12.649m_greathallOmni_4.wav","train","12.649","10","10","greathallOmni","4"
"10x_11y_13.601m_greathallOmni_0.wav","train","13.601","10","11","greathallOmni","0"
"10x_11y_13.601m_greathallOmni_1.wav","train","13.601","10","11","greathallOmni","1"
"10x_11y_13.601m_greathallOmni_2.wav","train","13.601","10","11","greathallOmni","2"
"10x_11y_13.601m_greathallOmni_3.wav","train","13.601","10","11","greathallOmni","3"
"10x_11y_13.601m_greathallOmni_4.wav","train","13.601","10","11","greathallOmni","4"
"10x_12y_14.560m_greathallOmni_0.wav","train","14.56","10","12","greathallOmni","0"
"10x_12y_14.560m_greathallOmni_1.wav","train","14.56","10","12","greathallOmni","1"
"10x_12y_14.560m_greathallOmni_2.wav","train","14.56","10","12","greathallOmni","2"
"10x_12y_14.560m_greathallOmni_3.wav","train","14.56","10","12","greathallOmni","3"
"10x_12y_14.560m_greathallOmni_4.wav","train","14.56","10","12","greathallOmni","4"
"10x_1y_5.000m_greathallOmni_0.wav","train","5","10","1","greathallOmni","0"
"10x_1y_5.000m_greathallOmni_1.wav","train","5","10","1","greathallOmni","1"
"10x_1y_5.000m_greathallOmni_2.wav","train","5","10","1","greathallOmni","2"
"10x_1y_5.000m_greathallOmni_3.wav","train","5","10","1","greathallOmni","3"
"10x_1y_5.000m_greathallOmni_4.wav","train","5","10","1","greathallOmni","4"
"10x_2y_5.657m_greathallOmni_0.wav","train","5.657","10","2","greathallOmni","0"
"10x_2y_5.657m_greathallOmni_1.wav","train","5.657","10","2","greathallOmni","1"
"10x_2y_5.657m_greathallOmni_2.wav","train","5.657","10","2","greathallOmni","2"
"10x_2y_5.657m_greathallOmni_3.wav","train","5.657","10","2","greathallOmni","3"
"10x_2y_5.657m_greathallOmni_4.wav","train","5.657","10","2","greathallOmni","4"
"10x_3y_6.403m_greathallOmni_0.wav","train","6.403","10","3","greathallOmni","0"
"10x_3y_6.403m_greathallOmni_1.wav","train","6.403","10","3","greathallOmni","1"
"10x_3y_6.403m_greathallOmni_2.wav","train","6.403","10","3","greathallOmni","2"
"10x_3y_6.403m_greathallOmni_3.wav","train","6.403","10","3","greathallOmni","3"
"10x_3y_6.403m_greathallOmni_4.wav","train","6.403","10","3","greathallOmni","4"
"10x_4y_7.211m_greathallOmni_0.wav","train","7.211","10","4","greathallOmni","0"
"10x_4y_7.211m_greathallOmni_1.wav","train","7.211","10","4","greathallOmni","1"
"10x_4y_7.211m_greathallOmni_2.wav","train","7.211","10","4","greathallOmni","2"
"10x_4y_7.211m_greathallOmni_3.wav","train","7.211","10","4","greathallOmni","3"
"10x_4y_7.211m_greathallOmni_4.wav","train","7.211","10","4","greathallOmni","4"
"10x_5y_8.062m_greathallOmni_0.wav","train","8.062","10","5","greathallOmni","0"
"10x_5y_8.062m_greathallOmni_1.wav","train","8.062","10","5","greathallOmni","1"
"10x_5y_8.062m_greathallOmni_2.wav","train","8.062","10","5","greathallOmni","2"
"10x_5y_8.062m_greathallOmni_3.wav","train","8.062","10","5","greathallOmni","3"
"10x_5y_8.062m_greathallOmni_4.wav","train","8.062","10","5","greathallOmni","4"
"10x_6y_8.944m_greathallOmni_0.wav","train","8.944","10","6","greathallOmni","0"
"10x_6y_8.944m_greathallOmni_1.wav","train","8.944","10","6","greathallOmni","1"
"10x_6y_8.944m_greathallOmni_2.wav","train","8.944","10","6","greathallOmni","2"
"10x_6y_8.944m_greathallOmni_3.wav","train","8.944","10","6","greathallOmni","3"
"10x_6y_8.944m_greathallOmni_4.wav","train","8.944","10","6","greathallOmni","4"
"10x_7y_9.849m_greathallOmni_0.wav","train","9.849","10","7","greathallOmni","0"
"10x_7y_9.849m_greathallOmni_1.wav","train","9.849","10","7","greathallOmni","1"
"10x_7y_9.849m_greathallOmni_2.wav","train","9.849","10","7","greathallOmni","2"
"10x_7y_9.849m_greathallOmni_3.wav","train","9.849","10","7","greathallOmni","3"
"10x_7y_9.849m_greathallOmni_4.wav","train","9.849","10","7","greathallOmni","4"
"10x_8y_10.770m_greathallOmni_0.wav","train","10.77","10","8","greathallOmni","0"
"10x_8y_10.770m_greathallOmni_1.wav","train","10.77","10","8","greathallOmni","1"
"10x_8y_10.770m_greathallOmni_2.wav","train","10.77","10","8","greathallOmni","2"
"10x_8y_10.770m_greathallOmni_3.wav","train","10.77","10","8","greathallOmni","3"
"10x_8y_10.770m_greathallOmni_4.wav","train","10.77","10","8","greathallOmni","4"
"10x_9y_11.705m_greathallOmni_0.wav","train","11.705","10","9","greathallOmni","0"
"10x_9y_11.705m_greathallOmni_1.wav","train","11.705","10","9","greathallOmni","1"
"10x_9y_11.705m_greathallOmni_2.wav","train","11.705","10","9","greathallOmni","2"
"10x_9y_11.705m_greathallOmni_3.wav","train","11.705","10","9","greathallOmni","3"
"10x_9y_11.705m_greathallOmni_4.wav","train","11.705","10","9","greathallOmni","4"
"11x_0y_5.385m_greathallOmni_0.wav","train","5.385","11","0","greathallOmni","0"
"11x_0y_5.385m_greathallOmni_1.wav","train","5.385","11","0","greathallOmni","1"
"11x_0y_5.385m_greathallOmni_2.wav","train","5.385","11","0","greathallOmni","2"
"11x_0y_5.385m_greathallOmni_3.wav","train","5.385","11","0","greathallOmni","3"
"11x_0y_5.385m_greathallOmni_4.wav","train","5.385","11","0","greathallOmni","4"
"11x_10y_13.000m_greathallOmni_0.wav","train","13","11","10","greathallOmni","0"
"11x_10y_13.000m_greathallOmni_1.wav","train","13","11","10","greathallOmni","1"
"11x_10y_13.000m_greathallOmni_2.wav","train","13","11","10","greathallOmni","2"
"11x_10y_13.000m_greathallOmni_3.wav","train","13","11","10","greathallOmni","3"
"11x_10y_13.000m_greathallOmni_4.wav","train","13","11","10","greathallOmni","4"
"11x_11y_13.928m_greathallOmni_0.wav","train","13.928","11","11","greathallOmni","0"
"11x_11y_13.928m_greathallOmni_1.wav","train","13.928","11","11","greathallOmni","1"
"11x_11y_13.928m_greathallOmni_2.wav","train","13.928","11","11","greathallOmni","2"
"11x_11y_13.928m_greathallOmni_3.wav","train","13.928","11","11","greathallOmni","3"
"11x_11y_13.928m_greathallOmni_4.wav","train","13.928","11","11","greathallOmni","4"
"11x_12y_14.866m_greathallOmni_0.wav","train","14.866","11","12","greathallOmni","0"
"11x_12y_14.866m_greathallOmni_1.wav","train","14.866","11","12","greathallOmni","1"
"11x_12y_14.866m_greathallOmni_2.wav","train","14.866","11","12","greathallOmni","2"
"11x_12y_14.866m_greathallOmni_3.wav","train","14.866","11","12","greathallOmni","3"
"11x_12y_14.866m_greathallOmni_4.wav","train","14.866","11","12","greathallOmni","4"
"11x_1y_5.831m_greathallOmni_0.wav","train","5.831","11","1","greathallOmni","0"
"11x_1y_5.831m_greathallOmni_1.wav","train","5.831","11","1","greathallOmni","1"
"11x_1y_5.831m_greathallOmni_2.wav","train","5.831","11","1","greathallOmni","2"
"11x_1y_5.831m_greathallOmni_3.wav","train","5.831","11","1","greathallOmni","3"
"11x_1y_5.831m_greathallOmni_4.wav","train","5.831","11","1","greathallOmni","4"
"11x_2y_6.403m_greathallOmni_0.wav","train","6.403","11","2","greathallOmni","0"
"11x_2y_6.403m_greathallOmni_1.wav","train","6.403","11","2","greathallOmni","1"
"11x_2y_6.403m_greathallOmni_2.wav","train","6.403","11","2","greathallOmni","2"
"11x_2y_6.403m_greathallOmni_3.wav","train","6.403","11","2","greathallOmni","3"
"11x_2y_6.403m_greathallOmni_4.wav","train","6.403","11","2","greathallOmni","4"
"11x_3y_7.071m_greathallOmni_0.wav","train","7.071","11","3","greathallOmni","0"
"11x_3y_7.071m_greathallOmni_1.wav","train","7.071","11","3","greathallOmni","1"
"11x_3y_7.071m_greathallOmni_2.wav","train","7.071","11","3","greathallOmni","2"
"11x_3y_7.071m_greathallOmni_3.wav","train","7.071","11","3","greathallOmni","3"
"11x_3y_7.071m_greathallOmni_4.wav","train","7.071","11","3","greathallOmni","4"
"11x_4y_7.810m_greathallOmni_0.wav","train","7.81","11","4","greathallOmni","0"
"11x_4y_7.810m_greathallOmni_1.wav","train","7.81","11","4","greathallOmni","1"
"11x_4y_7.810m_greathallOmni_2.wav","train","7.81","11","4","greathallOmni","2"
"11x_4y_7.810m_greathallOmni_3.wav","train","7.81","11","4","greathallOmni","3"
"11x_4y_7.810m_greathallOmni_4.wav","train","7.81","11","4","greathallOmni","4"
"11x_5y_8.602m_greathallOmni_0.wav","train","8.602","11","5","greathallOmni","0"
"11x_5y_8.602m_greathallOmni_1.wav","train","8.602","11","5","greathallOmni","1"
"11x_5y_8.602m_greathallOmni_2.wav","train","8.602","11","5","greathallOmni","2"
"11x_5y_8.602m_greathallOmni_3.wav","train","8.602","11","5","greathallOmni","3"
"11x_5y_8.602m_greathallOmni_4.wav","train","8.602","11","5","greathallOmni","4"
"11x_6y_9.434m_greathallOmni_0.wav","train","9.434","11","6","greathallOmni","0"
"11x_6y_9.434m_greathallOmni_1.wav","train","9.434","11","6","greathallOmni","1"
"11x_6y_9.434m_greathallOmni_2.wav","train","9.434","11","6","greathallOmni","2"
"11x_6y_9.434m_greathallOmni_3.wav","train","9.434","11","6","greathallOmni","3"
"11x_6y_9.434m_greathallOmni_4.wav","train","9.434","11","6","greathallOmni","4"
"11x_7y_10.296m_greathallOmni_0.wav","train","10.296","11","7","greathallOmni","0"
"11x_7y_10.296m_greathallOmni_1.wav","train","10.296","11","7","greathallOmni","1"
"11x_7y_10.296m_greathallOmni_2.wav","train","10.296","11","7","greathallOmni","2"
"11x_7y_10.296m_greathallOmni_3.wav","train","10.296","11","7","greathallOmni","3"
"11x_7y_10.296m_greathallOmni_4.wav","train","10.296","11","7","greathallOmni","4"
"11x_8y_11.180m_greathallOmni_0.wav","train","11.18","11","8","greathallOmni","0"
"11x_8y_11.180m_greathallOmni_1.wav","train","11.18","11","8","greathallOmni","1"
"11x_8y_11.180m_greathallOmni_2.wav","train","11.18","11","8","greathallOmni","2"
"11x_8y_11.180m_greathallOmni_3.wav","train","11.18","11","8","greathallOmni","3"
"11x_8y_11.180m_greathallOmni_4.wav","train","11.18","11","8","greathallOmni","4"
"11x_9y_12.083m_greathallOmni_0.wav","train","12.083","11","9","greathallOmni","0"
"11x_9y_12.083m_greathallOmni_1.wav","train","12.083","11","9","greathallOmni","1"
"11x_9y_12.083m_greathallOmni_2.wav","train","12.083","11","9","greathallOmni","2"
"11x_9y_12.083m_greathallOmni_3.wav","train","12.083","11","9","greathallOmni","3"
"11x_9y_12.083m_greathallOmni_4.wav","train","12.083","11","9","greathallOmni","4"
"12x_0y_6.325m_greathallOmni_0.wav","train","6.325","12","0","greathallOmni","0"
"12x_0y_6.325m_greathallOmni_1.wav","train","6.325","12","0","greathallOmni","1"
"12x_0y_6.325m_greathallOmni_2.wav","train","6.325","12","0","greathallOmni","2"
"12x_0y_6.325m_greathallOmni_3.wav","train","6.325","12","0","greathallOmni","3"
"12x_0y_6.325m_greathallOmni_4.wav","train","6.325","12","0","greathallOmni","4"
"12x_10y_13.416m_greathallOmni_0.wav","train","13.416","12","10","greathallOmni","0"
"12x_10y_13.416m_greathallOmni_1.wav","train","13.416","12","10","greathallOmni","1"
"12x_10y_13.416m_greathallOmni_2.wav","train","13.416","12","10","greathallOmni","2"
"12x_10y_13.416m_greathallOmni_3.wav","train","13.416","12","10","greathallOmni","3"
"12x_10y_13.416m_greathallOmni_4.wav","train","13.416","12","10","greathallOmni","4"
"12x_11y_14.318m_greathallOmni_0.wav","train","14.318","12","11","greathallOmni","0"
"12x_11y_14.318m_greathallOmni_1.wav","train","14.318","12","11","greathallOmni","1"
"12x_11y_14.318m_greathallOmni_2.wav","train","14.318","12","11","greathallOmni","2"
"12x_11y_14.318m_greathallOmni_3.wav","train","14.318","12","11","greathallOmni","3"
"12x_11y_14.318m_greathallOmni_4.wav","train","14.318","12","11","greathallOmni","4"
"12x_12y_15.232m_greathallOmni_0.wav","train","15.232","12","12","greathallOmni","0"
"12x_12y_15.232m_greathallOmni_1.wav","train","15.232","12","12","greathallOmni","1"
"12x_12y_15.232m_greathallOmni_2.wav","train","15.232","12","12","greathallOmni","2"
"12x_12y_15.232m_greathallOmni_3.wav","train","15.232","12","12","greathallOmni","3"
"12x_12y_15.232m_greathallOmni_4.wav","train","15.232","12","12","greathallOmni","4"
"12x_1y_6.708m_greathallOmni_0.wav","train","6.708","12","1","greathallOmni","0"
"12x_1y_6.708m_greathallOmni_1.wav","train","6.708","12","1","greathallOmni","1"
"12x_1y_6.708m_greathallOmni_2.wav","train","6.708","12","1","greathallOmni","2"
"12x_1y_6.708m_greathallOmni_3.wav","train","6.708","12","1","greathallOmni","3"
"12x_1y_6.708m_greathallOmni_4.wav","train","6.708","12","1","greathallOmni","4"
"12x_2y_7.211m_greathallOmni_0.wav","train","7.211","12","2","greathallOmni","0"
"12x_2y_7.211m_greathallOmni_1.wav","train","7.211","12","2","greathallOmni","1"
"12x_2y_7.211m_greathallOmni_2.wav","train","7.211","12","2","greathallOmni","2"
"12x_2y_7.211m_greathallOmni_3.wav","train","7.211","12","2","greathallOmni","3"
"12x_2y_7.211m_greathallOmni_4.wav","train","7.211","12","2","greathallOmni","4"
"12x_3y_7.810m_greathallOmni_0.wav","train","7.81","12","3","greathallOmni","0"
"12x_3y_7.810m_greathallOmni_1.wav","train","7.81","12","3","greathallOmni","1"
"12x_3y_7.810m_greathallOmni_2.wav","train","7.81","12","3","greathallOmni","2"
"12x_3y_7.810m_greathallOmni_3.wav","train","7.81","12","3","greathallOmni","3"
"12x_3y_7.810m_greathallOmni_4.wav","train","7.81","12","3","greathallOmni","4"
"12x_4y_8.485m_greathallOmni_0.wav","train","8.485","12","4","greathallOmni","0"
"12x_4y_8.485m_greathallOmni_1.wav","train","8.485","12","4","greathallOmni","1"
"12x_4y_8.485m_greathallOmni_2.wav","train","8.485","12","4","greathallOmni","2"
"12x_4y_8.485m_greathallOmni_3.wav","train","8.485","12","4","greathallOmni","3"
"12x_4y_8.485m_greathallOmni_4.wav","train","8.485","12","4","greathallOmni","4"
"12x_5y_9.220m_greathallOmni_0.wav","train","9.22","12","5","greathallOmni","0"
"12x_5y_9.220m_greathallOmni_1.wav","train","9.22","12","5","greathallOmni","1"
"12x_5y_9.220m_greathallOmni_2.wav","train","9.22","12","5","greathallOmni","2"
"12x_5y_9.220m_greathallOmni_3.wav","train","9.22","12","5","greathallOmni","3"
"12x_5y_9.220m_greathallOmni_4.wav","train","9.22","12","5","greathallOmni","4"
"12x_6y_10.000m_greathallOmni_0.wav","train","10","12","6","greathallOmni","0"
"12x_6y_10.000m_greathallOmni_1.wav","train","10","12","6","greathallOmni","1"
"12x_6y_10.000m_greathallOmni_2.wav","train","10","12","6","greathallOmni","2"
"12x_6y_10.000m_greathallOmni_3.wav","train","10","12","6","greathallOmni","3"
"12x_6y_10.000m_greathallOmni_4.wav","train","10","12","6","greathallOmni","4"
"12x_7y_10.817m_greathallOmni_0.wav","train","10.817","12","7","greathallOmni","0"
"12x_7y_10.817m_greathallOmni_1.wav","train","10.817","12","7","greathallOmni","1"
"12x_7y_10.817m_greathallOmni_2.wav","train","10.817","12","7","greathallOmni","2"
"12x_7y_10.817m_greathallOmni_3.wav","train","10.817","12","7","greathallOmni","3"
"12x_7y_10.817m_greathallOmni_4.wav","train","10.817","12","7","greathallOmni","4"
"12x_8y_11.662m_greathallOmni_0.wav","train","11.662","12","8","greathallOmni","0"
"12x_8y_11.662m_greathallOmni_1.wav","train","11.662","12","8","greathallOmni","1"
"12x_8y_11.662m_greathallOmni_2.wav","train","11.662","12","8","greathallOmni","2"
"12x_8y_11.662m_greathallOmni_3.wav","train","11.662","12","8","greathallOmni","3"
"12x_8y_11.662m_greathallOmni_4.wav","train","11.662","12","8","greathallOmni","4"
"12x_9y_12.530m_greathallOmni_0.wav","train","12.53","12","9","greathallOmni","0"
"12x_9y_12.530m_greathallOmni_1.wav","train","12.53","12","9","greathallOmni","1"
"12x_9y_12.530m_greathallOmni_2.wav","train","12.53","12","9","greathallOmni","2"
"12x_9y_12.530m_greathallOmni_3.wav","train","12.53","12","9","greathallOmni","3"
"12x_9y_12.530m_greathallOmni_4.wav","train","12.53","12","9","greathallOmni","4"
"15x_0y_7.762m_classroomOmni_0.wav","train","7.762","15","0","classroomOmni","0"
"15x_0y_7.762m_classroomOmni_1.wav","train","7.762","15","0","classroomOmni","1"
"15x_0y_7.762m_classroomOmni_2.wav","train","7.762","15","0","classroomOmni","2"
"15x_0y_7.762m_classroomOmni_3.wav","train","7.762","15","0","classroomOmni","3"
"15x_0y_7.762m_classroomOmni_4.wav","train","7.762","15","0","classroomOmni","4"
"15x_10y_8.078m_classroomOmni_0.wav","train","8.078","15","10","classroomOmni","0"
"15x_10y_8.078m_classroomOmni_1.wav","train","8.078","15","10","classroomOmni","1"
"15x_10y_8.078m_classroomOmni_2.wav","train","8.078","15","10","classroomOmni","2"
"15x_10y_8.078m_classroomOmni_3.wav","train","8.078","15","10","classroomOmni","3"
"15x_10y_8.078m_classroomOmni_4.wav","train","8.078","15","10","classroomOmni","4"
"15x_15y_8.276m_classroomOmni_0.wav","train","8.276","15","15","classroomOmni","0"
"15x_15y_8.276m_classroomOmni_1.wav","train","8.276","15","15","classroomOmni","1"
"15x_15y_8.276m_classroomOmni_2.wav","train","8.276","15","15","classroomOmni","2"
"15x_15y_8.276m_classroomOmni_3.wav","train","8.276","15","15","classroomOmni","3"
"15x_15y_8.276m_classroomOmni_4.wav","train","8.276","15","15","classroomOmni","4"
"15x_20y_8.500m_classroomOmni_0.wav","train","8.5","15","20","classroomOmni","0"
"15x_20y_8.500m_classroomOmni_1.wav","train","8.5","15","20","classroomOmni","1"
"15x_20y_8.500m_classroomOmni_2.wav","train","8.5","15","20","classroomOmni","2"
"15x_20y_8.500m_classroomOmni_3.wav","train","8.5","15","20","classroomOmni","3"
"15x_20y_8.500m_classroomOmni_4.wav","train","8.5","15","20","classroomOmni","4"
"15x_25y_8.746m_classroomOmni_0.wav","train","8.746","15","25","classroomOmni","0"
"15x_25y_8.746m_classroomOmni_1.wav","train","8.746","15","25","classroomOmni","1"
"15x_25y_8.746m_classroomOmni_2.wav","train","8.746","15","25","classroomOmni","2"
"15x_25y_8.746m_classroomOmni_3.wav","train","8.746","15","25","classroomOmni","3"
"15x_25y_8.746m_classroomOmni_4.wav","train","8.746","15","25","classroomOmni","4"
"15x_30y_9.014m_classroomOmni_0.wav","train","9.014","15","30","classroomOmni","0"
"15x_30y_9.014m_classroomOmni_1.wav","train","9.014","15","30","classroomOmni","1"
"15x_30y_9.014m_classroomOmni_2.wav","train","9.014","15","30","classroomOmni","2"
"15x_30y_9.014m_classroomOmni_3.wav","train","9.014","15","30","classroomOmni","3"
"15x_30y_9.014m_classroomOmni_4.wav","train","9.014","15","30","classroomOmni","4"
"15x_35y_9.301m_classroomOmni_0.wav","train","9.301","15","35","classroomOmni","0"
"15x_35y_9.301m_classroomOmni_1.wav","train","9.301","15","35","classroomOmni","1"
"15x_35y_9.301m_classroomOmni_2.wav","train","9.301","15","35","classroomOmni","2"
"15x_35y_9.301m_classroomOmni_3.wav","train","9.301","15","35","classroomOmni","3"
"15x_35y_9.301m_classroomOmni_4.wav","train","9.301","15","35","classroomOmni","4"
"15x_40y_9.605m_classroomOmni_0.wav","train","9.605","15","40","classroomOmni","0"
"15x_40y_9.605m_classroomOmni_1.wav","train","9.605","15","40","classroomOmni","1"
"15x_40y_9.605m_classroomOmni_2.wav","train","9.605","15","40","classroomOmni","2"
"15x_40y_9.605m_classroomOmni_3.wav","train","9.605","15","40","classroomOmni","3"
"15x_40y_9.605m_classroomOmni_4.wav","train","9.605","15","40","classroomOmni","4"
"15x_45y_9.925m_classroomOmni_0.wav","train","9.925","15","45","classroomOmni","0"
"15x_45y_9.925m_classroomOmni_1.wav","train","9.925","15","45","classroomOmni","1"
"15x_45y_9.925m_classroomOmni_2.wav","train","9.925","15","45","classroomOmni","2"
"15x_45y_9.925m_classroomOmni_3.wav","train","9.925","15","45","classroomOmni","3"
"15x_45y_9.925m_classroomOmni_4.wav","train","9.925","15","45","classroomOmni","4"
"15x_5y_7.906m_classroomOmni_0.wav","train","7.906","15","5","classroomOmni","0"
"15x_5y_7.906m_classroomOmni_1.wav","train","7.906","15","5","classroomOmni","1"
"15x_5y_7.906m_classroomOmni_2.wav","train","7.906","15","5","classroomOmni","2"
"15x_5y_7.906m_classroomOmni_3.wav","train","7.906","15","5","classroomOmni","3"
"15x_5y_7.906m_classroomOmni_4.wav","train","7.906","15","5","classroomOmni","4"
"1x_0y_5.385m_greathallOmni_0.wav","train","5.385","1","0","greathallOmni","0"
"1x_0y_5.385m_greathallOmni_1.wav","train","5.385","1","0","greathallOmni","1"
"1x_0y_5.385m_greathallOmni_2.wav","train","5.385","1","0","greathallOmni","2"
"1x_0y_5.385m_greathallOmni_3.wav","train","5.385","1","0","greathallOmni","3"
"1x_0y_5.385m_greathallOmni_4.wav","train","5.385","1","0","greathallOmni","4"
"1x_0y_5.385m_octagonOmni_0.wav","train","5.385","1","0","octagonOmni","0"
"1x_0y_5.385m_octagonOmni_1.wav","train","5.385","1","0","octagonOmni","1"
"1x_0y_5.385m_octagonOmni_2.wav","train","5.385","1","0","octagonOmni","2"
"1x_0y_5.385m_octagonOmni_3.wav","train","5.385","1","0","octagonOmni","3"
"1x_0y_5.385m_octagonOmni_4.wav","train","5.385","1","0","octagonOmni","4"
"1x_10y_13.000m_greathallOmni_0.wav","train","13","1","10","greathallOmni","0"
"1x_10y_13.000m_greathallOmni_1.wav","train","13","1","10","greathallOmni","1"
"1x_10y_13.000m_greathallOmni_2.wav","train","13","1","10","greathallOmni","2"
"1x_10y_13.000m_greathallOmni_3.wav","train","13","1","10","greathallOmni","3"
"1x_10y_13.000m_greathallOmni_4.wav","train","13","1","10","greathallOmni","4"
"1x_10y_13.000m_octagonOmni_0.wav","train","13","1","10","octagonOmni","0"
"1x_10y_13.000m_octagonOmni_1.wav","train","13","1","10","octagonOmni","1"
"1x_10y_13.000m_octagonOmni_2.wav","train","13","1","10","octagonOmni","2"
"1x_10y_13.000m_octagonOmni_3.wav","train","13","1","10","octagonOmni","3"
"1x_10y_13.000m_octagonOmni_4.wav","train","13","1","10","octagonOmni","4"
"1x_11y_13.928m_greathallOmni_0.wav","train","13.928","1","11","greathallOmni","0"
"1x_11y_13.928m_greathallOmni_1.wav","train","13.928","1","11","greathallOmni","1"
"1x_11y_13.928m_greathallOmni_2.wav","train","13.928","1","11","greathallOmni","2"
"1x_11y_13.928m_greathallOmni_3.wav","train","13.928","1","11","greathallOmni","3"
"1x_11y_13.928m_greathallOmni_4.wav","train","13.928","1","11","greathallOmni","4"
"1x_11y_13.928m_octagonOmni_0.wav","train","13.928","1","11","octagonOmni","0"
"1x_11y_13.928m_octagonOmni_1.wav","train","13.928","1","11","octagonOmni","1"
"1x_11y_13.928m_octagonOmni_2.wav","train","13.928","1","11","octagonOmni","2"
"1x_11y_13.928m_octagonOmni_3.wav","train","13.928","1","11","octagonOmni","3"
"1x_11y_13.928m_octagonOmni_4.wav","train","13.928","1","11","octagonOmni","4"
"1x_12y_14.866m_greathallOmni_0.wav","train","14.866","1","12","greathallOmni","0"
"1x_12y_14.866m_greathallOmni_1.wav","train","14.866","1","12","greathallOmni","1"
"1x_12y_14.866m_greathallOmni_2.wav","train","14.866","1","12","greathallOmni","2"
"1x_12y_14.866m_greathallOmni_3.wav","train","14.866","1","12","greathallOmni","3"
"1x_12y_14.866m_greathallOmni_4.wav","train","14.866","1","12","greathallOmni","4"
"1x_12y_14.866m_octagonOmni_0.wav","train","14.866","1","12","octagonOmni","0"
"1x_12y_14.866m_octagonOmni_1.wav","train","14.866","1","12","octagonOmni","1"
"1x_12y_14.866m_octagonOmni_2.wav","train","14.866","1","12","octagonOmni","2"
"1x_12y_14.866m_octagonOmni_3.wav","train","14.866","1","12","octagonOmni","3"
"1x_12y_14.866m_octagonOmni_4.wav","train","14.866","1","12","octagonOmni","4"
"1x_1y_5.831m_greathallOmni_0.wav","train","5.831","1","1","greathallOmni","0"
"1x_1y_5.831m_greathallOmni_1.wav","train","5.831","1","1","greathallOmni","1"
"1x_1y_5.831m_greathallOmni_2.wav","train","5.831","1","1","greathallOmni","2"
"1x_1y_5.831m_greathallOmni_3.wav","train","5.831","1","1","greathallOmni","3"
"1x_1y_5.831m_greathallOmni_4.wav","train","5.831","1","1","greathallOmni","4"
"1x_1y_5.831m_octagonOmni_0.wav","train","5.831","1","1","octagonOmni","0"
"1x_1y_5.831m_octagonOmni_1.wav","train","5.831","1","1","octagonOmni","1"
"1x_1y_5.831m_octagonOmni_2.wav","train","5.831","1","1","octagonOmni","2"
"1x_1y_5.831m_octagonOmni_3.wav","train","5.831","1","1","octagonOmni","3"
"1x_1y_5.831m_octagonOmni_4.wav","train","5.831","1","1","octagonOmni","4"
"1x_2y_6.403m_greathallOmni_0.wav","train","6.403","1","2","greathallOmni","0"
"1x_2y_6.403m_greathallOmni_1.wav","train","6.403","1","2","greathallOmni","1"
"1x_2y_6.403m_greathallOmni_2.wav","train","6.403","1","2","greathallOmni","2"
"1x_2y_6.403m_greathallOmni_3.wav","train","6.403","1","2","greathallOmni","3"
"1x_2y_6.403m_greathallOmni_4.wav","train","6.403","1","2","greathallOmni","4"
"1x_2y_6.403m_octagonOmni_0.wav","train","6.403","1","2","octagonOmni","0"
"1x_2y_6.403m_octagonOmni_1.wav","train","6.403","1","2","octagonOmni","1"
"1x_2y_6.403m_octagonOmni_2.wav","train","6.403","1","2","octagonOmni","2"
"1x_2y_6.403m_octagonOmni_3.wav","train","6.403","1","2","octagonOmni","3"
"1x_2y_6.403m_octagonOmni_4.wav","train","6.403","1","2","octagonOmni","4"
"1x_3y_7.071m_greathallOmni_0.wav","train","7.071","1","3","greathallOmni","0"
"1x_3y_7.071m_greathallOmni_1.wav","train","7.071","1","3","greathallOmni","1"
"1x_3y_7.071m_greathallOmni_2.wav","train","7.071","1","3","greathallOmni","2"
"1x_3y_7.071m_greathallOmni_3.wav","train","7.071","1","3","greathallOmni","3"
"1x_3y_7.071m_greathallOmni_4.wav","train","7.071","1","3","greathallOmni","4"
"1x_3y_7.071m_octagonOmni_0.wav","train","7.071","1","3","octagonOmni","0"
"1x_3y_7.071m_octagonOmni_1.wav","train","7.071","1","3","octagonOmni","1"
"1x_3y_7.071m_octagonOmni_2.wav","train","7.071","1","3","octagonOmni","2"
"1x_3y_7.071m_octagonOmni_3.wav","train","7.071","1","3","octagonOmni","3"
"1x_3y_7.071m_octagonOmni_4.wav","train","7.071","1","3","octagonOmni","4"
"1x_4y_7.810m_greathallOmni_0.wav","train","7.81","1","4","greathallOmni","0"
"1x_4y_7.810m_greathallOmni_1.wav","train","7.81","1","4","greathallOmni","1"
"1x_4y_7.810m_greathallOmni_2.wav","train","7.81","1","4","greathallOmni","2"
"1x_4y_7.810m_greathallOmni_3.wav","train","7.81","1","4","greathallOmni","3"
"1x_4y_7.810m_greathallOmni_4.wav","train","7.81","1","4","greathallOmni","4"
"1x_4y_7.810m_octagonOmni_0.wav","train","7.81","1","4","octagonOmni","0"
"1x_4y_7.810m_octagonOmni_1.wav","train","7.81","1","4","octagonOmni","1"
"1x_4y_7.810m_octagonOmni_2.wav","train","7.81","1","4","octagonOmni","2"
"1x_4y_7.810m_octagonOmni_3.wav","train","7.81","1","4","octagonOmni","3"
"1x_4y_7.810m_octagonOmni_4.wav","train","7.81","1","4","octagonOmni","4"
"1x_5y_8.602m_greathallOmni_0.wav","train","8.602","1","5","greathallOmni","0"
"1x_5y_8.602m_greathallOmni_1.wav","train","8.602","1","5","greathallOmni","1"
"1x_5y_8.602m_greathallOmni_2.wav","train","8.602","1","5","greathallOmni","2"
"1x_5y_8.602m_greathallOmni_3.wav","train","8.602","1","5","greathallOmni","3"
"1x_5y_8.602m_greathallOmni_4.wav","train","8.602","1","5","greathallOmni","4"
"1x_5y_8.602m_octagonOmni_0.wav","train","8.602","1","5","octagonOmni","0"
"1x_5y_8.602m_octagonOmni_1.wav","train","8.602","1","5","octagonOmni","1"
"1x_5y_8.602m_octagonOmni_2.wav","train","8.602","1","5","octagonOmni","2"
"1x_5y_8.602m_octagonOmni_3.wav","train","8.602","1","5","octagonOmni","3"
"1x_5y_8.602m_octagonOmni_4.wav","train","8.602","1","5","octagonOmni","4"
"1x_6y_9.434m_greathallOmni_0.wav","train","9.434","1","6","greathallOmni","0"
"1x_6y_9.434m_greathallOmni_1.wav","train","9.434","1","6","greathallOmni","1"
"1x_6y_9.434m_greathallOmni_2.wav","train","9.434","1","6","greathallOmni","2"
"1x_6y_9.434m_greathallOmni_3.wav","train","9.434","1","6","greathallOmni","3"
"1x_6y_9.434m_greathallOmni_4.wav","train","9.434","1","6","greathallOmni","4"
"1x_6y_9.434m_octagonOmni_0.wav","train","9.434","1","6","octagonOmni","0"
"1x_6y_9.434m_octagonOmni_1.wav","train","9.434","1","6","octagonOmni","1"
"1x_6y_9.434m_octagonOmni_2.wav","train","9.434","1","6","octagonOmni","2"
"1x_6y_9.434m_octagonOmni_3.wav","train","9.434","1","6","octagonOmni","3"
"1x_6y_9.434m_octagonOmni_4.wav","train","9.434","1","6","octagonOmni","4"
"1x_7y_10.296m_greathallOmni_0.wav","train","10.296","1","7","greathallOmni","0"
"1x_7y_10.296m_greathallOmni_1.wav","train","10.296","1","7","greathallOmni","1"
"1x_7y_10.296m_greathallOmni_2.wav","train","10.296","1","7","greathallOmni","2"
"1x_7y_10.296m_greathallOmni_3.wav","train","10.296","1","7","greathallOmni","3"
"1x_7y_10.296m_greathallOmni_4.wav","train","10.296","1","7","greathallOmni","4"
"1x_7y_10.296m_octagonOmni_0.wav","train","10.296","1","7","octagonOmni","0"
"1x_7y_10.296m_octagonOmni_1.wav","train","10.296","1","7","octagonOmni","1"
"1x_7y_10.296m_octagonOmni_2.wav","train","10.296","1","7","octagonOmni","2"
"1x_7y_10.296m_octagonOmni_3.wav","train","10.296","1","7","octagonOmni","3"
"1x_7y_10.296m_octagonOmni_4.wav","train","10.296","1","7","octagonOmni","4"
"1x_8y_11.180m_greathallOmni_0.wav","train","11.18","1","8","greathallOmni","0"
"1x_8y_11.180m_greathallOmni_1.wav","train","11.18","1","8","greathallOmni","1"
"1x_8y_11.180m_greathallOmni_2.wav","train","11.18","1","8","greathallOmni","2"
"1x_8y_11.180m_greathallOmni_3.wav","train","11.18","1","8","greathallOmni","3"
"1x_8y_11.180m_greathallOmni_4.wav","train","11.18","1","8","greathallOmni","4"
"1x_8y_11.180m_octagonOmni_0.wav","train","11.18","1","8","octagonOmni","0"
"1x_8y_11.180m_octagonOmni_1.wav","train","11.18","1","8","octagonOmni","1"
"1x_8y_11.180m_octagonOmni_2.wav","train","11.18","1","8","octagonOmni","2"
"1x_8y_11.180m_octagonOmni_3.wav","train","11.18","1","8","octagonOmni","3"
"1x_8y_11.180m_octagonOmni_4.wav","train","11.18","1","8","octagonOmni","4"
"1x_9y_12.083m_greathallOmni_0.wav","train","12.083","1","9","greathallOmni","0"
"1x_9y_12.083m_greathallOmni_1.wav","train","12.083","1","9","greathallOmni","1"
"1x_9y_12.083m_greathallOmni_2.wav","train","12.083","1","9","greathallOmni","2"
"1x_9y_12.083m_greathallOmni_3.wav","train","12.083","1","9","greathallOmni","3"
"1x_9y_12.083m_greathallOmni_4.wav","train","12.083","1","9","greathallOmni","4"
"1x_9y_12.083m_octagonOmni_0.wav","train","12.083","1","9","octagonOmni","0"
"1x_9y_12.083m_octagonOmni_1.wav","train","12.083","1","9","octagonOmni","1"
"1x_9y_12.083m_octagonOmni_2.wav","train","12.083","1","9","octagonOmni","2"
"1x_9y_12.083m_octagonOmni_3.wav","train","12.083","1","9","octagonOmni","3"
"1x_9y_12.083m_octagonOmni_4.wav","train","12.083","1","9","octagonOmni","4"
"20x_0y_5.385m_classroomOmni_0.wav","train","5.385","20","0","classroomOmni","0"
"20x_0y_5.385m_classroomOmni_1.wav","train","5.385","20","0","classroomOmni","1"
"20x_0y_5.385m_classroomOmni_2.wav","train","5.385","20","0","classroomOmni","2"
"20x_0y_5.385m_classroomOmni_3.wav","train","5.385","20","0","classroomOmni","3"
"20x_0y_5.385m_classroomOmni_4.wav","train","5.385","20","0","classroomOmni","4"
"20x_10y_5.831m_classroomOmni_0.wav","train","5.831","20","10","classroomOmni","0"
"20x_10y_5.831m_classroomOmni_1.wav","train","5.831","20","10","classroomOmni","1"
"20x_10y_5.831m_classroomOmni_2.wav","train","5.831","20","10","classroomOmni","2"
"20x_10y_5.831m_classroomOmni_3.wav","train","5.831","20","10","classroomOmni","3"
"20x_10y_5.831m_classroomOmni_4.wav","train","5.831","20","10","classroomOmni","4"
"20x_15y_6.103m_classroomOmni_0.wav","train","6.103","20","15","classroomOmni","0"
"20x_15y_6.103m_classroomOmni_1.wav","train","6.103","20","15","classroomOmni","1"
"20x_15y_6.103m_classroomOmni_2.wav","train","6.103","20","15","classroomOmni","2"
"20x_15y_6.103m_classroomOmni_3.wav","train","6.103","20","15","classroomOmni","3"
"20x_15y_6.103m_classroomOmni_4.wav","train","6.103","20","15","classroomOmni","4"
"20x_20y_6.403m_classroomOmni_0.wav","train","6.403","20","20","classroomOmni","0"
"20x_20y_6.403m_classroomOmni_1.wav","train","6.403","20","20","classroomOmni","1"
"20x_20y_6.403m_classroomOmni_2.wav","train","6.403","20","20","classroomOmni","2"
"20x_20y_6.403m_classroomOmni_3.wav","train","6.403","20","20","classroomOmni","3"
"20x_20y_6.403m_classroomOmni_4.wav","train","6.403","20","20","classroomOmni","4"
"20x_25y_6.727m_classroomOmni_0.wav","train","6.727","20","25","classroomOmni","0"
"20x_25y_6.727m_classroomOmni_1.wav","train","6.727","20","25","classroomOmni","1"
"20x_25y_6.727m_classroomOmni_2.wav","train","6.727","20","25","classroomOmni","2"
"20x_25y_6.727m_classroomOmni_3.wav","train","6.727","20","25","classroomOmni","3"
"20x_25y_6.727m_classroomOmni_4.wav","train","6.727","20","25","classroomOmni","4"
"20x_30y_7.071m_classroomOmni_0.wav","train","7.071","20","30","classroomOmni","0"
"20x_30y_7.071m_classroomOmni_1.wav","train","7.071","20","30","classroomOmni","1"
"20x_30y_7.071m_classroomOmni_2.wav","train","7.071","20","30","classroomOmni","2"
"20x_30y_7.071m_classroomOmni_3.wav","train","7.071","20","30","classroomOmni","3"
"20x_30y_7.071m_classroomOmni_4.wav","train","7.071","20","30","classroomOmni","4"
"20x_35y_7.433m_classroomOmni_0.wav","train","7.433","20","35","classroomOmni","0"
"20x_35y_7.433m_classroomOmni_1.wav","train","7.433","20","35","classroomOmni","1"
"20x_35y_7.433m_classroomOmni_2.wav","train","7.433","20","35","classroomOmni","2"
"20x_35y_7.433m_classroomOmni_3.wav","train","7.433","20","35","classroomOmni","3"
"20x_35y_7.433m_classroomOmni_4.wav","train","7.433","20","35","classroomOmni","4"
"20x_40y_7.810m_classroomOmni_0.wav","train","7.81","20","40","classroomOmni","0"
"20x_40y_7.810m_classroomOmni_1.wav","train","7.81","20","40","classroomOmni","1"
"20x_40y_7.810m_classroomOmni_2.wav","train","7.81","20","40","classroomOmni","2"
"20x_40y_7.810m_classroomOmni_3.wav","train","7.81","20","40","classroomOmni","3"
"20x_40y_7.810m_classroomOmni_4.wav","train","7.81","20","40","classroomOmni","4"
"20x_45y_8.201m_classroomOmni_0.wav","train","8.201","20","45","classroomOmni","0"
"20x_45y_8.201m_classroomOmni_1.wav","train","8.201","20","45","classroomOmni","1"
"20x_45y_8.201m_classroomOmni_2.wav","train","8.201","20","45","classroomOmni","2"
"20x_45y_8.201m_classroomOmni_3.wav","train","8.201","20","45","classroomOmni","3"
"20x_45y_8.201m_classroomOmni_4.wav","train","8.201","20","45","classroomOmni","4"
"20x_5y_5.590m_classroomOmni_0.wav","train","5.59","20","5","classroomOmni","0"
"20x_5y_5.590m_classroomOmni_1.wav","train","5.59","20","5","classroomOmni","1"
"20x_5y_5.590m_classroomOmni_2.wav","train","5.59","20","5","classroomOmni","2"
"20x_5y_5.590m_classroomOmni_3.wav","train","5.59","20","5","classroomOmni","3"
"20x_5y_5.590m_classroomOmni_4.wav","train","5.59","20","5","classroomOmni","4"
"25x_0y_3.202m_classroomOmni_0.wav","train","3.202","25","0","classroomOmni","0"
"25x_0y_3.202m_classroomOmni_1.wav","train","3.202","25","0","classroomOmni","1"
"25x_0y_3.202m_classroomOmni_2.wav","train","3.202","25","0","classroomOmni","2"
"25x_0y_3.202m_classroomOmni_3.wav","train","3.202","25","0","classroomOmni","3"
"25x_0y_3.202m_classroomOmni_4.wav","train","3.202","25","0","classroomOmni","4"
"25x_10y_3.905m_classroomOmni_0.wav","train","3.905","25","10","classroomOmni","0"
"25x_10y_3.905m_classroomOmni_1.wav","train","3.905","25","10","classroomOmni","1"
"25x_10y_3.905m_classroomOmni_2.wav","train","3.905","25","10","classroomOmni","2"
"25x_10y_3.905m_classroomOmni_3.wav","train","3.905","25","10","classroomOmni","3"
"25x_10y_3.905m_classroomOmni_4.wav","train","3.905","25","10","classroomOmni","4"
"25x_15y_4.301m_classroomOmni_0.wav","train","4.301","25","15","classroomOmni","0"
"25x_15y_4.301m_classroomOmni_1.wav","train","4.301","25","15","classroomOmni","1"
"25x_15y_4.301m_classroomOmni_2.wav","train","4.301","25","15","classroomOmni","2"
"25x_15y_4.301m_classroomOmni_3.wav","train","4.301","25","15","classroomOmni","3"
"25x_15y_4.301m_classroomOmni_4.wav","train","4.301","25","15","classroomOmni","4"
"25x_20y_4.717m_classroomOmni_0.wav","train","4.717","25","20","classroomOmni","0"
"25x_20y_4.717m_classroomOmni_1.wav","train","4.717","25","20","classroomOmni","1"
"25x_20y_4.717m_classroomOmni_2.wav","train","4.717","25","20","classroomOmni","2"
"25x_20y_4.717m_classroomOmni_3.wav","train","4.717","25","20","classroomOmni","3"
"25x_20y_4.717m_classroomOmni_4.wav","train","4.717","25","20","classroomOmni","4"
"25x_25y_5.148m_classroomOmni_0.wav","train","5.148","25","25","classroomOmni","0"
"25x_25y_5.148m_classroomOmni_1.wav","train","5.148","25","25","classroomOmni","1"
"25x_25y_5.148m_classroomOmni_2.wav","train","5.148","25","25","classroomOmni","2"
"25x_25y_5.148m_classroomOmni_3.wav","train","5.148","25","25","classroomOmni","3"
"25x_25y_5.148m_classroomOmni_4.wav","train","5.148","25","25","classroomOmni","4"
"25x_30y_5.590m_classroomOmni_0.wav","train","5.59","25","30","classroomOmni","0"
"25x_30y_5.590m_classroomOmni_1.wav","train","5.59","25","30","classroomOmni","1"
"25x_30y_5.590m_classroomOmni_2.wav","train","5.59","25","30","classroomOmni","2"
"25x_30y_5.590m_classroomOmni_3.wav","train","5.59","25","30","classroomOmni","3"
"25x_30y_5.590m_classroomOmni_4.wav","train","5.59","25","30","classroomOmni","4"
"25x_35y_6.042m_classroomOmni_0.wav","train","6.042","25","35","classroomOmni","0"
"25x_35y_6.042m_classroomOmni_1.wav","train","6.042","25","35","classroomOmni","1"
"25x_35y_6.042m_classroomOmni_2.wav","train","6.042","25","35","classroomOmni","2"
"25x_35y_6.042m_classroomOmni_3.wav","train","6.042","25","35","classroomOmni","3"
"25x_35y_6.042m_classroomOmni_4.wav","train","6.042","25","35","classroomOmni","4"
"25x_40y_6.500m_classroomOmni_0.wav","train","6.5","25","40","classroomOmni","0"
"25x_40y_6.500m_classroomOmni_1.wav","train","6.5","25","40","classroomOmni","1"
"25x_40y_6.500m_classroomOmni_2.wav","train","6.5","25","40","classroomOmni","2"
"25x_40y_6.500m_classroomOmni_3.wav","train","6.5","25","40","classroomOmni","3"
"25x_40y_6.500m_classroomOmni_4.wav","train","6.5","25","40","classroomOmni","4"
"25x_45y_6.964m_classroomOmni_0.wav","train","6.964","25","45","classroomOmni","0"
"25x_45y_6.964m_classroomOmni_1.wav","train","6.964","25","45","classroomOmni","1"
"25x_45y_6.964m_classroomOmni_2.wav","train","6.964","25","45","classroomOmni","2"
"25x_45y_6.964m_classroomOmni_3.wav","train","6.964","25","45","classroomOmni","3"
"25x_45y_6.964m_classroomOmni_4.wav","train","6.964","25","45","classroomOmni","4"
"25x_5y_3.536m_classroomOmni_0.wav","train","3.536","25","5","classroomOmni","0"
"25x_5y_3.536m_classroomOmni_1.wav","train","3.536","25","5","classroomOmni","1"
"25x_5y_3.536m_classroomOmni_2.wav","train","3.536","25","5","classroomOmni","2"
"25x_5y_3.536m_classroomOmni_3.wav","train","3.536","25","5","classroomOmni","3"
"25x_5y_3.536m_classroomOmni_4.wav","train","3.536","25","5","classroomOmni","4"
"2x_0y_4.472m_octagonOmni_0.wav","train","4.472","2","0","octagonOmni","0"
"2x_0y_4.472m_octagonOmni_1.wav","train","4.472","2","0","octagonOmni","1"
"2x_0y_4.472m_octagonOmni_2.wav","train","4.472","2","0","octagonOmni","2"
"2x_0y_4.472m_octagonOmni_3.wav","train","4.472","2","0","octagonOmni","3"
"2x_0y_4.472m_octagonOmni_4.wav","train","4.472","2","0","octagonOmni","4"
"2x_10y_12.649m_octagonOmni_0.wav","train","12.649","2","10","octagonOmni","0"
"2x_10y_12.649m_octagonOmni_1.wav","train","12.649","2","10","octagonOmni","1"
"2x_10y_12.649m_octagonOmni_2.wav","train","12.649","2","10","octagonOmni","2"
"2x_10y_12.649m_octagonOmni_3.wav","train","12.649","2","10","octagonOmni","3"
"2x_10y_12.649m_octagonOmni_4.wav","train","12.649","2","10","octagonOmni","4"
"2x_11y_13.601m_octagonOmni_0.wav","train","13.601","2","11","octagonOmni","0"
"2x_11y_13.601m_octagonOmni_1.wav","train","13.601","2","11","octagonOmni","1"
"2x_11y_13.601m_octagonOmni_2.wav","train","13.601","2","11","octagonOmni","2"
"2x_11y_13.601m_octagonOmni_3.wav","train","13.601","2","11","octagonOmni","3"
"2x_11y_13.601m_octagonOmni_4.wav","train","13.601","2","11","octagonOmni","4"
"2x_12y_14.560m_octagonOmni_0.wav","train","14.56","2","12","octagonOmni","0"
"2x_12y_14.560m_octagonOmni_1.wav","train","14.56","2","12","octagonOmni","1"
"2x_12y_14.560m_octagonOmni_2.wav","train","14.56","2","12","octagonOmni","2"
"2x_12y_14.560m_octagonOmni_3.wav","train","14.56","2","12","octagonOmni","3"
"2x_12y_14.560m_octagonOmni_4.wav","train","14.56","2","12","octagonOmni","4"
"2x_1y_5.000m_octagonOmni_0.wav","train","5","2","1","octagonOmni","0"
"2x_1y_5.000m_octagonOmni_1.wav","train","5","2","1","octagonOmni","1"
"2x_1y_5.000m_octagonOmni_2.wav","train","5","2","1","octagonOmni","2"
"2x_1y_5.000m_octagonOmni_3.wav","train","5","2","1","octagonOmni","3"
"2x_1y_5.000m_octagonOmni_4.wav","train","5","2","1","octagonOmni","4"
"2x_2y_5.657m_octagonOmni_0.wav","train","5.657","2","2","octagonOmni","0"
"2x_2y_5.657m_octagonOmni_1.wav","train","5.657","2","2","octagonOmni","1"
"2x_2y_5.657m_octagonOmni_2.wav","train","5.657","2","2","octagonOmni","2"
"2x_2y_5.657m_octagonOmni_3.wav","train","5.657","2","2","octagonOmni","3"
"2x_2y_5.657m_octagonOmni_4.wav","train","5.657","2","2","octagonOmni","4"
"2x_3y_6.403m_octagonOmni_0.wav","train","6.403","2","3","octagonOmni","0"
"2x_3y_6.403m_octagonOmni_1.wav","train","6.403","2","3","octagonOmni","1"
"2x_3y_6.403m_octagonOmni_2.wav","train","6.403","2","3","octagonOmni","2"
"2x_3y_6.403m_octagonOmni_3.wav","train","6.403","2","3","octagonOmni","3"
"2x_3y_6.403m_octagonOmni_4.wav","train","6.403","2","3","octagonOmni","4"
"2x_4y_7.211m_octagonOmni_0.wav","train","7.211","2","4","octagonOmni","0"
"2x_4y_7.211m_octagonOmni_1.wav","train","7.211","2","4","octagonOmni","1"
"2x_4y_7.211m_octagonOmni_2.wav","train","7.211","2","4","octagonOmni","2"
"2x_4y_7.211m_octagonOmni_3.wav","train","7.211","2","4","octagonOmni","3"
"2x_4y_7.211m_octagonOmni_4.wav","train","7.211","2","4","octagonOmni","4"
"2x_5y_8.062m_octagonOmni_0.wav","train","8.062","2","5","octagonOmni","0"
"2x_5y_8.062m_octagonOmni_1.wav","train","8.062","2","5","octagonOmni","1"
"2x_5y_8.062m_octagonOmni_2.wav","train","8.062","2","5","octagonOmni","2"
"2x_5y_8.062m_octagonOmni_3.wav","train","8.062","2","5","octagonOmni","3"
"2x_5y_8.062m_octagonOmni_4.wav","train","8.062","2","5","octagonOmni","4"
"2x_6y_8.944m_octagonOmni_0.wav","train","8.944","2","6","octagonOmni","0"
"2x_6y_8.944m_octagonOmni_1.wav","train","8.944","2","6","octagonOmni","1"
"2x_6y_8.944m_octagonOmni_2.wav","train","8.944","2","6","octagonOmni","2"
"2x_6y_8.944m_octagonOmni_3.wav","train","8.944","2","6","octagonOmni","3"
"2x_6y_8.944m_octagonOmni_4.wav","train","8.944","2","6","octagonOmni","4"
"2x_7y_9.849m_octagonOmni_0.wav","train","9.849","2","7","octagonOmni","0"
"2x_7y_9.849m_octagonOmni_1.wav","train","9.849","2","7","octagonOmni","1"
"2x_7y_9.849m_octagonOmni_2.wav","train","9.849","2","7","octagonOmni","2"
"2x_7y_9.849m_octagonOmni_3.wav","train","9.849","2","7","octagonOmni","3"
"2x_7y_9.849m_octagonOmni_4.wav","train","9.849","2","7","octagonOmni","4"
"2x_8y_10.770m_octagonOmni_0.wav","train","10.77","2","8","octagonOmni","0"
"2x_8y_10.770m_octagonOmni_1.wav","train","10.77","2","8","octagonOmni","1"
"2x_8y_10.770m_octagonOmni_2.wav","train","10.77","2","8","octagonOmni","2"
"2x_8y_10.770m_octagonOmni_3.wav","train","10.77","2","8","octagonOmni","3"
"2x_8y_10.770m_octagonOmni_4.wav","train","10.77","2","8","octagonOmni","4"
"2x_9y_11.705m_octagonOmni_0.wav","train","11.705","2","9","octagonOmni","0"
"2x_9y_11.705m_octagonOmni_1.wav","train","11.705","2","9","octagonOmni","1"
"2x_9y_11.705m_octagonOmni_2.wav","train","11.705","2","9","octagonOmni","2"
"2x_9y_11.705m_octagonOmni_3.wav","train","11.705","2","9","octagonOmni","3"
"2x_9y_11.705m_octagonOmni_4.wav","train","11.705","2","9","octagonOmni","4"
"35x_0y_3.202m_classroomOmni_0.wav","train","3.202","35","0","classroomOmni","0"
"35x_0y_3.202m_classroomOmni_1.wav","train","3.202","35","0","classroomOmni","1"
"35x_0y_3.202m_classroomOmni_2.wav","train","3.202","35","0","classroomOmni","2"
"35x_0y_3.202m_classroomOmni_3.wav","train","3.202","35","0","classroomOmni","3"
"35x_0y_3.202m_classroomOmni_4.wav","train","3.202","35","0","classroomOmni","4"
"35x_10y_3.905m_classroomOmni_0.wav","train","3.905","35","10","classroomOmni","0"
"35x_10y_3.905m_classroomOmni_1.wav","train","3.905","35","10","classroomOmni","1"
"35x_10y_3.905m_classroomOmni_2.wav","train","3.905","35","10","classroomOmni","2"
"35x_10y_3.905m_classroomOmni_3.wav","train","3.905","35","10","classroomOmni","3"
"35x_10y_3.905m_classroomOmni_4.wav","train","3.905","35","10","classroomOmni","4"
"35x_15y_4.301m_classroomOmni_0.wav","train","4.301","35","15","classroomOmni","0"
"35x_15y_4.301m_classroomOmni_1.wav","train","4.301","35","15","classroomOmni","1"
"35x_15y_4.301m_classroomOmni_2.wav","train","4.301","35","15","classroomOmni","2"
"35x_15y_4.301m_classroomOmni_3.wav","train","4.301","35","15","classroomOmni","3"
"35x_15y_4.301m_classroomOmni_4.wav","train","4.301","35","15","classroomOmni","4"
"35x_20y_4.717m_classroomOmni_0.wav","train","4.717","35","20","classroomOmni","0"
"35x_20y_4.717m_classroomOmni_1.wav","train","4.717","35","20","classroomOmni","1"
"35x_20y_4.717m_classroomOmni_2.wav","train","4.717","35","20","classroomOmni","2"
"35x_20y_4.717m_classroomOmni_3.wav","train","4.717","35","20","classroomOmni","3"
"35x_20y_4.717m_classroomOmni_4.wav","train","4.717","35","20","classroomOmni","4"
"35x_25y_5.148m_classroomOmni_0.wav","train","5.148","35","25","classroomOmni","0"
"35x_25y_5.148m_classroomOmni_1.wav","train","5.148","35","25","classroomOmni","1"
"35x_25y_5.148m_classroomOmni_2.wav","train","5.148","35","25","classroomOmni","2"
"35x_25y_5.148m_classroomOmni_3.wav","train","5.148","35","25","classroomOmni","3"
"35x_25y_5.148m_classroomOmni_4.wav","train","5.148","35","25","classroomOmni","4"
"35x_30y_5.590m_classroomOmni_0.wav","train","5.59","35","30","classroomOmni","0"
"35x_30y_5.590m_classroomOmni_1.wav","train","5.59","35","30","classroomOmni","1"
"35x_30y_5.590m_classroomOmni_2.wav","train","5.59","35","30","classroomOmni","2"
"35x_30y_5.590m_classroomOmni_3.wav","train","5.59","35","30","classroomOmni","3"
"35x_30y_5.590m_classroomOmni_4.wav","train","5.59","35","30","classroomOmni","4"
"35x_35y_6.042m_classroomOmni_0.wav","train","6.042","35","35","classroomOmni","0"
"35x_35y_6.042m_classroomOmni_1.wav","train","6.042","35","35","classroomOmni","1"
"35x_35y_6.042m_classroomOmni_2.wav","train","6.042","35","35","classroomOmni","2"
"35x_35y_6.042m_classroomOmni_3.wav","train","6.042","35","35","classroomOmni","3"
"35x_35y_6.042m_classroomOmni_4.wav","train","6.042","35","35","classroomOmni","4"
"35x_40y_6.500m_classroomOmni_0.wav","train","6.5","35","40","classroomOmni","0"
"35x_40y_6.500m_classroomOmni_1.wav","train","6.5","35","40","classroomOmni","1"
"35x_40y_6.500m_classroomOmni_2.wav","train","6.5","35","40","classroomOmni","2"
"35x_40y_6.500m_classroomOmni_3.wav","train","6.5","35","40","classroomOmni","3"
"35x_40y_6.500m_classroomOmni_4.wav","train","6.5","35","40","classroomOmni","4"
"35x_45y_6.964m_classroomOmni_0.wav","train","6.964","35","45","classroomOmni","0"
"35x_45y_6.964m_classroomOmni_1.wav","train","6.964","35","45","classroomOmni","1"
"35x_45y_6.964m_classroomOmni_2.wav","train","6.964","35","45","classroomOmni","2"
"35x_45y_6.964m_classroomOmni_3.wav","train","6.964","35","45","classroomOmni","3"
"35x_45y_6.964m_classroomOmni_4.wav","train","6.964","35","45","classroomOmni","4"
"35x_5y_3.536m_classroomOmni_0.wav","train","3.536","35","5","classroomOmni","0"
"35x_5y_3.536m_classroomOmni_1.wav","train","3.536","35","5","classroomOmni","1"
"35x_5y_3.536m_classroomOmni_2.wav","train","3.536","35","5","classroomOmni","2"
"35x_5y_3.536m_classroomOmni_3.wav","train","3.536","35","5","classroomOmni","3"
"35x_5y_3.536m_classroomOmni_4.wav","train","3.536","35","5","classroomOmni","4"
"3x_0y_3.606m_greathallOmni_0.wav","train","3.606","3","0","greathallOmni","0"
"3x_0y_3.606m_greathallOmni_1.wav","train","3.606","3","0","greathallOmni","1"
"3x_0y_3.606m_greathallOmni_2.wav","train","3.606","3","0","greathallOmni","2"
"3x_0y_3.606m_greathallOmni_3.wav","train","3.606","3","0","greathallOmni","3"
"3x_0y_3.606m_greathallOmni_4.wav","train","3.606","3","0","greathallOmni","4"
"3x_0y_3.606m_octagonOmni_0.wav","train","3.606","3","0","octagonOmni","0"
"3x_0y_3.606m_octagonOmni_1.wav","train","3.606","3","0","octagonOmni","1"
"3x_0y_3.606m_octagonOmni_2.wav","train","3.606","3","0","octagonOmni","2"
"3x_0y_3.606m_octagonOmni_3.wav","train","3.606","3","0","octagonOmni","3"
"3x_0y_3.606m_octagonOmni_4.wav","train","3.606","3","0","octagonOmni","4"
"3x_10y_12.369m_greathallOmni_0.wav","train","12.369","3","10","greathallOmni","0"
"3x_10y_12.369m_greathallOmni_1.wav","train","12.369","3","10","greathallOmni","1"
"3x_10y_12.369m_greathallOmni_2.wav","train","12.369","3","10","greathallOmni","2"
"3x_10y_12.369m_greathallOmni_3.wav","train","12.369","3","10","greathallOmni","3"
"3x_10y_12.369m_greathallOmni_4.wav","train","12.369","3","10","greathallOmni","4"
"3x_10y_12.369m_octagonOmni_0.wav","train","12.369","3","10","octagonOmni","0"
"3x_10y_12.369m_octagonOmni_1.wav","train","12.369","3","10","octagonOmni","1"
"3x_10y_12.369m_octagonOmni_2.wav","train","12.369","3","10","octagonOmni","2"
"3x_10y_12.369m_octagonOmni_3.wav","train","12.369","3","10","octagonOmni","3"
"3x_10y_12.369m_octagonOmni_4.wav","train","12.369","3","10","octagonOmni","4"
"3x_11y_13.342m_greathallOmni_0.wav","train","13.342","3","11","greathallOmni","0"
"3x_11y_13.342m_greathallOmni_1.wav","train","13.342","3","11","greathallOmni","1"
"3x_11y_13.342m_greathallOmni_2.wav","train","13.342","3","11","greathallOmni","2"
"3x_11y_13.342m_greathallOmni_3.wav","train","13.342","3","11","greathallOmni","3"
"3x_11y_13.342m_greathallOmni_4.wav","train","13.342","3","11","greathallOmni","4"
"3x_11y_13.342m_octagonOmni_0.wav","train","13.342","3","11","octagonOmni","0"
"3x_11y_13.342m_octagonOmni_1.wav","train","13.342","3","11","octagonOmni","1"
"3x_11y_13.342m_octagonOmni_2.wav","train","13.342","3","11","octagonOmni","2"
"3x_11y_13.342m_octagonOmni_3.wav","train","13.342","3","11","octagonOmni","3"
"3x_11y_13.342m_octagonOmni_4.wav","train","13.342","3","11","octagonOmni","4"
"3x_12y_14.318m_greathallOmni_0.wav","train","14.318","3","12","greathallOmni","0"
"3x_12y_14.318m_greathallOmni_1.wav","train","14.318","3","12","greathallOmni","1"
"3x_12y_14.318m_greathallOmni_2.wav","train","14.318","3","12","greathallOmni","2"
"3x_12y_14.318m_greathallOmni_3.wav","train","14.318","3","12","greathallOmni","3"
"3x_12y_14.318m_greathallOmni_4.wav","train","14.318","3","12","greathallOmni","4"
"3x_12y_14.318m_octagonOmni_0.wav","train","14.318","3","12","octagonOmni","0"
"3x_12y_14.318m_octagonOmni_1.wav","train","14.318","3","12","octagonOmni","1"
"3x_12y_14.318m_octagonOmni_2.wav","train","14.318","3","12","octagonOmni","2"
"3x_12y_14.318m_octagonOmni_3.wav","train","14.318","3","12","octagonOmni","3"
"3x_12y_14.318m_octagonOmni_4.wav","train","14.318","3","12","octagonOmni","4"
"3x_1y_4.243m_greathallOmni_0.wav","train","4.243","3","1","greathallOmni","0"
"3x_1y_4.243m_greathallOmni_1.wav","train","4.243","3","1","greathallOmni","1"
"3x_1y_4.243m_greathallOmni_2.wav","train","4.243","3","1","greathallOmni","2"
"3x_1y_4.243m_greathallOmni_3.wav","train","4.243","3","1","greathallOmni","3"
"3x_1y_4.243m_greathallOmni_4.wav","train","4.243","3","1","greathallOmni","4"
"3x_1y_4.243m_octagonOmni_0.wav","train","4.243","3","1","octagonOmni","0"
"3x_1y_4.243m_octagonOmni_1.wav","train","4.243","3","1","octagonOmni","1"
"3x_1y_4.243m_octagonOmni_2.wav","train","4.243","3","1","octagonOmni","2"
"3x_1y_4.243m_octagonOmni_3.wav","train","4.243","3","1","octagonOmni","3"
"3x_1y_4.243m_octagonOmni_4.wav","train","4.243","3","1","octagonOmni","4"
"3x_2y_5.000m_greathallOmni_0.wav","train","5","3","2","greathallOmni","0"
"3x_2y_5.000m_greathallOmni_1.wav","train","5","3","2","greathallOmni","1"
"3x_2y_5.000m_greathallOmni_2.wav","train","5","3","2","greathallOmni","2"
"3x_2y_5.000m_greathallOmni_3.wav","train","5","3","2","greathallOmni","3"
"3x_2y_5.000m_greathallOmni_4.wav","train","5","3","2","greathallOmni","4"
"3x_2y_5.000m_octagonOmni_0.wav","train","5","3","2","octagonOmni","0"
"3x_2y_5.000m_octagonOmni_1.wav","train","5","3","2","octagonOmni","1"
"3x_2y_5.000m_octagonOmni_2.wav","train","5","3","2","octagonOmni","2"
"3x_2y_5.000m_octagonOmni_3.wav","train","5","3","2","octagonOmni","3"
"3x_2y_5.000m_octagonOmni_4.wav","train","5","3","2","octagonOmni","4"
"3x_3y_5.831m_greathallOmni_0.wav","train","5.831","3","3","greathallOmni","0"
"3x_3y_5.831m_greathallOmni_1.wav","train","5.831","3","3","greathallOmni","1"
"3x_3y_5.831m_greathallOmni_2.wav","train","5.831","3","3","greathallOmni","2"
"3x_3y_5.831m_greathallOmni_3.wav","train","5.831","3","3","greathallOmni","3"
"3x_3y_5.831m_greathallOmni_4.wav","train","5.831","3","3","greathallOmni","4"
"3x_3y_5.831m_octagonOmni_0.wav","train","5.831","3","3","octagonOmni","0"
"3x_3y_5.831m_octagonOmni_1.wav","train","5.831","3","3","octagonOmni","1"
"3x_3y_5.831m_octagonOmni_2.wav","train","5.831","3","3","octagonOmni","2"
"3x_3y_5.831m_octagonOmni_3.wav","train","5.831","3","3","octagonOmni","3"
"3x_3y_5.831m_octagonOmni_4.wav","train","5.831","3","3","octagonOmni","4"
"3x_4y_6.708m_greathallOmni_0.wav","train","6.708","3","4","greathallOmni","0"
"3x_4y_6.708m_greathallOmni_1.wav","train","6.708","3","4","greathallOmni","1"
"3x_4y_6.708m_greathallOmni_2.wav","train","6.708","3","4","greathallOmni","2"
"3x_4y_6.708m_greathallOmni_3.wav","train","6.708","3","4","greathallOmni","3"
"3x_4y_6.708m_greathallOmni_4.wav","train","6.708","3","4","greathallOmni","4"
"3x_4y_6.708m_octagonOmni_0.wav","train","6.708","3","4","octagonOmni","0"
"3x_4y_6.708m_octagonOmni_1.wav","train","6.708","3","4","octagonOmni","1"
"3x_4y_6.708m_octagonOmni_2.wav","train","6.708","3","4","octagonOmni","2"
"3x_4y_6.708m_octagonOmni_3.wav","train","6.708","3","4","octagonOmni","3"
"3x_4y_6.708m_octagonOmni_4.wav","train","6.708","3","4","octagonOmni","4"
"3x_5y_7.616m_greathallOmni_0.wav","train","7.616","3","5","greathallOmni","0"
"3x_5y_7.616m_greathallOmni_1.wav","train","7.616","3","5","greathallOmni","1"
"3x_5y_7.616m_greathallOmni_2.wav","train","7.616","3","5","greathallOmni","2"
"3x_5y_7.616m_greathallOmni_3.wav","train","7.616","3","5","greathallOmni","3"
"3x_5y_7.616m_greathallOmni_4.wav","train","7.616","3","5","greathallOmni","4"
"3x_5y_7.616m_octagonOmni_0.wav","train","7.616","3","5","octagonOmni","0"
"3x_5y_7.616m_octagonOmni_1.wav","train","7.616","3","5","octagonOmni","1"
"3x_5y_7.616m_octagonOmni_2.wav","train","7.616","3","5","octagonOmni","2"
"3x_5y_7.616m_octagonOmni_3.wav","train","7.616","3","5","octagonOmni","3"
"3x_5y_7.616m_octagonOmni_4.wav","train","7.616","3","5","octagonOmni","4"
"3x_6y_8.544m_greathallOmni_0.wav","train","8.544","3","6","greathallOmni","0"
"3x_6y_8.544m_greathallOmni_1.wav","train","8.544","3","6","greathallOmni","1"
"3x_6y_8.544m_greathallOmni_2.wav","train","8.544","3","6","greathallOmni","2"
"3x_6y_8.544m_greathallOmni_3.wav","train","8.544","3","6","greathallOmni","3"
"3x_6y_8.544m_greathallOmni_4.wav","train","8.544","3","6","greathallOmni","4"
"3x_6y_8.544m_octagonOmni_0.wav","train","8.544","3","6","octagonOmni","0"
"3x_6y_8.544m_octagonOmni_1.wav","train","8.544","3","6","octagonOmni","1"
"3x_6y_8.544m_octagonOmni_2.wav","train","8.544","3","6","octagonOmni","2"
"3x_6y_8.544m_octagonOmni_3.wav","train","8.544","3","6","octagonOmni","3"
"3x_6y_8.544m_octagonOmni_4.wav","train","8.544","3","6","octagonOmni","4"
"3x_7y_9.487m_greathallOmni_0.wav","train","9.487","3","7","greathallOmni","0"
"3x_7y_9.487m_greathallOmni_1.wav","train","9.487","3","7","greathallOmni","1"
"3x_7y_9.487m_greathallOmni_2.wav","train","9.487","3","7","greathallOmni","2"
"3x_7y_9.487m_greathallOmni_3.wav","train","9.487","3","7","greathallOmni","3"
"3x_7y_9.487m_greathallOmni_4.wav","train","9.487","3","7","greathallOmni","4"
"3x_7y_9.487m_octagonOmni_0.wav","train","9.487","3","7","octagonOmni","0"
"3x_7y_9.487m_octagonOmni_1.wav","train","9.487","3","7","octagonOmni","1"
"3x_7y_9.487m_octagonOmni_2.wav","train","9.487","3","7","octagonOmni","2"
"3x_7y_9.487m_octagonOmni_3.wav","train","9.487","3","7","octagonOmni","3"
"3x_7y_9.487m_octagonOmni_4.wav","train","9.487","3","7","octagonOmni","4"
"3x_8y_10.440m_greathallOmni_0.wav","train","10.44","3","8","greathallOmni","0"
"3x_8y_10.440m_greathallOmni_1.wav","train","10.44","3","8","greathallOmni","1"
"3x_8y_10.440m_greathallOmni_2.wav","train","10.44","3","8","greathallOmni","2"
"3x_8y_10.440m_greathallOmni_3.wav","train","10.44","3","8","greathallOmni","3"
"3x_8y_10.440m_greathallOmni_4.wav","train","10.44","3","8","greathallOmni","4"
"3x_8y_10.440m_octagonOmni_0.wav","train","10.44","3","8","octagonOmni","0"
"3x_8y_10.440m_octagonOmni_1.wav","train","10.44","3","8","octagonOmni","1"
"3x_8y_10.440m_octagonOmni_2.wav","train","10.44","3","8","octagonOmni","2"
"3x_8y_10.440m_octagonOmni_3.wav","train","10.44","3","8","octagonOmni","3"
"3x_8y_10.440m_octagonOmni_4.wav","train","10.44","3","8","octagonOmni","4"
"3x_9y_11.402m_greathallOmni_0.wav","train","11.402","3","9","greathallOmni","0"
"3x_9y_11.402m_greathallOmni_1.wav","train","11.402","3","9","greathallOmni","1"
"3x_9y_11.402m_greathallOmni_2.wav","train","11.402","3","9","greathallOmni","2"
"3x_9y_11.402m_greathallOmni_3.wav","train","11.402","3","9","greathallOmni","3"
"3x_9y_11.402m_greathallOmni_4.wav","train","11.402","3","9","greathallOmni","4"
"3x_9y_11.402m_octagonOmni_0.wav","train","11.402","3","9","octagonOmni","0"
"3x_9y_11.402m_octagonOmni_1.wav","train","11.402","3","9","octagonOmni","1"
"3x_9y_11.402m_octagonOmni_2.wav","train","11.402","3","9","octagonOmni","2"
"3x_9y_11.402m_octagonOmni_3.wav","train","11.402","3","9","octagonOmni","3"
"3x_9y_11.402m_octagonOmni_4.wav","train","11.402","3","9","octagonOmni","4"
"40x_0y_5.385m_classroomOmni_0.wav","train","5.385","40","0","classroomOmni","0"
"40x_0y_5.385m_classroomOmni_1.wav","train","5.385","40","0","classroomOmni","1"
"40x_0y_5.385m_classroomOmni_2.wav","train","5.385","40","0","classroomOmni","2"
"40x_0y_5.385m_classroomOmni_3.wav","train","5.385","40","0","classroomOmni","3"
"40x_0y_5.385m_classroomOmni_4.wav","train","5.385","40","0","classroomOmni","4"
"40x_10y_5.831m_classroomOmni_0.wav","train","5.831","40","10","classroomOmni","0"
"40x_10y_5.831m_classroomOmni_1.wav","train","5.831","40","10","classroomOmni","1"
"40x_10y_5.831m_classroomOmni_2.wav","train","5.831","40","10","classroomOmni","2"
"40x_10y_5.831m_classroomOmni_3.wav","train","5.831","40","10","classroomOmni","3"
"40x_10y_5.831m_classroomOmni_4.wav","train","5.831","40","10","classroomOmni","4"
"40x_15y_6.103m_classroomOmni_0.wav","train","6.103","40","15","classroomOmni","0"
"40x_15y_6.103m_classroomOmni_1.wav","train","6.103","40","15","classroomOmni","1"
"40x_15y_6.103m_classroomOmni_2.wav","train","6.103","40","15","classroomOmni","2"
"40x_15y_6.103m_classroomOmni_3.wav","train","6.103","40","15","classroomOmni","3"
"40x_15y_6.103m_classroomOmni_4.wav","train","6.103","40","15","classroomOmni","4"
"40x_20y_6.403m_classroomOmni_0.wav","train","6.403","40","20","classroomOmni","0"
"40x_20y_6.403m_classroomOmni_1.wav","train","6.403","40","20","classroomOmni","1"
"40x_20y_6.403m_classroomOmni_2.wav","train","6.403","40","20","classroomOmni","2"
"40x_20y_6.403m_classroomOmni_3.wav","train","6.403","40","20","classroomOmni","3"
"40x_20y_6.403m_classroomOmni_4.wav","train","6.403","40","20","classroomOmni","4"
"40x_25y_6.727m_classroomOmni_0.wav","train","6.727","40","25","classroomOmni","0"
"40x_25y_6.727m_classroomOmni_1.wav","train","6.727","40","25","classroomOmni","1"
"40x_25y_6.727m_classroomOmni_2.wav","train","6.727","40","25","classroomOmni","2"
"40x_25y_6.727m_classroomOmni_3.wav","train","6.727","40","25","classroomOmni","3"
"40x_25y_6.727m_classroomOmni_4.wav","train","6.727","40","25","classroomOmni","4"
"40x_30y_7.071m_classroomOmni_0.wav","train","7.071","40","30","classroomOmni","0"
"40x_30y_7.071m_classroomOmni_1.wav","train","7.071","40","30","classroomOmni","1"
"40x_30y_7.071m_classroomOmni_2.wav","train","7.071","40","30","classroomOmni","2"
"40x_30y_7.071m_classroomOmni_3.wav","train","7.071","40","30","classroomOmni","3"
"40x_30y_7.071m_classroomOmni_4.wav","train","7.071","40","30","classroomOmni","4"
"40x_35y_7.433m_classroomOmni_0.wav","train","7.433","40","35","classroomOmni","0"
"40x_35y_7.433m_classroomOmni_1.wav","train","7.433","40","35","classroomOmni","1"
"40x_35y_7.433m_classroomOmni_2.wav","train","7.433","40","35","classroomOmni","2"
"40x_35y_7.433m_classroomOmni_3.wav","train","7.433","40","35","classroomOmni","3"
"40x_35y_7.433m_classroomOmni_4.wav","train","7.433","40","35","classroomOmni","4"
"40x_40y_7.810m_classroomOmni_0.wav","train","7.81","40","40","classroomOmni","0"
"40x_40y_7.810m_classroomOmni_1.wav","train","7.81","40","40","classroomOmni","1"
"40x_40y_7.810m_classroomOmni_2.wav","train","7.81","40","40","classroomOmni","2"
"40x_40y_7.810m_classroomOmni_3.wav","train","7.81","40","40","classroomOmni","3"
"40x_40y_7.810m_classroomOmni_4.wav","train","7.81","40","40","classroomOmni","4"
"40x_45y_8.201m_classroomOmni_0.wav","train","8.201","40","45","classroomOmni","0"
"40x_45y_8.201m_classroomOmni_1.wav","train","8.201","40","45","classroomOmni","1"
"40x_45y_8.201m_classroomOmni_2.wav","train","8.201","40","45","classroomOmni","2"
"40x_45y_8.201m_classroomOmni_3.wav","train","8.201","40","45","classroomOmni","3"
"40x_45y_8.201m_classroomOmni_4.wav","train","8.201","40","45","classroomOmni","4"
"40x_5y_5.590m_classroomOmni_0.wav","train","5.59","40","5","classroomOmni","0"
"40x_5y_5.590m_classroomOmni_1.wav","train","5.59","40","5","classroomOmni","1"
"40x_5y_5.590m_classroomOmni_2.wav","train","5.59","40","5","classroomOmni","2"
"40x_5y_5.590m_classroomOmni_3.wav","train","5.59","40","5","classroomOmni","3"
"40x_5y_5.590m_classroomOmni_4.wav","train","5.59","40","5","classroomOmni","4"
"45x_0y_7.762m_classroomOmni_0.wav","train","7.762","45","0","classroomOmni","0"
"45x_0y_7.762m_classroomOmni_1.wav","train","7.762","45","0","classroomOmni","1"
"45x_0y_7.762m_classroomOmni_2.wav","train","7.762","45","0","classroomOmni","2"
"45x_0y_7.762m_classroomOmni_3.wav","train","7.762","45","0","classroomOmni","3"
"45x_0y_7.762m_classroomOmni_4.wav","train","7.762","45","0","classroomOmni","4"
"45x_10y_8.078m_classroomOmni_0.wav","train","8.078","45","10","classroomOmni","0"
"45x_10y_8.078m_classroomOmni_1.wav","train","8.078","45","10","classroomOmni","1"
"45x_10y_8.078m_classroomOmni_2.wav","train","8.078","45","10","classroomOmni","2"
"45x_10y_8.078m_classroomOmni_3.wav","train","8.078","45","10","classroomOmni","3"
"45x_10y_8.078m_classroomOmni_4.wav","train","8.078","45","10","classroomOmni","4"
"45x_15y_8.276m_classroomOmni_0.wav","train","8.276","45","15","classroomOmni","0"
"45x_15y_8.276m_classroomOmni_1.wav","train","8.276","45","15","classroomOmni","1"
"45x_15y_8.276m_classroomOmni_2.wav","train","8.276","45","15","classroomOmni","2"
"45x_15y_8.276m_classroomOmni_3.wav","train","8.276","45","15","classroomOmni","3"
"45x_15y_8.276m_classroomOmni_4.wav","train","8.276","45","15","classroomOmni","4"
"45x_20y_8.500m_classroomOmni_0.wav","train","8.5","45","20","classroomOmni","0"
"45x_20y_8.500m_classroomOmni_1.wav","train","8.5","45","20","classroomOmni","1"
"45x_20y_8.500m_classroomOmni_2.wav","train","8.5","45","20","classroomOmni","2"
"45x_20y_8.500m_classroomOmni_3.wav","train","8.5","45","20","classroomOmni","3"
"45x_20y_8.500m_classroomOmni_4.wav","train","8.5","45","20","classroomOmni","4"
"45x_25y_8.746m_classroomOmni_0.wav","train","8.746","45","25","classroomOmni","0"
"45x_25y_8.746m_classroomOmni_1.wav","train","8.746","45","25","classroomOmni","1"
"45x_25y_8.746m_classroomOmni_2.wav","train","8.746","45","25","classroomOmni","2"
"45x_25y_8.746m_classroomOmni_3.wav","train","8.746","45","25","classroomOmni","3"
"45x_25y_8.746m_classroomOmni_4.wav","train","8.746","45","25","classroomOmni","4"
"45x_30y_9.014m_classroomOmni_0.wav","train","9.014","45","30","classroomOmni","0"
"45x_30y_9.014m_classroomOmni_1.wav","train","9.014","45","30","classroomOmni","1"
"45x_30y_9.014m_classroomOmni_2.wav","train","9.014","45","30","classroomOmni","2"
"45x_30y_9.014m_classroomOmni_3.wav","train","9.014","45","30","classroomOmni","3"
"45x_30y_9.014m_classroomOmni_4.wav","train","9.014","45","30","classroomOmni","4"
"45x_35y_9.301m_classroomOmni_0.wav","train","9.301","45","35","classroomOmni","0"
"45x_35y_9.301m_classroomOmni_1.wav","train","9.301","45","35","classroomOmni","1"
"45x_35y_9.301m_classroomOmni_2.wav","train","9.301","45","35","classroomOmni","2"
"45x_35y_9.301m_classroomOmni_3.wav","train","9.301","45","35","classroomOmni","3"
"45x_35y_9.301m_classroomOmni_4.wav","train","9.301","45","35","classroomOmni","4"
"45x_40y_9.605m_classroomOmni_0.wav","train","9.605","45","40","classroomOmni","0"
"45x_40y_9.605m_classroomOmni_1.wav","train","9.605","45","40","classroomOmni","1"
"45x_40y_9.605m_classroomOmni_2.wav","train","9.605","45","40","classroomOmni","2"
"45x_40y_9.605m_classroomOmni_3.wav","train","9.605","45","40","classroomOmni","3"
"45x_40y_9.605m_classroomOmni_4.wav","train","9.605","45","40","classroomOmni","4"
"45x_45y_9.925m_classroomOmni_0.wav","train","9.925","45","45","classroomOmni","0"
"45x_45y_9.925m_classroomOmni_1.wav","train","9.925","45","45","classroomOmni","1"
"45x_45y_9.925m_classroomOmni_2.wav","train","9.925","45","45","classroomOmni","2"
"45x_45y_9.925m_classroomOmni_3.wav","train","9.925","45","45","classroomOmni","3"
"45x_45y_9.925m_classroomOmni_4.wav","train","9.925","45","45","classroomOmni","4"
"45x_5y_7.906m_classroomOmni_0.wav","train","7.906","45","5","classroomOmni","0"
"45x_5y_7.906m_classroomOmni_1.wav","train","7.906","45","5","classroomOmni","1"
"45x_5y_7.906m_classroomOmni_2.wav","train","7.906","45","5","classroomOmni","2"
"45x_5y_7.906m_classroomOmni_3.wav","train","7.906","45","5","classroomOmni","3"
"45x_5y_7.906m_classroomOmni_4.wav","train","7.906","45","5","classroomOmni","4"
"4x_0y_2.828m_octagonOmni_0.wav","train","2.828","4","0","octagonOmni","0"
"4x_0y_2.828m_octagonOmni_1.wav","train","2.828","4","0","octagonOmni","1"
"4x_0y_2.828m_octagonOmni_2.wav","train","2.828","4","0","octagonOmni","2"
"4x_0y_2.828m_octagonOmni_3.wav","train","2.828","4","0","octagonOmni","3"
"4x_0y_2.828m_octagonOmni_4.wav","train","2.828","4","0","octagonOmni","4"
"4x_10y_12.166m_octagonOmni_0.wav","train","12.166","4","10","octagonOmni","0"
"4x_10y_12.166m_octagonOmni_1.wav","train","12.166","4","10","octagonOmni","1"
"4x_10y_12.166m_octagonOmni_2.wav","train","12.166","4","10","octagonOmni","2"
"4x_10y_12.166m_octagonOmni_3.wav","train","12.166","4","10","octagonOmni","3"
"4x_10y_12.166m_octagonOmni_4.wav","train","12.166","4","10","octagonOmni","4"
"4x_11y_13.153m_octagonOmni_0.wav","train","13.153","4","11","octagonOmni","0"
"4x_11y_13.153m_octagonOmni_1.wav","train","13.153","4","11","octagonOmni","1"
"4x_11y_13.153m_octagonOmni_2.wav","train","13.153","4","11","octagonOmni","2"
"4x_11y_13.153m_octagonOmni_3.wav","train","13.153","4","11","octagonOmni","3"
"4x_11y_13.153m_octagonOmni_4.wav","train","13.153","4","11","octagonOmni","4"
"4x_12y_14.142m_octagonOmni_0.wav","train","14.142","4","12","octagonOmni","0"
"4x_12y_14.142m_octagonOmni_1.wav","train","14.142","4","12","octagonOmni","1"
"4x_12y_14.142m_octagonOmni_2.wav","train","14.142","4","12","octagonOmni","2"
"4x_12y_14.142m_octagonOmni_3.wav","train","14.142","4","12","octagonOmni","3"
"4x_12y_14.142m_octagonOmni_4.wav","train","14.142","4","12","octagonOmni","4"
"4x_1y_3.606m_octagonOmni_0.wav","train","3.606","4","1","octagonOmni","0"
"4x_1y_3.606m_octagonOmni_1.wav","train","3.606","4","1","octagonOmni","1"
"4x_1y_3.606m_octagonOmni_2.wav","train","3.606","4","1","octagonOmni","2"
"4x_1y_3.606m_octagonOmni_3.wav","train","3.606","4","1","octagonOmni","3"
"4x_1y_3.606m_octagonOmni_4.wav","train","3.606","4","1","octagonOmni","4"
"4x_2y_4.472m_octagonOmni_0.wav","train","4.472","4","2","octagonOmni","0"
"4x_2y_4.472m_octagonOmni_1.wav","train","4.472","4","2","octagonOmni","1"
"4x_2y_4.472m_octagonOmni_2.wav","train","4.472","4","2","octagonOmni","2"
"4x_2y_4.472m_octagonOmni_3.wav","train","4.472","4","2","octagonOmni","3"
"4x_2y_4.472m_octagonOmni_4.wav","train","4.472","4","2","octagonOmni","4"
"4x_3y_5.385m_octagonOmni_0.wav","train","5.385","4","3","octagonOmni","0"
"4x_3y_5.385m_octagonOmni_1.wav","train","5.385","4","3","octagonOmni","1"
"4x_3y_5.385m_octagonOmni_2.wav","train","5.385","4","3","octagonOmni","2"
"4x_3y_5.385m_octagonOmni_3.wav","train","5.385","4","3","octagonOmni","3"
"4x_3y_5.385m_octagonOmni_4.wav","train","5.385","4","3","octagonOmni","4"
"4x_4y_6.325m_octagonOmni_0.wav","train","6.325","4","4","octagonOmni","0"
"4x_4y_6.325m_octagonOmni_1.wav","train","6.325","4","4","octagonOmni","1"
"4x_4y_6.325m_octagonOmni_2.wav","train","6.325","4","4","octagonOmni","2"
"4x_4y_6.325m_octagonOmni_3.wav","train","6.325","4","4","octagonOmni","3"
"4x_4y_6.325m_octagonOmni_4.wav","train","6.325","4","4","octagonOmni","4"
"4x_5y_7.280m_octagonOmni_0.wav","train","7.28","4","5","octagonOmni","0"
"4x_5y_7.280m_octagonOmni_1.wav","train","7.28","4","5","octagonOmni","1"
"4x_5y_7.280m_octagonOmni_2.wav","train","7.28","4","5","octagonOmni","2"
"4x_5y_7.280m_octagonOmni_3.wav","train","7.28","4","5","octagonOmni","3"
"4x_5y_7.280m_octagonOmni_4.wav","train","7.28","4","5","octagonOmni","4"
"4x_6y_8.246m_octagonOmni_0.wav","train","8.246","4","6","octagonOmni","0"
"4x_6y_8.246m_octagonOmni_1.wav","train","8.246","4","6","octagonOmni","1"
"4x_6y_8.246m_octagonOmni_2.wav","train","8.246","4","6","octagonOmni","2"
"4x_6y_8.246m_octagonOmni_3.wav","train","8.246","4","6","octagonOmni","3"
"4x_6y_8.246m_octagonOmni_4.wav","train","8.246","4","6","octagonOmni","4"
"4x_7y_9.220m_octagonOmni_0.wav","train","9.22","4","7","octagonOmni","0"
"4x_7y_9.220m_octagonOmni_1.wav","train","9.22","4","7","octagonOmni","1"
"4x_7y_9.220m_octagonOmni_2.wav","train","9.22","4","7","octagonOmni","2"
"4x_7y_9.220m_octagonOmni_3.wav","train","9.22","4","7","octagonOmni","3"
"4x_7y_9.220m_octagonOmni_4.wav","train","9.22","4","7","octagonOmni","4"
"4x_8y_10.198m_octagonOmni_0.wav","train","10.198","4","8","octagonOmni","0"
"4x_8y_10.198m_octagonOmni_1.wav","train","10.198","4","8","octagonOmni","1"
"4x_8y_10.198m_octagonOmni_2.wav","train","10.198","4","8","octagonOmni","2"
"4x_8y_10.198m_octagonOmni_3.wav","train","10.198","4","8","octagonOmni","3"
"4x_8y_10.198m_octagonOmni_4.wav","train","10.198","4","8","octagonOmni","4"
"4x_9y_11.180m_octagonOmni_0.wav","train","11.18","4","9","octagonOmni","0"
"4x_9y_11.180m_octagonOmni_1.wav","train","11.18","4","9","octagonOmni","1"
"4x_9y_11.180m_octagonOmni_2.wav","train","11.18","4","9","octagonOmni","2"
"4x_9y_11.180m_octagonOmni_3.wav","train","11.18","4","9","octagonOmni","3"
"4x_9y_11.180m_octagonOmni_4.wav","train","11.18","4","9","octagonOmni","4"
"50x_0y_10.198m_classroomOmni_0.wav","train","10.198","50","0","classroomOmni","0"
"50x_0y_10.198m_classroomOmni_1.wav","train","10.198","50","0","classroomOmni","1"
"50x_0y_10.198m_classroomOmni_2.wav","train","10.198","50","0","classroomOmni","2"
"50x_0y_10.198m_classroomOmni_3.wav","train","10.198","50","0","classroomOmni","3"
"50x_0y_10.198m_classroomOmni_4.wav","train","10.198","50","0","classroomOmni","4"
"50x_10y_10.440m_classroomOmni_0.wav","train","10.44","50","10","classroomOmni","0"
"50x_10y_10.440m_classroomOmni_1.wav","train","10.44","50","10","classroomOmni","1"
"50x_10y_10.440m_classroomOmni_2.wav","train","10.44","50","10","classroomOmni","2"
"50x_10y_10.440m_classroomOmni_3.wav","train","10.44","50","10","classroomOmni","3"
"50x_10y_10.440m_classroomOmni_4.wav","train","10.44","50","10","classroomOmni","4"
"50x_15y_10.595m_classroomOmni_0.wav","train","10.595","50","15","classroomOmni","0"
"50x_15y_10.595m_classroomOmni_1.wav","train","10.595","50","15","classroomOmni","1"
"50x_15y_10.595m_classroomOmni_2.wav","train","10.595","50","15","classroomOmni","2"
"50x_15y_10.595m_classroomOmni_3.wav","train","10.595","50","15","classroomOmni","3"
"50x_15y_10.595m_classroomOmni_4.wav","train","10.595","50","15","classroomOmni","4"
"50x_20y_10.770m_classroomOmni_0.wav","train","10.77","50","20","classroomOmni","0"
"50x_20y_10.770m_classroomOmni_1.wav","train","10.77","50","20","classroomOmni","1"
"50x_20y_10.770m_classroomOmni_2.wav","train","10.77","50","20","classroomOmni","2"
"50x_20y_10.770m_classroomOmni_3.wav","train","10.77","50","20","classroomOmni","3"
"50x_20y_10.770m_classroomOmni_4.wav","train","10.77","50","20","classroomOmni","4"
"50x_25y_10.966m_classroomOmni_0.wav","train","10.966","50","25","classroomOmni","0"
"50x_25y_10.966m_classroomOmni_1.wav","train","10.966","50","25","classroomOmni","1"
"50x_25y_10.966m_classroomOmni_2.wav","train","10.966","50","25","classroomOmni","2"
"50x_25y_10.966m_classroomOmni_3.wav","train","10.966","50","25","classroomOmni","3"
"50x_25y_10.966m_classroomOmni_4.wav","train","10.966","50","25","classroomOmni","4"
"50x_30y_11.180m_classroomOmni_0.wav","train","11.18","50","30","classroomOmni","0"
"50x_30y_11.180m_classroomOmni_1.wav","train","11.18","50","30","classroomOmni","1"
"50x_30y_11.180m_classroomOmni_2.wav","train","11.18","50","30","classroomOmni","2"
"50x_30y_11.180m_classroomOmni_3.wav","train","11.18","50","30","classroomOmni","3"
"50x_30y_11.180m_classroomOmni_4.wav","train","11.18","50","30","classroomOmni","4"
"50x_35y_11.413m_classroomOmni_0.wav","train","11.413","50","35","classroomOmni","0"
"50x_35y_11.413m_classroomOmni_1.wav","train","11.413","50","35","classroomOmni","1"
"50x_35y_11.413m_classroomOmni_2.wav","train","11.413","50","35","classroomOmni","2"
"50x_35y_11.413m_classroomOmni_3.wav","train","11.413","50","35","classroomOmni","3"
"50x_35y_11.413m_classroomOmni_4.wav","train","11.413","50","35","classroomOmni","4"
"50x_40y_11.662m_classroomOmni_0.wav","train","11.662","50","40","classroomOmni","0"
"50x_40y_11.662m_classroomOmni_1.wav","train","11.662","50","40","classroomOmni","1"
"50x_40y_11.662m_classroomOmni_2.wav","train","11.662","50","40","classroomOmni","2"
"50x_40y_11.662m_classroomOmni_3.wav","train","11.662","50","40","classroomOmni","3"
"50x_40y_11.662m_classroomOmni_4.wav","train","11.662","50","40","classroomOmni","4"
"50x_45y_11.927m_classroomOmni_0.wav","train","11.927","50","45","classroomOmni","0"
"50x_45y_11.927m_classroomOmni_1.wav","train","11.927","50","45","classroomOmni","1"
"50x_45y_11.927m_classroomOmni_2.wav","train","11.927","50","45","classroomOmni","2"
"50x_45y_11.927m_classroomOmni_3.wav","train","11.927","50","45","classroomOmni","3"
"50x_45y_11.927m_classroomOmni_4.wav","train","11.927","50","45","classroomOmni","4"
"50x_5y_10.308m_classroomOmni_0.wav","train","10.308","50","5","classroomOmni","0"
"50x_5y_10.308m_classroomOmni_1.wav","train","10.308","50","5","classroomOmni","1"
"50x_5y_10.308m_classroomOmni_2.wav","train","10.308","50","5","classroomOmni","2"
"50x_5y_10.308m_classroomOmni_3.wav","train","10.308","50","5","classroomOmni","3"
"50x_5y_10.308m_classroomOmni_4.wav","train","10.308","50","5","classroomOmni","4"
"5x_0y_2.236m_greathallOmni_0.wav","train","2.236","5","0","greathallOmni","0"
"5x_0y_2.236m_greathallOmni_1.wav","train","2.236","5","0","greathallOmni","1"
"5x_0y_2.236m_greathallOmni_2.wav","train","2.236","5","0","greathallOmni","2"
"5x_0y_2.236m_greathallOmni_3.wav","train","2.236","5","0","greathallOmni","3"
"5x_0y_2.236m_greathallOmni_4.wav","train","2.236","5","0","greathallOmni","4"
"5x_0y_2.236m_octagonOmni_0.wav","train","2.236","5","0","octagonOmni","0"
"5x_0y_2.236m_octagonOmni_1.wav","train","2.236","5","0","octagonOmni","1"
"5x_0y_2.236m_octagonOmni_2.wav","train","2.236","5","0","octagonOmni","2"
"5x_0y_2.236m_octagonOmni_3.wav","train","2.236","5","0","octagonOmni","3"
"5x_0y_2.236m_octagonOmni_4.wav","train","2.236","5","0","octagonOmni","4"
"5x_10y_12.042m_greathallOmni_0.wav","train","12.042","5","10","greathallOmni","0"
"5x_10y_12.042m_greathallOmni_1.wav","train","12.042","5","10","greathallOmni","1"
"5x_10y_12.042m_greathallOmni_2.wav","train","12.042","5","10","greathallOmni","2"
"5x_10y_12.042m_greathallOmni_3.wav","train","12.042","5","10","greathallOmni","3"
"5x_10y_12.042m_greathallOmni_4.wav","train","12.042","5","10","greathallOmni","4"
"5x_10y_12.042m_octagonOmni_0.wav","train","12.042","5","10","octagonOmni","0"
"5x_10y_12.042m_octagonOmni_1.wav","train","12.042","5","10","octagonOmni","1"
"5x_10y_12.042m_octagonOmni_2.wav","train","12.042","5","10","octagonOmni","2"
"5x_10y_12.042m_octagonOmni_3.wav","train","12.042","5","10","octagonOmni","3"
"5x_10y_12.042m_octagonOmni_4.wav","train","12.042","5","10","octagonOmni","4"
"5x_11y_13.038m_greathallOmni_0.wav","train","13.038","5","11","greathallOmni","0"
"5x_11y_13.038m_greathallOmni_1.wav","train","13.038","5","11","greathallOmni","1"
"5x_11y_13.038m_greathallOmni_2.wav","train","13.038","5","11","greathallOmni","2"
"5x_11y_13.038m_greathallOmni_3.wav","train","13.038","5","11","greathallOmni","3"
"5x_11y_13.038m_greathallOmni_4.wav","train","13.038","5","11","greathallOmni","4"
"5x_11y_13.038m_octagonOmni_0.wav","train","13.038","5","11","octagonOmni","0"
"5x_11y_13.038m_octagonOmni_1.wav","train","13.038","5","11","octagonOmni","1"
"5x_11y_13.038m_octagonOmni_2.wav","train","13.038","5","11","octagonOmni","2"
"5x_11y_13.038m_octagonOmni_3.wav","train","13.038","5","11","octagonOmni","3"
"5x_11y_13.038m_octagonOmni_4.wav","train","13.038","5","11","octagonOmni","4"
"5x_12y_14.036m_greathallOmni_0.wav","train","14.036","5","12","greathallOmni","0"
"5x_12y_14.036m_greathallOmni_1.wav","train","14.036","5","12","greathallOmni","1"
"5x_12y_14.036m_greathallOmni_2.wav","train","14.036","5","12","greathallOmni","2"
"5x_12y_14.036m_greathallOmni_3.wav","train","14.036","5","12","greathallOmni","3"
"5x_12y_14.036m_greathallOmni_4.wav","train","14.036","5","12","greathallOmni","4"
"5x_12y_14.036m_octagonOmni_0.wav","train","14.036","5","12","octagonOmni","0"
"5x_12y_14.036m_octagonOmni_1.wav","train","14.036","5","12","octagonOmni","1"
"5x_12y_14.036m_octagonOmni_2.wav","train","14.036","5","12","octagonOmni","2"
"5x_12y_14.036m_octagonOmni_3.wav","train","14.036","5","12","octagonOmni","3"
"5x_12y_14.036m_octagonOmni_4.wav","train","14.036","5","12","octagonOmni","4"
"5x_1y_3.162m_greathallOmni_0.wav","train","3.162","5","1","greathallOmni","0"
"5x_1y_3.162m_greathallOmni_1.wav","train","3.162","5","1","greathallOmni","1"
"5x_1y_3.162m_greathallOmni_2.wav","train","3.162","5","1","greathallOmni","2"
"5x_1y_3.162m_greathallOmni_3.wav","train","3.162","5","1","greathallOmni","3"
"5x_1y_3.162m_greathallOmni_4.wav","train","3.162","5","1","greathallOmni","4"
"5x_1y_3.162m_octagonOmni_0.wav","train","3.162","5","1","octagonOmni","0"
"5x_1y_3.162m_octagonOmni_1.wav","train","3.162","5","1","octagonOmni","1"
"5x_1y_3.162m_octagonOmni_2.wav","train","3.162","5","1","octagonOmni","2"
"5x_1y_3.162m_octagonOmni_3.wav","train","3.162","5","1","octagonOmni","3"
"5x_1y_3.162m_octagonOmni_4.wav","train","3.162","5","1","octagonOmni","4"
"5x_2y_4.123m_greathallOmni_0.wav","train","4.123","5","2","greathallOmni","0"
"5x_2y_4.123m_greathallOmni_1.wav","train","4.123","5","2","greathallOmni","1"
"5x_2y_4.123m_greathallOmni_2.wav","train","4.123","5","2","greathallOmni","2"
"5x_2y_4.123m_greathallOmni_3.wav","train","4.123","5","2","greathallOmni","3"
"5x_2y_4.123m_greathallOmni_4.wav","train","4.123","5","2","greathallOmni","4"
"5x_2y_4.123m_octagonOmni_0.wav","train","4.123","5","2","octagonOmni","0"
"5x_2y_4.123m_octagonOmni_1.wav","train","4.123","5","2","octagonOmni","1"
"5x_2y_4.123m_octagonOmni_2.wav","train","4.123","5","2","octagonOmni","2"
"5x_2y_4.123m_octagonOmni_3.wav","train","4.123","5","2","octagonOmni","3"
"5x_2y_4.123m_octagonOmni_4.wav","train","4.123","5","2","octagonOmni","4"
"5x_3y_5.099m_greathallOmni_0.wav","train","5.099","5","3","greathallOmni","0"
"5x_3y_5.099m_greathallOmni_1.wav","train","5.099","5","3","greathallOmni","1"
"5x_3y_5.099m_greathallOmni_2.wav","train","5.099","5","3","greathallOmni","2"
"5x_3y_5.099m_greathallOmni_3.wav","train","5.099","5","3","greathallOmni","3"
"5x_3y_5.099m_greathallOmni_4.wav","train","5.099","5","3","greathallOmni","4"
"5x_3y_5.099m_octagonOmni_0.wav","train","5.099","5","3","octagonOmni","0"
"5x_3y_5.099m_octagonOmni_1.wav","train","5.099","5","3","octagonOmni","1"
"5x_3y_5.099m_octagonOmni_2.wav","train","5.099","5","3","octagonOmni","2"
"5x_3y_5.099m_octagonOmni_3.wav","train","5.099","5","3","octagonOmni","3"
"5x_3y_5.099m_octagonOmni_4.wav","train","5.099","5","3","octagonOmni","4"
"5x_4y_6.083m_greathallOmni_0.wav","train","6.083","5","4","greathallOmni","0"
"5x_4y_6.083m_greathallOmni_1.wav","train","6.083","5","4","greathallOmni","1"
"5x_4y_6.083m_greathallOmni_2.wav","train","6.083","5","4","greathallOmni","2"
"5x_4y_6.083m_greathallOmni_3.wav","train","6.083","5","4","greathallOmni","3"
"5x_4y_6.083m_greathallOmni_4.wav","train","6.083","5","4","greathallOmni","4"
"5x_4y_6.083m_octagonOmni_0.wav","train","6.083","5","4","octagonOmni","0"
"5x_4y_6.083m_octagonOmni_1.wav","train","6.083","5","4","octagonOmni","1"
"5x_4y_6.083m_octagonOmni_2.wav","train","6.083","5","4","octagonOmni","2"
"5x_4y_6.083m_octagonOmni_3.wav","train","6.083","5","4","octagonOmni","3"
"5x_4y_6.083m_octagonOmni_4.wav","train","6.083","5","4","octagonOmni","4"
"5x_5y_7.071m_greathallOmni_0.wav","train","7.071","5","5","greathallOmni","0"
"5x_5y_7.071m_greathallOmni_1.wav","train","7.071","5","5","greathallOmni","1"
"5x_5y_7.071m_greathallOmni_2.wav","train","7.071","5","5","greathallOmni","2"
"5x_5y_7.071m_greathallOmni_3.wav","train","7.071","5","5","greathallOmni","3"
"5x_5y_7.071m_greathallOmni_4.wav","train","7.071","5","5","greathallOmni","4"
"5x_5y_7.071m_octagonOmni_0.wav","train","7.071","5","5","octagonOmni","0"
"5x_5y_7.071m_octagonOmni_1.wav","train","7.071","5","5","octagonOmni","1"
"5x_5y_7.071m_octagonOmni_2.wav","train","7.071","5","5","octagonOmni","2"
"5x_5y_7.071m_octagonOmni_3.wav","train","7.071","5","5","octagonOmni","3"
"5x_5y_7.071m_octagonOmni_4.wav","train","7.071","5","5","octagonOmni","4"
"5x_6y_8.062m_greathallOmni_0.wav","train","8.062","5","6","greathallOmni","0"
"5x_6y_8.062m_greathallOmni_1.wav","train","8.062","5","6","greathallOmni","1"
"5x_6y_8.062m_greathallOmni_2.wav","train","8.062","5","6","greathallOmni","2"
"5x_6y_8.062m_greathallOmni_3.wav","train","8.062","5","6","greathallOmni","3"
"5x_6y_8.062m_greathallOmni_4.wav","train","8.062","5","6","greathallOmni","4"
"5x_6y_8.062m_octagonOmni_0.wav","train","8.062","5","6","octagonOmni","0"
"5x_6y_8.062m_octagonOmni_1.wav","train","8.062","5","6","octagonOmni","1"
"5x_6y_8.062m_octagonOmni_2.wav","train","8.062","5","6","octagonOmni","2"
"5x_6y_8.062m_octagonOmni_3.wav","train","8.062","5","6","octagonOmni","3"
"5x_6y_8.062m_octagonOmni_4.wav","train","8.062","5","6","octagonOmni","4"
"5x_7y_9.055m_greathallOmni_0.wav","train","9.055","5","7","greathallOmni","0"
"5x_7y_9.055m_greathallOmni_1.wav","train","9.055","5","7","greathallOmni","1"
"5x_7y_9.055m_greathallOmni_2.wav","train","9.055","5","7","greathallOmni","2"
"5x_7y_9.055m_greathallOmni_3.wav","train","9.055","5","7","greathallOmni","3"
"5x_7y_9.055m_greathallOmni_4.wav","train","9.055","5","7","greathallOmni","4"
"5x_7y_9.055m_octagonOmni_0.wav","train","9.055","5","7","octagonOmni","0"
"5x_7y_9.055m_octagonOmni_1.wav","train","9.055","5","7","octagonOmni","1"
"5x_7y_9.055m_octagonOmni_2.wav","train","9.055","5","7","octagonOmni","2"
"5x_7y_9.055m_octagonOmni_3.wav","train","9.055","5","7","octagonOmni","3"
"5x_7y_9.055m_octagonOmni_4.wav","train","9.055","5","7","octagonOmni","4"
"5x_8y_10.050m_greathallOmni_0.wav","train","10.05","5","8","greathallOmni","0"
"5x_8y_10.050m_greathallOmni_1.wav","train","10.05","5","8","greathallOmni","1"
"5x_8y_10.050m_greathallOmni_2.wav","train","10.05","5","8","greathallOmni","2"
"5x_8y_10.050m_greathallOmni_3.wav","train","10.05","5","8","greathallOmni","3"
"5x_8y_10.050m_greathallOmni_4.wav","train","10.05","5","8","greathallOmni","4"
"5x_8y_10.050m_octagonOmni_0.wav","train","10.05","5","8","octagonOmni","0"
"5x_8y_10.050m_octagonOmni_1.wav","train","10.05","5","8","octagonOmni","1"
"5x_8y_10.050m_octagonOmni_2.wav","train","10.05","5","8","octagonOmni","2"
"5x_8y_10.050m_octagonOmni_3.wav","train","10.05","5","8","octagonOmni","3"
"5x_8y_10.050m_octagonOmni_4.wav","train","10.05","5","8","octagonOmni","4"
"5x_9y_11.045m_greathallOmni_0.wav","train","11.045","5","9","greathallOmni","0"
"5x_9y_11.045m_greathallOmni_1.wav","train","11.045","5","9","greathallOmni","1"
"5x_9y_11.045m_greathallOmni_2.wav","train","11.045","5","9","greathallOmni","2"
"5x_9y_11.045m_greathallOmni_3.wav","train","11.045","5","9","greathallOmni","3"
"5x_9y_11.045m_greathallOmni_4.wav","train","11.045","5","9","greathallOmni","4"
"5x_9y_11.045m_octagonOmni_0.wav","train","11.045","5","9","octagonOmni","0"
"5x_9y_11.045m_octagonOmni_1.wav","train","11.045","5","9","octagonOmni","1"
"5x_9y_11.045m_octagonOmni_2.wav","train","11.045","5","9","octagonOmni","2"
"5x_9y_11.045m_octagonOmni_3.wav","train","11.045","5","9","octagonOmni","3"
"5x_9y_11.045m_octagonOmni_4.wav","train","11.045","5","9","octagonOmni","4"
"60x_0y_15.133m_classroomOmni_0.wav","train","15.133","60","0","classroomOmni","0"
"60x_0y_15.133m_classroomOmni_1.wav","train","15.133","60","0","classroomOmni","1"
"60x_0y_15.133m_classroomOmni_2.wav","train","15.133","60","0","classroomOmni","2"
"60x_0y_15.133m_classroomOmni_3.wav","train","15.133","60","0","classroomOmni","3"
"60x_0y_15.133m_classroomOmni_4.wav","train","15.133","60","0","classroomOmni","4"
"60x_10y_15.297m_classroomOmni_0.wav","train","15.297","60","10","classroomOmni","0"
"60x_10y_15.297m_classroomOmni_1.wav","train","15.297","60","10","classroomOmni","1"
"60x_10y_15.297m_classroomOmni_2.wav","train","15.297","60","10","classroomOmni","2"
"60x_10y_15.297m_classroomOmni_3.wav","train","15.297","60","10","classroomOmni","3"
"60x_10y_15.297m_classroomOmni_4.wav","train","15.297","60","10","classroomOmni","4"
"60x_15y_15.403m_classroomOmni_0.wav","train","15.403","60","15","classroomOmni","0"
"60x_15y_15.403m_classroomOmni_1.wav","train","15.403","60","15","classroomOmni","1"
"60x_15y_15.403m_classroomOmni_2.wav","train","15.403","60","15","classroomOmni","2"
"60x_15y_15.403m_classroomOmni_3.wav","train","15.403","60","15","classroomOmni","3"
"60x_15y_15.403m_classroomOmni_4.wav","train","15.403","60","15","classroomOmni","4"
"60x_20y_15.524m_classroomOmni_0.wav","train","15.524","60","20","classroomOmni","0"
"60x_20y_15.524m_classroomOmni_1.wav","train","15.524","60","20","classroomOmni","1"
"60x_20y_15.524m_classroomOmni_2.wav","train","15.524","60","20","classroomOmni","2"
"60x_20y_15.524m_classroomOmni_3.wav","train","15.524","60","20","classroomOmni","3"
"60x_20y_15.524m_classroomOmni_4.wav","train","15.524","60","20","classroomOmni","4"
"60x_25y_15.660m_classroomOmni_0.wav","train","15.66","60","25","classroomOmni","0"
"60x_25y_15.660m_classroomOmni_1.wav","train","15.66","60","25","classroomOmni","1"
"60x_25y_15.660m_classroomOmni_2.wav","train","15.66","60","25","classroomOmni","2"
"60x_25y_15.660m_classroomOmni_3.wav","train","15.66","60","25","classroomOmni","3"
"60x_25y_15.660m_classroomOmni_4.wav","train","15.66","60","25","classroomOmni","4"
"60x_30y_15.811m_classroomOmni_0.wav","train","15.811","60","30","classroomOmni","0"
"60x_30y_15.811m_classroomOmni_1.wav","train","15.811","60","30","classroomOmni","1"
"60x_30y_15.811m_classroomOmni_2.wav","train","15.811","60","30","classroomOmni","2"
"60x_30y_15.811m_classroomOmni_3.wav","train","15.811","60","30","classroomOmni","3"
"60x_30y_15.811m_classroomOmni_4.wav","train","15.811","60","30","classroomOmni","4"
"60x_35y_15.977m_classroomOmni_0.wav","train","15.977","60","35","classroomOmni","0"
"60x_35y_15.977m_classroomOmni_1.wav","train","15.977","60","35","classroomOmni","1"
"60x_35y_15.977m_classroomOmni_2.wav","train","15.977","60","35","classroomOmni","2"
"60x_35y_15.977m_classroomOmni_3.wav","train","15.977","60","35","classroomOmni","3"
"60x_35y_15.977m_classroomOmni_4.wav","train","15.977","60","35","classroomOmni","4"
"60x_40y_16.155m_classroomOmni_0.wav","train","16.155","60","40","classroomOmni","0"
"60x_40y_16.155m_classroomOmni_1.wav","train","16.155","60","40","classroomOmni","1"
"60x_40y_16.155m_classroomOmni_2.wav","train","16.155","60","40","classroomOmni","2"
"60x_40y_16.155m_classroomOmni_3.wav","train","16.155","60","40","classroomOmni","3"
"60x_40y_16.155m_classroomOmni_4.wav","train","16.155","60","40","classroomOmni","4"
"60x_45y_16.348m_classroomOmni_0.wav","train","16.348","60","45","classroomOmni","0"
"60x_45y_16.348m_classroomOmni_1.wav","train","16.348","60","45","classroomOmni","1"
"60x_45y_16.348m_classroomOmni_2.wav","train","16.348","60","45","classroomOmni","2"
"60x_45y_16.348m_classroomOmni_3.wav","train","16.348","60","45","classroomOmni","3"
"60x_45y_16.348m_classroomOmni_4.wav","train","16.348","60","45","classroomOmni","4"
"60x_5y_15.207m_classroomOmni_0.wav","train","15.207","60","5","classroomOmni","0"
"60x_5y_15.207m_classroomOmni_1.wav","train","15.207","60","5","classroomOmni","1"
"60x_5y_15.207m_classroomOmni_2.wav","train","15.207","60","5","classroomOmni","2"
"60x_5y_15.207m_classroomOmni_3.wav","train","15.207","60","5","classroomOmni","3"
"60x_5y_15.207m_classroomOmni_4.wav","train","15.207","60","5","classroomOmni","4"
"6x_0y_2.000m_greathallOmni_0.wav","train","2","6","0","greathallOmni","0"
"6x_0y_2.000m_greathallOmni_1.wav","train","2","6","0","greathallOmni","1"
"6x_0y_2.000m_greathallOmni_2.wav","train","2","6","0","greathallOmni","2"
"6x_0y_2.000m_greathallOmni_3.wav","train","2","6","0","greathallOmni","3"
"6x_0y_2.000m_greathallOmni_4.wav","train","2","6","0","greathallOmni","4"
"6x_10y_12.000m_greathallOmni_0.wav","train","12","6","10","greathallOmni","0"
"6x_10y_12.000m_greathallOmni_1.wav","train","12","6","10","greathallOmni","1"
"6x_10y_12.000m_greathallOmni_2.wav","train","12","6","10","greathallOmni","2"
"6x_10y_12.000m_greathallOmni_3.wav","train","12","6","10","greathallOmni","3"
"6x_10y_12.000m_greathallOmni_4.wav","train","12","6","10","greathallOmni","4"
"6x_11y_13.000m_greathallOmni_0.wav","train","13","6","11","greathallOmni","0"
"6x_11y_13.000m_greathallOmni_1.wav","train","13","6","11","greathallOmni","1"
"6x_11y_13.000m_greathallOmni_2.wav","train","13","6","11","greathallOmni","2"
"6x_11y_13.000m_greathallOmni_3.wav","train","13","6","11","greathallOmni","3"
"6x_11y_13.000m_greathallOmni_4.wav","train","13","6","11","greathallOmni","4"
"6x_12y_14.000m_greathallOmni_0.wav","train","14","6","12","greathallOmni","0"
"6x_12y_14.000m_greathallOmni_1.wav","train","14","6","12","greathallOmni","1"
"6x_12y_14.000m_greathallOmni_2.wav","train","14","6","12","greathallOmni","2"
"6x_12y_14.000m_greathallOmni_3.wav","train","14","6","12","greathallOmni","3"
"6x_12y_14.000m_greathallOmni_4.wav","train","14","6","12","greathallOmni","4"
"6x_1y_3.000m_greathallOmni_0.wav","train","3","6","1","greathallOmni","0"
"6x_1y_3.000m_greathallOmni_1.wav","train","3","6","1","greathallOmni","1"
"6x_1y_3.000m_greathallOmni_2.wav","train","3","6","1","greathallOmni","2"
"6x_1y_3.000m_greathallOmni_3.wav","train","3","6","1","greathallOmni","3"
"6x_1y_3.000m_greathallOmni_4.wav","train","3","6","1","greathallOmni","4"
"6x_2y_4.000m_greathallOmni_0.wav","train","4","6","2","greathallOmni","0"
"6x_2y_4.000m_greathallOmni_1.wav","train","4","6","2","greathallOmni","1"
"6x_2y_4.000m_greathallOmni_2.wav","train","4","6","2","greathallOmni","2"
"6x_2y_4.000m_greathallOmni_3.wav","train","4","6","2","greathallOmni","3"
"6x_2y_4.000m_greathallOmni_4.wav","train","4","6","2","greathallOmni","4"
"6x_3y_5.000m_greathallOmni_0.wav","train","5","6","3","greathallOmni","0"
"6x_3y_5.000m_greathallOmni_1.wav","train","5","6","3","greathallOmni","1"
"6x_3y_5.000m_greathallOmni_2.wav","train","5","6","3","greathallOmni","2"
"6x_3y_5.000m_greathallOmni_3.wav","train","5","6","3","greathallOmni","3"
"6x_3y_5.000m_greathallOmni_4.wav","train","5","6","3","greathallOmni","4"
"6x_4y_6.000m_greathallOmni_0.wav","train","6","6","4","greathallOmni","0"
"6x_4y_6.000m_greathallOmni_1.wav","train","6","6","4","greathallOmni","1"
"6x_4y_6.000m_greathallOmni_2.wav","train","6","6","4","greathallOmni","2"
"6x_4y_6.000m_greathallOmni_3.wav","train","6","6","4","greathallOmni","3"
"6x_4y_6.000m_greathallOmni_4.wav","train","6","6","4","greathallOmni","4"
"6x_5y_7.000m_greathallOmni_0.wav","train","7","6","5","greathallOmni","0"
"6x_5y_7.000m_greathallOmni_1.wav","train","7","6","5","greathallOmni","1"
"6x_5y_7.000m_greathallOmni_2.wav","train","7","6","5","greathallOmni","2"
"6x_5y_7.000m_greathallOmni_3.wav","train","7","6","5","greathallOmni","3"
"6x_5y_7.000m_greathallOmni_4.wav","train","7","6","5","greathallOmni","4"
"6x_6y_8.000m_greathallOmni_0.wav","train","8","6","6","greathallOmni","0"
"6x_6y_8.000m_greathallOmni_1.wav","train","8","6","6","greathallOmni","1"
"6x_6y_8.000m_greathallOmni_2.wav","train","8","6","6","greathallOmni","2"
"6x_6y_8.000m_greathallOmni_3.wav","train","8","6","6","greathallOmni","3"
"6x_6y_8.000m_greathallOmni_4.wav","train","8","6","6","greathallOmni","4"
"6x_7y_9.000m_greathallOmni_0.wav","train","9","6","7","greathallOmni","0"
"6x_7y_9.000m_greathallOmni_1.wav","train","9","6","7","greathallOmni","1"
"6x_7y_9.000m_greathallOmni_2.wav","train","9","6","7","greathallOmni","2"
"6x_7y_9.000m_greathallOmni_3.wav","train","9","6","7","greathallOmni","3"
"6x_7y_9.000m_greathallOmni_4.wav","train","9","6","7","greathallOmni","4"
"6x_8y_10.000m_greathallOmni_0.wav","train","10","6","8","greathallOmni","0"
"6x_8y_10.000m_greathallOmni_1.wav","train","10","6","8","greathallOmni","1"
"6x_8y_10.000m_greathallOmni_2.wav","train","10","6","8","greathallOmni","2"
"6x_8y_10.000m_greathallOmni_3.wav","train","10","6","8","greathallOmni","3"
"6x_8y_10.000m_greathallOmni_4.wav","train","10","6","8","greathallOmni","4"
"6x_9y_11.000m_greathallOmni_0.wav","train","11","6","9","greathallOmni","0"
"6x_9y_11.000m_greathallOmni_1.wav","train","11","6","9","greathallOmni","1"
"6x_9y_11.000m_greathallOmni_2.wav","train","11","6","9","greathallOmni","2"
"6x_9y_11.000m_greathallOmni_3.wav","train","11","6","9","greathallOmni","3"
"6x_9y_11.000m_greathallOmni_4.wav","train","11","6","9","greathallOmni","4"
"7x_0y_2.236m_greathallOmni_0.wav","train","2.236","7","0","greathallOmni","0"
"7x_0y_2.236m_greathallOmni_1.wav","train","2.236","7","0","greathallOmni","1"
"7x_0y_2.236m_greathallOmni_2.wav","train","2.236","7","0","greathallOmni","2"
"7x_0y_2.236m_greathallOmni_3.wav","train","2.236","7","0","greathallOmni","3"
"7x_0y_2.236m_greathallOmni_4.wav","train","2.236","7","0","greathallOmni","4"
"7x_0y_2.236m_octagonOmni_0.wav","train","2.236","7","0","octagonOmni","0"
"7x_0y_2.236m_octagonOmni_1.wav","train","2.236","7","0","octagonOmni","1"
"7x_0y_2.236m_octagonOmni_2.wav","train","2.236","7","0","octagonOmni","2"
"7x_0y_2.236m_octagonOmni_3.wav","train","2.236","7","0","octagonOmni","3"
"7x_0y_2.236m_octagonOmni_4.wav","train","2.236","7","0","octagonOmni","4"
"7x_10y_12.042m_greathallOmni_0.wav","train","12.042","7","10","greathallOmni","0"
"7x_10y_12.042m_greathallOmni_1.wav","train","12.042","7","10","greathallOmni","1"
"7x_10y_12.042m_greathallOmni_2.wav","train","12.042","7","10","greathallOmni","2"
"7x_10y_12.042m_greathallOmni_3.wav","train","12.042","7","10","greathallOmni","3"
"7x_10y_12.042m_greathallOmni_4.wav","train","12.042","7","10","greathallOmni","4"
"7x_10y_12.042m_octagonOmni_0.wav","train","12.042","7","10","octagonOmni","0"
"7x_10y_12.042m_octagonOmni_1.wav","train","12.042","7","10","octagonOmni","1"
"7x_10y_12.042m_octagonOmni_2.wav","train","12.042","7","10","octagonOmni","2"
"7x_10y_12.042m_octagonOmni_3.wav","train","12.042","7","10","octagonOmni","3"
"7x_10y_12.042m_octagonOmni_4.wav","train","12.042","7","10","octagonOmni","4"
"7x_11y_13.038m_greathallOmni_0.wav","train","13.038","7","11","greathallOmni","0"
"7x_11y_13.038m_greathallOmni_1.wav","train","13.038","7","11","greathallOmni","1"
"7x_11y_13.038m_greathallOmni_2.wav","train","13.038","7","11","greathallOmni","2"
"7x_11y_13.038m_greathallOmni_3.wav","train","13.038","7","11","greathallOmni","3"
"7x_11y_13.038m_greathallOmni_4.wav","train","13.038","7","11","greathallOmni","4"
"7x_11y_13.038m_octagonOmni_0.wav","train","13.038","7","11","octagonOmni","0"
"7x_11y_13.038m_octagonOmni_1.wav","train","13.038","7","11","octagonOmni","1"
"7x_11y_13.038m_octagonOmni_2.wav","train","13.038","7","11","octagonOmni","2"
"7x_11y_13.038m_octagonOmni_3.wav","train","13.038","7","11","octagonOmni","3"
"7x_11y_13.038m_octagonOmni_4.wav","train","13.038","7","11","octagonOmni","4"
"7x_12y_14.036m_greathallOmni_0.wav","train","14.036","7","12","greathallOmni","0"
"7x_12y_14.036m_greathallOmni_1.wav","train","14.036","7","12","greathallOmni","1"
"7x_12y_14.036m_greathallOmni_2.wav","train","14.036","7","12","greathallOmni","2"
"7x_12y_14.036m_greathallOmni_3.wav","train","14.036","7","12","greathallOmni","3"
"7x_12y_14.036m_greathallOmni_4.wav","train","14.036","7","12","greathallOmni","4"
"7x_12y_14.036m_octagonOmni_0.wav","train","14.036","7","12","octagonOmni","0"
"7x_12y_14.036m_octagonOmni_1.wav","train","14.036","7","12","octagonOmni","1"
"7x_12y_14.036m_octagonOmni_2.wav","train","14.036","7","12","octagonOmni","2"
"7x_12y_14.036m_octagonOmni_3.wav","train","14.036","7","12","octagonOmni","3"
"7x_12y_14.036m_octagonOmni_4.wav","train","14.036","7","12","octagonOmni","4"
"7x_1y_3.162m_greathallOmni_0.wav","train","3.162","7","1","greathallOmni","0"
"7x_1y_3.162m_greathallOmni_1.wav","train","3.162","7","1","greathallOmni","1"
"7x_1y_3.162m_greathallOmni_2.wav","train","3.162","7","1","greathallOmni","2"
"7x_1y_3.162m_greathallOmni_3.wav","train","3.162","7","1","greathallOmni","3"
"7x_1y_3.162m_greathallOmni_4.wav","train","3.162","7","1","greathallOmni","4"
"7x_1y_3.162m_octagonOmni_0.wav","train","3.162","7","1","octagonOmni","0"
"7x_1y_3.162m_octagonOmni_1.wav","train","3.162","7","1","octagonOmni","1"
"7x_1y_3.162m_octagonOmni_2.wav","train","3.162","7","1","octagonOmni","2"
"7x_1y_3.162m_octagonOmni_3.wav","train","3.162","7","1","octagonOmni","3"
"7x_1y_3.162m_octagonOmni_4.wav","train","3.162","7","1","octagonOmni","4"
"7x_2y_4.123m_greathallOmni_0.wav","train","4.123","7","2","greathallOmni","0"
"7x_2y_4.123m_greathallOmni_1.wav","train","4.123","7","2","greathallOmni","1"
"7x_2y_4.123m_greathallOmni_2.wav","train","4.123","7","2","greathallOmni","2"
"7x_2y_4.123m_greathallOmni_3.wav","train","4.123","7","2","greathallOmni","3"
"7x_2y_4.123m_greathallOmni_4.wav","train","4.123","7","2","greathallOmni","4"
"7x_2y_4.123m_octagonOmni_0.wav","train","4.123","7","2","octagonOmni","0"
"7x_2y_4.123m_octagonOmni_1.wav","train","4.123","7","2","octagonOmni","1"
"7x_2y_4.123m_octagonOmni_2.wav","train","4.123","7","2","octagonOmni","2"
"7x_2y_4.123m_octagonOmni_3.wav","train","4.123","7","2","octagonOmni","3"
"7x_2y_4.123m_octagonOmni_4.wav","train","4.123","7","2","octagonOmni","4"
"7x_3y_5.099m_greathallOmni_0.wav","train","5.099","7","3","greathallOmni","0"
"7x_3y_5.099m_greathallOmni_1.wav","train","5.099","7","3","greathallOmni","1"
"7x_3y_5.099m_greathallOmni_2.wav","train","5.099","7","3","greathallOmni","2"
"7x_3y_5.099m_greathallOmni_3.wav","train","5.099","7","3","greathallOmni","3"
"7x_3y_5.099m_greathallOmni_4.wav","train","5.099","7","3","greathallOmni","4"
"7x_3y_5.099m_octagonOmni_0.wav","train","5.099","7","3","octagonOmni","0"
"7x_3y_5.099m_octagonOmni_1.wav","train","5.099","7","3","octagonOmni","1"
"7x_3y_5.099m_octagonOmni_2.wav","train","5.099","7","3","octagonOmni","2"
"7x_3y_5.099m_octagonOmni_3.wav","train","5.099","7","3","octagonOmni","3"
"7x_3y_5.099m_octagonOmni_4.wav","train","5.099","7","3","octagonOmni","4"
"7x_4y_6.083m_greathallOmni_0.wav","train","6.083","7","4","greathallOmni","0"
"7x_4y_6.083m_greathallOmni_1.wav","train","6.083","7","4","greathallOmni","1"
"7x_4y_6.083m_greathallOmni_2.wav","train","6.083","7","4","greathallOmni","2"
"7x_4y_6.083m_greathallOmni_3.wav","train","6.083","7","4","greathallOmni","3"
"7x_4y_6.083m_greathallOmni_4.wav","train","6.083","7","4","greathallOmni","4"
"7x_4y_6.083m_octagonOmni_0.wav","train","6.083","7","4","octagonOmni","0"
"7x_4y_6.083m_octagonOmni_1.wav","train","6.083","7","4","octagonOmni","1"
"7x_4y_6.083m_octagonOmni_2.wav","train","6.083","7","4","octagonOmni","2"
"7x_4y_6.083m_octagonOmni_3.wav","train","6.083","7","4","octagonOmni","3"
"7x_4y_6.083m_octagonOmni_4.wav","train","6.083","7","4","octagonOmni","4"
"7x_5y_7.071m_greathallOmni_0.wav","train","7.071","7","5","greathallOmni","0"
"7x_5y_7.071m_greathallOmni_1.wav","train","7.071","7","5","greathallOmni","1"
"7x_5y_7.071m_greathallOmni_2.wav","train","7.071","7","5","greathallOmni","2"
"7x_5y_7.071m_greathallOmni_3.wav","train","7.071","7","5","greathallOmni","3"
"7x_5y_7.071m_greathallOmni_4.wav","train","7.071","7","5","greathallOmni","4"
"7x_5y_7.071m_octagonOmni_0.wav","train","7.071","7","5","octagonOmni","0"
"7x_5y_7.071m_octagonOmni_1.wav","train","7.071","7","5","octagonOmni","1"
"7x_5y_7.071m_octagonOmni_2.wav","train","7.071","7","5","octagonOmni","2"
"7x_5y_7.071m_octagonOmni_3.wav","train","7.071","7","5","octagonOmni","3"
"7x_5y_7.071m_octagonOmni_4.wav","train","7.071","7","5","octagonOmni","4"
"7x_6y_8.062m_greathallOmni_0.wav","train","8.062","7","6","greathallOmni","0"
"7x_6y_8.062m_greathallOmni_1.wav","train","8.062","7","6","greathallOmni","1"
"7x_6y_8.062m_greathallOmni_2.wav","train","8.062","7","6","greathallOmni","2"
"7x_6y_8.062m_greathallOmni_3.wav","train","8.062","7","6","greathallOmni","3"
"7x_6y_8.062m_greathallOmni_4.wav","train","8.062","7","6","greathallOmni","4"
"7x_6y_8.062m_octagonOmni_0.wav","train","8.062","7","6","octagonOmni","0"
"7x_6y_8.062m_octagonOmni_1.wav","train","8.062","7","6","octagonOmni","1"
"7x_6y_8.062m_octagonOmni_2.wav","train","8.062","7","6","octagonOmni","2"
"7x_6y_8.062m_octagonOmni_3.wav","train","8.062","7","6","octagonOmni","3"
"7x_6y_8.062m_octagonOmni_4.wav","train","8.062","7","6","octagonOmni","4"
"7x_7y_9.055m_greathallOmni_0.wav","train","9.055","7","7","greathallOmni","0"
"7x_7y_9.055m_greathallOmni_1.wav","train","9.055","7","7","greathallOmni","1"
"7x_7y_9.055m_greathallOmni_2.wav","train","9.055","7","7","greathallOmni","2"
"7x_7y_9.055m_greathallOmni_3.wav","train","9.055","7","7","greathallOmni","3"
"7x_7y_9.055m_greathallOmni_4.wav","train","9.055","7","7","greathallOmni","4"
"7x_7y_9.055m_octagonOmni_0.wav","train","9.055","7","7","octagonOmni","0"
"7x_7y_9.055m_octagonOmni_1.wav","train","9.055","7","7","octagonOmni","1"
"7x_7y_9.055m_octagonOmni_2.wav","train","9.055","7","7","octagonOmni","2"
"7x_7y_9.055m_octagonOmni_3.wav","train","9.055","7","7","octagonOmni","3"
"7x_7y_9.055m_octagonOmni_4.wav","train","9.055","7","7","octagonOmni","4"
"7x_8y_10.050m_greathallOmni_0.wav","train","10.05","7","8","greathallOmni","0"
"7x_8y_10.050m_greathallOmni_1.wav","train","10.05","7","8","greathallOmni","1"
"7x_8y_10.050m_greathallOmni_2.wav","train","10.05","7","8","greathallOmni","2"
"7x_8y_10.050m_greathallOmni_3.wav","train","10.05","7","8","greathallOmni","3"
"7x_8y_10.050m_greathallOmni_4.wav","train","10.05","7","8","greathallOmni","4"
"7x_8y_10.050m_octagonOmni_0.wav","train","10.05","7","8","octagonOmni","0"
"7x_8y_10.050m_octagonOmni_1.wav","train","10.05","7","8","octagonOmni","1"
"7x_8y_10.050m_octagonOmni_2.wav","train","10.05","7","8","octagonOmni","2"
"7x_8y_10.050m_octagonOmni_3.wav","train","10.05","7","8","octagonOmni","3"
"7x_8y_10.050m_octagonOmni_4.wav","train","10.05","7","8","octagonOmni","4"
"7x_9y_11.045m_greathallOmni_0.wav","train","11.045","7","9","greathallOmni","0"
"7x_9y_11.045m_greathallOmni_1.wav","train","11.045","7","9","greathallOmni","1"
"7x_9y_11.045m_greathallOmni_2.wav","train","11.045","7","9","greathallOmni","2"
"7x_9y_11.045m_greathallOmni_3.wav","train","11.045","7","9","greathallOmni","3"
"7x_9y_11.045m_greathallOmni_4.wav","train","11.045","7","9","greathallOmni","4"
"7x_9y_11.045m_octagonOmni_0.wav","train","11.045","7","9","octagonOmni","0"
"7x_9y_11.045m_octagonOmni_1.wav","train","11.045","7","9","octagonOmni","1"
"7x_9y_11.045m_octagonOmni_2.wav","train","11.045","7","9","octagonOmni","2"
"7x_9y_11.045m_octagonOmni_3.wav","train","11.045","7","9","octagonOmni","3"
"7x_9y_11.045m_octagonOmni_4.wav","train","11.045","7","9","octagonOmni","4"
"8x_0y_2.828m_greathallOmni_0.wav","train","2.828","8","0","greathallOmni","0"
"8x_0y_2.828m_greathallOmni_1.wav","train","2.828","8","0","greathallOmni","1"
"8x_0y_2.828m_greathallOmni_2.wav","train","2.828","8","0","greathallOmni","2"
"8x_0y_2.828m_greathallOmni_3.wav","train","2.828","8","0","greathallOmni","3"
"8x_0y_2.828m_greathallOmni_4.wav","train","2.828","8","0","greathallOmni","4"
"8x_0y_2.828m_octagonOmni_0.wav","train","2.828","8","0","octagonOmni","0"
"8x_0y_2.828m_octagonOmni_1.wav","train","2.828","8","0","octagonOmni","1"
"8x_0y_2.828m_octagonOmni_2.wav","train","2.828","8","0","octagonOmni","2"
"8x_0y_2.828m_octagonOmni_3.wav","train","2.828","8","0","octagonOmni","3"
"8x_0y_2.828m_octagonOmni_4.wav","train","2.828","8","0","octagonOmni","4"
"8x_10y_12.166m_greathallOmni_0.wav","train","12.166","8","10","greathallOmni","0"
"8x_10y_12.166m_greathallOmni_1.wav","train","12.166","8","10","greathallOmni","1"
"8x_10y_12.166m_greathallOmni_2.wav","train","12.166","8","10","greathallOmni","2"
"8x_10y_12.166m_greathallOmni_3.wav","train","12.166","8","10","greathallOmni","3"
"8x_10y_12.166m_greathallOmni_4.wav","train","12.166","8","10","greathallOmni","4"
"8x_10y_12.166m_octagonOmni_0.wav","train","12.166","8","10","octagonOmni","0"
"8x_10y_12.166m_octagonOmni_1.wav","train","12.166","8","10","octagonOmni","1"
"8x_10y_12.166m_octagonOmni_2.wav","train","12.166","8","10","octagonOmni","2"
"8x_10y_12.166m_octagonOmni_3.wav","train","12.166","8","10","octagonOmni","3"
"8x_10y_12.166m_octagonOmni_4.wav","train","12.166","8","10","octagonOmni","4"
"8x_11y_13.153m_greathallOmni_0.wav","train","13.153","8","11","greathallOmni","0"
"8x_11y_13.153m_greathallOmni_1.wav","train","13.153","8","11","greathallOmni","1"
"8x_11y_13.153m_greathallOmni_2.wav","train","13.153","8","11","greathallOmni","2"
"8x_11y_13.153m_greathallOmni_3.wav","train","13.153","8","11","greathallOmni","3"
"8x_11y_13.153m_greathallOmni_4.wav","train","13.153","8","11","greathallOmni","4"
"8x_11y_13.153m_octagonOmni_0.wav","train","13.153","8","11","octagonOmni","0"
"8x_11y_13.153m_octagonOmni_1.wav","train","13.153","8","11","octagonOmni","1"
"8x_11y_13.153m_octagonOmni_2.wav","train","13.153","8","11","octagonOmni","2"
"8x_11y_13.153m_octagonOmni_3.wav","train","13.153","8","11","octagonOmni","3"
"8x_11y_13.153m_octagonOmni_4.wav","train","13.153","8","11","octagonOmni","4"
"8x_12y_14.142m_greathallOmni_0.wav","train","14.142","8","12","greathallOmni","0"
"8x_12y_14.142m_greathallOmni_1.wav","train","14.142","8","12","greathallOmni","1"
"8x_12y_14.142m_greathallOmni_2.wav","train","14.142","8","12","greathallOmni","2"
"8x_12y_14.142m_greathallOmni_3.wav","train","14.142","8","12","greathallOmni","3"
"8x_12y_14.142m_greathallOmni_4.wav","train","14.142","8","12","greathallOmni","4"
"8x_12y_14.142m_octagonOmni_0.wav","train","14.142","8","12","octagonOmni","0"
"8x_12y_14.142m_octagonOmni_1.wav","train","14.142","8","12","octagonOmni","1"
"8x_12y_14.142m_octagonOmni_2.wav","train","14.142","8","12","octagonOmni","2"
"8x_12y_14.142m_octagonOmni_3.wav","train","14.142","8","12","octagonOmni","3"
"8x_12y_14.142m_octagonOmni_4.wav","train","14.142","8","12","octagonOmni","4"
"8x_1y_3.606m_greathallOmni_0.wav","train","3.606","8","1","greathallOmni","0"
"8x_1y_3.606m_greathallOmni_1.wav","train","3.606","8","1","greathallOmni","1"
"8x_1y_3.606m_greathallOmni_2.wav","train","3.606","8","1","greathallOmni","2"
"8x_1y_3.606m_greathallOmni_3.wav","train","3.606","8","1","greathallOmni","3"
"8x_1y_3.606m_greathallOmni_4.wav","train","3.606","8","1","greathallOmni","4"
"8x_1y_3.606m_octagonOmni_0.wav","train","3.606","8","1","octagonOmni","0"
"8x_1y_3.606m_octagonOmni_1.wav","train","3.606","8","1","octagonOmni","1"
"8x_1y_3.606m_octagonOmni_2.wav","train","3.606","8","1","octagonOmni","2"
"8x_1y_3.606m_octagonOmni_3.wav","train","3.606","8","1","octagonOmni","3"
"8x_1y_3.606m_octagonOmni_4.wav","train","3.606","8","1","octagonOmni","4"
"8x_2y_4.472m_greathallOmni_0.wav","train","4.472","8","2","greathallOmni","0"
"8x_2y_4.472m_greathallOmni_1.wav","train","4.472","8","2","greathallOmni","1"
"8x_2y_4.472m_greathallOmni_2.wav","train","4.472","8","2","greathallOmni","2"
"8x_2y_4.472m_greathallOmni_3.wav","train","4.472","8","2","greathallOmni","3"
"8x_2y_4.472m_greathallOmni_4.wav","train","4.472","8","2","greathallOmni","4"
"8x_2y_4.472m_octagonOmni_0.wav","train","4.472","8","2","octagonOmni","0"
"8x_2y_4.472m_octagonOmni_1.wav","train","4.472","8","2","octagonOmni","1"
"8x_2y_4.472m_octagonOmni_2.wav","train","4.472","8","2","octagonOmni","2"
"8x_2y_4.472m_octagonOmni_3.wav","train","4.472","8","2","octagonOmni","3"
"8x_2y_4.472m_octagonOmni_4.wav","train","4.472","8","2","octagonOmni","4"
"8x_3y_5.385m_greathallOmni_0.wav","train","5.385","8","3","greathallOmni","0"
"8x_3y_5.385m_greathallOmni_1.wav","train","5.385","8","3","greathallOmni","1"
"8x_3y_5.385m_greathallOmni_2.wav","train","5.385","8","3","greathallOmni","2"
"8x_3y_5.385m_greathallOmni_3.wav","train","5.385","8","3","greathallOmni","3"
"8x_3y_5.385m_greathallOmni_4.wav","train","5.385","8","3","greathallOmni","4"
"8x_3y_5.385m_octagonOmni_0.wav","train","5.385","8","3","octagonOmni","0"
"8x_3y_5.385m_octagonOmni_1.wav","train","5.385","8","3","octagonOmni","1"
"8x_3y_5.385m_octagonOmni_2.wav","train","5.385","8","3","octagonOmni","2"
"8x_3y_5.385m_octagonOmni_3.wav","train","5.385","8","3","octagonOmni","3"
"8x_3y_5.385m_octagonOmni_4.wav","train","5.385","8","3","octagonOmni","4"
"8x_4y_6.325m_greathallOmni_0.wav","train","6.325","8","4","greathallOmni","0"
"8x_4y_6.325m_greathallOmni_1.wav","train","6.325","8","4","greathallOmni","1"
"8x_4y_6.325m_greathallOmni_2.wav","train","6.325","8","4","greathallOmni","2"
"8x_4y_6.325m_greathallOmni_3.wav","train","6.325","8","4","greathallOmni","3"
"8x_4y_6.325m_greathallOmni_4.wav","train","6.325","8","4","greathallOmni","4"
"8x_4y_6.325m_octagonOmni_0.wav","train","6.325","8","4","octagonOmni","0"
"8x_4y_6.325m_octagonOmni_1.wav","train","6.325","8","4","octagonOmni","1"
"8x_4y_6.325m_octagonOmni_2.wav","train","6.325","8","4","octagonOmni","2"
"8x_4y_6.325m_octagonOmni_3.wav","train","6.325","8","4","octagonOmni","3"
"8x_4y_6.325m_octagonOmni_4.wav","train","6.325","8","4","octagonOmni","4"
"8x_5y_7.280m_greathallOmni_0.wav","train","7.28","8","5","greathallOmni","0"
"8x_5y_7.280m_greathallOmni_1.wav","train","7.28","8","5","greathallOmni","1"
"8x_5y_7.280m_greathallOmni_2.wav","train","7.28","8","5","greathallOmni","2"
"8x_5y_7.280m_greathallOmni_3.wav","train","7.28","8","5","greathallOmni","3"
"8x_5y_7.280m_greathallOmni_4.wav","train","7.28","8","5","greathallOmni","4"
"8x_5y_7.280m_octagonOmni_0.wav","train","7.28","8","5","octagonOmni","0"
"8x_5y_7.280m_octagonOmni_1.wav","train","7.28","8","5","octagonOmni","1"
"8x_5y_7.280m_octagonOmni_2.wav","train","7.28","8","5","octagonOmni","2"
"8x_5y_7.280m_octagonOmni_3.wav","train","7.28","8","5","octagonOmni","3"
"8x_5y_7.280m_octagonOmni_4.wav","train","7.28","8","5","octagonOmni","4"
"8x_6y_8.246m_greathallOmni_0.wav","train","8.246","8","6","greathallOmni","0"
"8x_6y_8.246m_greathallOmni_1.wav","train","8.246","8","6","greathallOmni","1"
"8x_6y_8.246m_greathallOmni_2.wav","train","8.246","8","6","greathallOmni","2"
"8x_6y_8.246m_greathallOmni_3.wav","train","8.246","8","6","greathallOmni","3"
"8x_6y_8.246m_greathallOmni_4.wav","train","8.246","8","6","greathallOmni","4"
"8x_6y_8.246m_octagonOmni_0.wav","train","8.246","8","6","octagonOmni","0"
"8x_6y_8.246m_octagonOmni_1.wav","train","8.246","8","6","octagonOmni","1"
"8x_6y_8.246m_octagonOmni_2.wav","train","8.246","8","6","octagonOmni","2"
"8x_6y_8.246m_octagonOmni_3.wav","train","8.246","8","6","octagonOmni","3"
"8x_6y_8.246m_octagonOmni_4.wav","train","8.246","8","6","octagonOmni","4"
"8x_7y_9.220m_greathallOmni_0.wav","train","9.22","8","7","greathallOmni","0"
"8x_7y_9.220m_greathallOmni_1.wav","train","9.22","8","7","greathallOmni","1"
"8x_7y_9.220m_greathallOmni_2.wav","train","9.22","8","7","greathallOmni","2"
"8x_7y_9.220m_greathallOmni_3.wav","train","9.22","8","7","greathallOmni","3"
"8x_7y_9.220m_greathallOmni_4.wav","train","9.22","8","7","greathallOmni","4"
"8x_7y_9.220m_octagonOmni_0.wav","train","9.22","8","7","octagonOmni","0"
"8x_7y_9.220m_octagonOmni_1.wav","train","9.22","8","7","octagonOmni","1"
"8x_7y_9.220m_octagonOmni_2.wav","train","9.22","8","7","octagonOmni","2"
"8x_7y_9.220m_octagonOmni_3.wav","train","9.22","8","7","octagonOmni","3"
"8x_7y_9.220m_octagonOmni_4.wav","train","9.22","8","7","octagonOmni","4"
"8x_8y_10.198m_greathallOmni_0.wav","train","10.198","8","8","greathallOmni","0"
"8x_8y_10.198m_greathallOmni_1.wav","train","10.198","8","8","greathallOmni","1"
"8x_8y_10.198m_greathallOmni_2.wav","train","10.198","8","8","greathallOmni","2"
"8x_8y_10.198m_greathallOmni_3.wav","train","10.198","8","8","greathallOmni","3"
"8x_8y_10.198m_greathallOmni_4.wav","train","10.198","8","8","greathallOmni","4"
"8x_8y_10.198m_octagonOmni_0.wav","train","10.198","8","8","octagonOmni","0"
"8x_8y_10.198m_octagonOmni_1.wav","train","10.198","8","8","octagonOmni","1"
"8x_8y_10.198m_octagonOmni_2.wav","train","10.198","8","8","octagonOmni","2"
"8x_8y_10.198m_octagonOmni_3.wav","train","10.198","8","8","octagonOmni","3"
"8x_8y_10.198m_octagonOmni_4.wav","train","10.198","8","8","octagonOmni","4"
"8x_9y_11.180m_greathallOmni_0.wav","train","11.18","8","9","greathallOmni","0"
"8x_9y_11.180m_greathallOmni_1.wav","train","11.18","8","9","greathallOmni","1"
"8x_9y_11.180m_greathallOmni_2.wav","train","11.18","8","9","greathallOmni","2"
"8x_9y_11.180m_greathallOmni_3.wav","train","11.18","8","9","greathallOmni","3"
"8x_9y_11.180m_greathallOmni_4.wav","train","11.18","8","9","greathallOmni","4"
"8x_9y_11.180m_octagonOmni_0.wav","train","11.18","8","9","octagonOmni","0"
"8x_9y_11.180m_octagonOmni_1.wav","train","11.18","8","9","octagonOmni","1"
"8x_9y_11.180m_octagonOmni_2.wav","train","11.18","8","9","octagonOmni","2"
"8x_9y_11.180m_octagonOmni_3.wav","train","11.18","8","9","octagonOmni","3"
"8x_9y_11.180m_octagonOmni_4.wav","train","11.18","8","9","octagonOmni","4"
"9x_0y_3.606m_octagonOmni_0.wav","train","3.606","9","0","octagonOmni","0"
"9x_0y_3.606m_octagonOmni_1.wav","train","3.606","9","0","octagonOmni","1"
"9x_0y_3.606m_octagonOmni_2.wav","train","3.606","9","0","octagonOmni","2"
"9x_0y_3.606m_octagonOmni_3.wav","train","3.606","9","0","octagonOmni","3"
"9x_0y_3.606m_octagonOmni_4.wav","train","3.606","9","0","octagonOmni","4"
"9x_10y_12.369m_octagonOmni_0.wav","train","12.369","9","10","octagonOmni","0"
"9x_10y_12.369m_octagonOmni_1.wav","train","12.369","9","10","octagonOmni","1"
"9x_10y_12.369m_octagonOmni_2.wav","train","12.369","9","10","octagonOmni","2"
"9x_10y_12.369m_octagonOmni_3.wav","train","12.369","9","10","octagonOmni","3"
"9x_10y_12.369m_octagonOmni_4.wav","train","12.369","9","10","octagonOmni","4"
"9x_11y_13.342m_octagonOmni_0.wav","train","13.342","9","11","octagonOmni","0"
"9x_11y_13.342m_octagonOmni_1.wav","train","13.342","9","11","octagonOmni","1"
"9x_11y_13.342m_octagonOmni_2.wav","train","13.342","9","11","octagonOmni","2"
"9x_11y_13.342m_octagonOmni_3.wav","train","13.342","9","11","octagonOmni","3"
"9x_11y_13.342m_octagonOmni_4.wav","train","13.342","9","11","octagonOmni","4"
"9x_12y_14.318m_octagonOmni_0.wav","train","14.318","9","12","octagonOmni","0"
"9x_12y_14.318m_octagonOmni_1.wav","train","14.318","9","12","octagonOmni","1"
"9x_12y_14.318m_octagonOmni_2.wav","train","14.318","9","12","octagonOmni","2"
"9x_12y_14.318m_octagonOmni_3.wav","train","14.318","9","12","octagonOmni","3"
"9x_12y_14.318m_octagonOmni_4.wav","train","14.318","9","12","octagonOmni","4"
"9x_1y_4.243m_octagonOmni_0.wav","train","4.243","9","1","octagonOmni","0"
"9x_1y_4.243m_octagonOmni_1.wav","train","4.243","9","1","octagonOmni","1"
"9x_1y_4.243m_octagonOmni_2.wav","train","4.243","9","1","octagonOmni","2"
"9x_1y_4.243m_octagonOmni_3.wav","train","4.243","9","1","octagonOmni","3"
"9x_1y_4.243m_octagonOmni_4.wav","train","4.243","9","1","octagonOmni","4"
"9x_2y_5.000m_octagonOmni_0.wav","train","5","9","2","octagonOmni","0"
"9x_2y_5.000m_octagonOmni_1.wav","train","5","9","2","octagonOmni","1"
"9x_2y_5.000m_octagonOmni_2.wav","train","5","9","2","octagonOmni","2"
"9x_2y_5.000m_octagonOmni_3.wav","train","5","9","2","octagonOmni","3"
"9x_2y_5.000m_octagonOmni_4.wav","train","5","9","2","octagonOmni","4"
"9x_3y_5.831m_octagonOmni_0.wav","train","5.831","9","3","octagonOmni","0"
"9x_3y_5.831m_octagonOmni_1.wav","train","5.831","9","3","octagonOmni","1"
"9x_3y_5.831m_octagonOmni_2.wav","train","5.831","9","3","octagonOmni","2"
"9x_3y_5.831m_octagonOmni_3.wav","train","5.831","9","3","octagonOmni","3"
"9x_3y_5.831m_octagonOmni_4.wav","train","5.831","9","3","octagonOmni","4"
"9x_4y_6.708m_octagonOmni_0.wav","train","6.708","9","4","octagonOmni","0"
"9x_4y_6.708m_octagonOmni_1.wav","train","6.708","9","4","octagonOmni","1"
"9x_4y_6.708m_octagonOmni_2.wav","train","6.708","9","4","octagonOmni","2"
"9x_4y_6.708m_octagonOmni_3.wav","train","6.708","9","4","octagonOmni","3"
"9x_4y_6.708m_octagonOmni_4.wav","train","6.708","9","4","octagonOmni","4"
"9x_5y_7.616m_octagonOmni_0.wav","train","7.616","9","5","octagonOmni","0"
"9x_5y_7.616m_octagonOmni_1.wav","train","7.616","9","5","octagonOmni","1"
"9x_5y_7.616m_octagonOmni_2.wav","train","7.616","9","5","octagonOmni","2"
"9x_5y_7.616m_octagonOmni_3.wav","train","7.616","9","5","octagonOmni","3"
"9x_5y_7.616m_octagonOmni_4.wav","train","7.616","9","5","octagonOmni","4"
"9x_6y_8.544m_octagonOmni_0.wav","train","8.544","9","6","octagonOmni","0"
"9x_6y_8.544m_octagonOmni_1.wav","train","8.544","9","6","octagonOmni","1"
"9x_6y_8.544m_octagonOmni_2.wav","train","8.544","9","6","octagonOmni","2"
"9x_6y_8.544m_octagonOmni_3.wav","train","8.544","9","6","octagonOmni","3"
"9x_6y_8.544m_octagonOmni_4.wav","train","8.544","9","6","octagonOmni","4"
"9x_7y_9.487m_octagonOmni_0.wav","train","9.487","9","7","octagonOmni","0"
"9x_7y_9.487m_octagonOmni_1.wav","train","9.487","9","7","octagonOmni","1"
"9x_7y_9.487m_octagonOmni_2.wav","train","9.487","9","7","octagonOmni","2"
"9x_7y_9.487m_octagonOmni_3.wav","train","9.487","9","7","octagonOmni","3"
"9x_7y_9.487m_octagonOmni_4.wav","train","9.487","9","7","octagonOmni","4"
"9x_8y_10.440m_octagonOmni_0.wav","train","10.44","9","8","octagonOmni","0"
"9x_8y_10.440m_octagonOmni_1.wav","train","10.44","9","8","octagonOmni","1"
"9x_8y_10.440m_octagonOmni_2.wav","train","10.44","9","8","octagonOmni","2"
"9x_8y_10.440m_octagonOmni_3.wav","train","10.44","9","8","octagonOmni","3"
"9x_8y_10.440m_octagonOmni_4.wav","train","10.44","9","8","octagonOmni","4"
"9x_9y_11.402m_octagonOmni_0.wav","train","11.402","9","9","octagonOmni","0"
"9x_9y_11.402m_octagonOmni_1.wav","train","11.402","9","9","octagonOmni","1"
"9x_9y_11.402m_octagonOmni_2.wav","train","11.402","9","9","octagonOmni","2"
"9x_9y_11.402m_octagonOmni_3.wav","train","11.402","9","9","octagonOmni","3"
"9x_9y_11.402m_octagonOmni_4.wav","train","11.402","9","9","octagonOmni","4"
"2x_0y_4.472m_greathallOmni_0.wav","val","4.472","2","0","greathallOmni","0"
"2x_0y_4.472m_greathallOmni_1.wav","val","4.472","2","0","greathallOmni","1"
"2x_0y_4.472m_greathallOmni_2.wav","val","4.472","2","0","greathallOmni","2"
"2x_0y_4.472m_greathallOmni_3.wav","val","4.472","2","0","greathallOmni","3"
"2x_0y_4.472m_greathallOmni_4.wav","val","4.472","2","0","greathallOmni","4"
"2x_10y_12.649m_greathallOmni_0.wav","val","12.649","2","10","greathallOmni","0"
"2x_10y_12.649m_greathallOmni_1.wav","val","12.649","2","10","greathallOmni","1"
"2x_10y_12.649m_greathallOmni_2.wav","val","12.649","2","10","greathallOmni","2"
"2x_10y_12.649m_greathallOmni_3.wav","val","12.649","2","10","greathallOmni","3"
"2x_10y_12.649m_greathallOmni_4.wav","val","12.649","2","10","greathallOmni","4"
"2x_11y_13.601m_greathallOmni_0.wav","val","13.601","2","11","greathallOmni","0"
"2x_11y_13.601m_greathallOmni_1.wav","val","13.601","2","11","greathallOmni","1"
"2x_11y_13.601m_greathallOmni_2.wav","val","13.601","2","11","greathallOmni","2"
"2x_11y_13.601m_greathallOmni_3.wav","val","13.601","2","11","greathallOmni","3"
"2x_11y_13.601m_greathallOmni_4.wav","val","13.601","2","11","greathallOmni","4"
"2x_12y_14.560m_greathallOmni_0.wav","val","14.56","2","12","greathallOmni","0"
"2x_12y_14.560m_greathallOmni_1.wav","val","14.56","2","12","greathallOmni","1"
"2x_12y_14.560m_greathallOmni_2.wav","val","14.56","2","12","greathallOmni","2"
"2x_12y_14.560m_greathallOmni_3.wav","val","14.56","2","12","greathallOmni","3"
"2x_12y_14.560m_greathallOmni_4.wav","val","14.56","2","12","greathallOmni","4"
"2x_1y_5.000m_greathallOmni_0.wav","val","5","2","1","greathallOmni","0"
"2x_1y_5.000m_greathallOmni_1.wav","val","5","2","1","greathallOmni","1"
"2x_1y_5.000m_greathallOmni_2.wav","val","5","2","1","greathallOmni","2"
"2x_1y_5.000m_greathallOmni_3.wav","val","5","2","1","greathallOmni","3"
"2x_1y_5.000m_greathallOmni_4.wav","val","5","2","1","greathallOmni","4"
"2x_2y_5.657m_greathallOmni_0.wav","val","5.657","2","2","greathallOmni","0"
"2x_2y_5.657m_greathallOmni_1.wav","val","5.657","2","2","greathallOmni","1"
"2x_2y_5.657m_greathallOmni_2.wav","val","5.657","2","2","greathallOmni","2"
"2x_2y_5.657m_greathallOmni_3.wav","val","5.657","2","2","greathallOmni","3"
"2x_2y_5.657m_greathallOmni_4.wav","val","5.657","2","2","greathallOmni","4"
"2x_3y_6.403m_greathallOmni_0.wav","val","6.403","2","3","greathallOmni","0"
"2x_3y_6.403m_greathallOmni_1.wav","val","6.403","2","3","greathallOmni","1"
"2x_3y_6.403m_greathallOmni_2.wav","val","6.403","2","3","greathallOmni","2"
"2x_3y_6.403m_greathallOmni_3.wav","val","6.403","2","3","greathallOmni","3"
"2x_3y_6.403m_greathallOmni_4.wav","val","6.403","2","3","greathallOmni","4"
"2x_4y_7.211m_greathallOmni_0.wav","val","7.211","2","4","greathallOmni","0"
"2x_4y_7.211m_greathallOmni_1.wav","val","7.211","2","4","greathallOmni","1"
"2x_4y_7.211m_greathallOmni_2.wav","val","7.211","2","4","greathallOmni","2"
"2x_4y_7.211m_greathallOmni_3.wav","val","7.211","2","4","greathallOmni","3"
"2x_4y_7.211m_greathallOmni_4.wav","val","7.211","2","4","greathallOmni","4"
"2x_5y_8.062m_greathallOmni_0.wav","val","8.062","2","5","greathallOmni","0"
"2x_5y_8.062m_greathallOmni_1.wav","val","8.062","2","5","greathallOmni","1"
"2x_5y_8.062m_greathallOmni_2.wav","val","8.062","2","5","greathallOmni","2"
"2x_5y_8.062m_greathallOmni_3.wav","val","8.062","2","5","greathallOmni","3"
"2x_5y_8.062m_greathallOmni_4.wav","val","8.062","2","5","greathallOmni","4"
"2x_6y_8.944m_greathallOmni_0.wav","val","8.944","2","6","greathallOmni","0"
"2x_6y_8.944m_greathallOmni_1.wav","val","8.944","2","6","greathallOmni","1"
"2x_6y_8.944m_greathallOmni_2.wav","val","8.944","2","6","greathallOmni","2"
"2x_6y_8.944m_greathallOmni_3.wav","val","8.944","2","6","greathallOmni","3"
"2x_6y_8.944m_greathallOmni_4.wav","val","8.944","2","6","greathallOmni","4"
"2x_7y_9.849m_greathallOmni_0.wav","val","9.849","2","7","greathallOmni","0"
"2x_7y_9.849m_greathallOmni_1.wav","val","9.849","2","7","greathallOmni","1"
"2x_7y_9.849m_greathallOmni_2.wav","val","9.849","2","7","greathallOmni","2"
"2x_7y_9.849m_greathallOmni_3.wav","val","9.849","2","7","greathallOmni","3"
"2x_7y_9.849m_greathallOmni_4.wav","val","9.849","2","7","greathallOmni","4"
"2x_8y_10.770m_greathallOmni_0.wav","val","10.77","2","8","greathallOmni","0"
"2x_8y_10.770m_greathallOmni_1.wav","val","10.77","2","8","greathallOmni","1"
"2x_8y_10.770m_greathallOmni_2.wav","val","10.77","2","8","greathallOmni","2"
"2x_8y_10.770m_greathallOmni_3.wav","val","10.77","2","8","greathallOmni","3"
"2x_8y_10.770m_greathallOmni_4.wav","val","10.77","2","8","greathallOmni","4"
"2x_9y_11.705m_greathallOmni_0.wav","val","11.705","2","9","greathallOmni","0"
"2x_9y_11.705m_greathallOmni_1.wav","val","11.705","2","9","greathallOmni","1"
"2x_9y_11.705m_greathallOmni_2.wav","val","11.705","2","9","greathallOmni","2"
"2x_9y_11.705m_greathallOmni_3.wav","val","11.705","2","9","greathallOmni","3"
"2x_9y_11.705m_greathallOmni_4.wav","val","11.705","2","9","greathallOmni","4"
"30x_0y_2.000m_classroomOmni_0.wav","val","2","30","0","classroomOmni","0"
"30x_0y_2.000m_classroomOmni_1.wav","val","2","30","0","classroomOmni","1"
"30x_0y_2.000m_classroomOmni_2.wav","val","2","30","0","classroomOmni","2"
"30x_0y_2.000m_classroomOmni_3.wav","val","2","30","0","classroomOmni","3"
"30x_0y_2.000m_classroomOmni_4.wav","val","2","30","0","classroomOmni","4"
"30x_10y_3.000m_classroomOmni_0.wav","val","3","30","10","classroomOmni","0"
"30x_10y_3.000m_classroomOmni_1.wav","val","3","30","10","classroomOmni","1"
"30x_10y_3.000m_classroomOmni_2.wav","val","3","30","10","classroomOmni","2"
"30x_10y_3.000m_classroomOmni_3.wav","val","3","30","10","classroomOmni","3"
"30x_10y_3.000m_classroomOmni_4.wav","val","3","30","10","classroomOmni","4"
"30x_15y_3.500m_classroomOmni_0.wav","val","3.5","30","15","classroomOmni","0"
"30x_15y_3.500m_classroomOmni_1.wav","val","3.5","30","15","classroomOmni","1"
"30x_15y_3.500m_classroomOmni_2.wav","val","3.5","30","15","classroomOmni","2"
"30x_15y_3.500m_classroomOmni_3.wav","val","3.5","30","15","classroomOmni","3"
"30x_15y_3.500m_classroomOmni_4.wav","val","3.5","30","15","classroomOmni","4"
"30x_20y_4.000m_classroomOmni_0.wav","val","4","30","20","classroomOmni","0"
"30x_20y_4.000m_classroomOmni_1.wav","val","4","30","20","classroomOmni","1"
"30x_20y_4.000m_classroomOmni_2.wav","val","4","30","20","classroomOmni","2"
"30x_20y_4.000m_classroomOmni_3.wav","val","4","30","20","classroomOmni","3"
"30x_20y_4.000m_classroomOmni_4.wav","val","4","30","20","classroomOmni","4"
"30x_25y_4.500m_classroomOmni_0.wav","val","4.5","30","25","classroomOmni","0"
"30x_25y_4.500m_classroomOmni_1.wav","val","4.5","30","25","classroomOmni","1"
"30x_25y_4.500m_classroomOmni_2.wav","val","4.5","30","25","classroomOmni","2"
"30x_25y_4.500m_classroomOmni_3.wav","val","4.5","30","25","classroomOmni","3"
"30x_25y_4.500m_classroomOmni_4.wav","val","4.5","30","25","classroomOmni","4"
"30x_30y_5.000m_classroomOmni_0.wav","val","5","30","30","classroomOmni","0"
"30x_30y_5.000m_classroomOmni_1.wav","val","5","30","30","classroomOmni","1"
"30x_30y_5.000m_classroomOmni_2.wav","val","5","30","30","classroomOmni","2"
"30x_30y_5.000m_classroomOmni_3.wav","val","5","30","30","classroomOmni","3"
"30x_30y_5.000m_classroomOmni_4.wav","val","5","30","30","classroomOmni","4"
"30x_35y_5.500m_classroomOmni_0.wav","val","5.5","30","35","classroomOmni","0"
"30x_35y_5.500m_classroomOmni_1.wav","val","5.5","30","35","classroomOmni","1"
"30x_35y_5.500m_classroomOmni_2.wav","val","5.5","30","35","classroomOmni","2"
"30x_35y_5.500m_classroomOmni_3.wav","val","5.5","30","35","classroomOmni","3"
"30x_35y_5.500m_classroomOmni_4.wav","val","5.5","30","35","classroomOmni","4"
"30x_40y_6.000m_classroomOmni_0.wav","val","6","30","40","classroomOmni","0"
"30x_40y_6.000m_classroomOmni_1.wav","val","6","30","40","classroomOmni","1"
"30x_40y_6.000m_classroomOmni_2.wav","val","6","30","40","classroomOmni","2"
"30x_40y_6.000m_classroomOmni_3.wav","val","6","30","40","classroomOmni","3"
"30x_40y_6.000m_classroomOmni_4.wav","val","6","30","40","classroomOmni","4"
"30x_45y_6.500m_classroomOmni_0.wav","val","6.5","30","45","classroomOmni","0"
"30x_45y_6.500m_classroomOmni_1.wav","val","6.5","30","45","classroomOmni","1"
"30x_45y_6.500m_classroomOmni_2.wav","val","6.5","30","45","classroomOmni","2"
"30x_45y_6.500m_classroomOmni_3.wav","val","6.5","30","45","classroomOmni","3"
"30x_45y_6.500m_classroomOmni_4.wav","val","6.5","30","45","classroomOmni","4"
"30x_5y_2.500m_classroomOmni_0.wav","val","2.5","30","5","classroomOmni","0"
"30x_5y_2.500m_classroomOmni_1.wav","val","2.5","30","5","classroomOmni","1"
"30x_5y_2.500m_classroomOmni_2.wav","val","2.5","30","5","classroomOmni","2"
"30x_5y_2.500m_classroomOmni_3.wav","val","2.5","30","5","classroomOmni","3"
"30x_5y_2.500m_classroomOmni_4.wav","val","2.5","30","5","classroomOmni","4"
"6x_0y_2.000m_octagonOmni_0.wav","val","2","6","0","octagonOmni","0"
"6x_0y_2.000m_octagonOmni_1.wav","val","2","6","0","octagonOmni","1"
"6x_0y_2.000m_octagonOmni_2.wav","val","2","6","0","octagonOmni","2"
"6x_0y_2.000m_octagonOmni_3.wav","val","2","6","0","octagonOmni","3"
"6x_0y_2.000m_octagonOmni_4.wav","val","2","6","0","octagonOmni","4"
"6x_10y_12.000m_octagonOmni_0.wav","val","12","6","10","octagonOmni","0"
"6x_10y_12.000m_octagonOmni_1.wav","val","12","6","10","octagonOmni","1"
"6x_10y_12.000m_octagonOmni_2.wav","val","12","6","10","octagonOmni","2"
"6x_10y_12.000m_octagonOmni_3.wav","val","12","6","10","octagonOmni","3"
"6x_10y_12.000m_octagonOmni_4.wav","val","12","6","10","octagonOmni","4"
"6x_11y_13.000m_octagonOmni_0.wav","val","13","6","11","octagonOmni","0"
"6x_11y_13.000m_octagonOmni_1.wav","val","13","6","11","octagonOmni","1"
"6x_11y_13.000m_octagonOmni_2.wav","val","13","6","11","octagonOmni","2"
"6x_11y_13.000m_octagonOmni_3.wav","val","13","6","11","octagonOmni","3"
"6x_11y_13.000m_octagonOmni_4.wav","val","13","6","11","octagonOmni","4"
"6x_12y_14.000m_octagonOmni_0.wav","val","14","6","12","octagonOmni","0"
"6x_12y_14.000m_octagonOmni_1.wav","val","14","6","12","octagonOmni","1"
"6x_12y_14.000m_octagonOmni_2.wav","val","14","6","12","octagonOmni","2"
"6x_12y_14.000m_octagonOmni_3.wav","val","14","6","12","octagonOmni","3"
"6x_12y_14.000m_octagonOmni_4.wav","val","14","6","12","octagonOmni","4"
"6x_1y_3.000m_octagonOmni_0.wav","val","3","6","1","octagonOmni","0"
"6x_1y_3.000m_octagonOmni_1.wav","val","3","6","1","octagonOmni","1"
"6x_1y_3.000m_octagonOmni_2.wav","val","3","6","1","octagonOmni","2"
"6x_1y_3.000m_octagonOmni_3.wav","val","3","6","1","octagonOmni","3"
"6x_1y_3.000m_octagonOmni_4.wav","val","3","6","1","octagonOmni","4"
"6x_2y_4.000m_octagonOmni_0.wav","val","4","6","2","octagonOmni","0"
"6x_2y_4.000m_octagonOmni_1.wav","val","4","6","2","octagonOmni","1"
"6x_2y_4.000m_octagonOmni_2.wav","val","4","6","2","octagonOmni","2"
"6x_2y_4.000m_octagonOmni_3.wav","val","4","6","2","octagonOmni","3"
"6x_2y_4.000m_octagonOmni_4.wav","val","4","6","2","octagonOmni","4"
"6x_3y_5.000m_octagonOmni_0.wav","val","5","6","3","octagonOmni","0"
"6x_3y_5.000m_octagonOmni_1.wav","val","5","6","3","octagonOmni","1"
"6x_3y_5.000m_octagonOmni_2.wav","val","5","6","3","octagonOmni","2"
"6x_3y_5.000m_octagonOmni_3.wav","val","5","6","3","octagonOmni","3"
"6x_3y_5.000m_octagonOmni_4.wav","val","5","6","3","octagonOmni","4"
"6x_4y_6.000m_octagonOmni_0.wav","val","6","6","4","octagonOmni","0"
"6x_4y_6.000m_octagonOmni_1.wav","val","6","6","4","octagonOmni","1"
"6x_4y_6.000m_octagonOmni_2.wav","val","6","6","4","octagonOmni","2"
"6x_4y_6.000m_octagonOmni_3.wav","val","6","6","4","octagonOmni","3"
"6x_4y_6.000m_octagonOmni_4.wav","val","6","6","4","octagonOmni","4"
"6x_5y_7.000m_octagonOmni_0.wav","val","7","6","5","octagonOmni","0"
"6x_5y_7.000m_octagonOmni_1.wav","val","7","6","5","octagonOmni","1"
"6x_5y_7.000m_octagonOmni_2.wav","val","7","6","5","octagonOmni","2"
"6x_5y_7.000m_octagonOmni_3.wav","val","7","6","5","octagonOmni","3"
"6x_5y_7.000m_octagonOmni_4.wav","val","7","6","5","octagonOmni","4"
"6x_6y_8.000m_octagonOmni_0.wav","val","8","6","6","octagonOmni","0"
"6x_6y_8.000m_octagonOmni_1.wav","val","8","6","6","octagonOmni","1"
"6x_6y_8.000m_octagonOmni_2.wav","val","8","6","6","octagonOmni","2"
"6x_6y_8.000m_octagonOmni_3.wav","val","8","6","6","octagonOmni","3"
"6x_6y_8.000m_octagonOmni_4.wav","val","8","6","6","octagonOmni","4"
"6x_7y_9.000m_octagonOmni_0.wav","val","9","6","7","octagonOmni","0"
"6x_7y_9.000m_octagonOmni_1.wav","val","9","6","7","octagonOmni","1"
"6x_7y_9.000m_octagonOmni_2.wav","val","9","6","7","octagonOmni","2"
"6x_7y_9.000m_octagonOmni_3.wav","val","9","6","7","octagonOmni","3"
"6x_7y_9.000m_octagonOmni_4.wav","val","9","6","7","octagonOmni","4"
"6x_8y_10.000m_octagonOmni_0.wav","val","10","6","8","octagonOmni","0"
"6x_8y_10.000m_octagonOmni_1.wav","val","10","6","8","octagonOmni","1"
"6x_8y_10.000m_octagonOmni_2.wav","val","10","6","8","octagonOmni","2"
"6x_8y_10.000m_octagonOmni_3.wav","val","10","6","8","octagonOmni","3"
"6x_8y_10.000m_octagonOmni_4.wav","val","10","6","8","octagonOmni","4"
"6x_9y_11.000m_octagonOmni_0.wav","val","11","6","9","octagonOmni","0"
"6x_9y_11.000m_octagonOmni_1.wav","val","11","6","9","octagonOmni","1"
"6x_9y_11.000m_octagonOmni_2.wav","val","11","6","9","octagonOmni","2"
"6x_9y_11.000m_octagonOmni_3.wav","val","11","6","9","octagonOmni","3"
"6x_9y_11.000m_octagonOmni_4.wav","val","11","6","9","octagonOmni","4"
