"filename","split","clip_id","distance_m","tag"
"2348-[2.845]-mt.wav","test","2348","2.845","mt"
"2349-[2.245]-mt.wav","test","2349","2.245","mt"
"2350-[2.84]-mt.wav","test","2350","2.84","mt"
"2351-[2.82]-mt.wav","test","2351","2.82","mt"
"2352-[2.265]-mt.wav","test","2352","2.265","mt"
"2353-[2.555]-mt.wav","test","2353","2.555","mt"
"2354-[2.82]-mt.wav","test","2354","2.82","mt"
"2355-[2.26]-mt.wav","test","2355","2.26","mt"
"2356-[2.25]-mt.wav","test","2356","2.25","mt"
"2357-[2.235]-mt.wav","test","2357","2.235","mt"
"2358-[2.27]-mt.wav","test","2358","2.27","mt"
"2359-[2.27]-mt.wav","test","2359","2.27","mt"
"2360-[2.62]-mt.wav","test","2360","2.62","mt"
"2361-[2.245]-mt.wav","test","2361","2.245","mt"
"2362-[1.87]-mt.wav","test","2362","1.87","mt"
"2363-[1.855]-mt.wav","test","2363","1.855","mt"
"2364-[1.865]-mt.wav","test","2364","1.865","mt"
"2365-[1.925]-mt.wav","test","2365","1.925","mt"
"2366-[1.945]-mt.wav","test","2366","1.945","mt"
"2367-[1.95]-mt.wav","test","2367","1.95","mt"
"2368-[2.62]-mt.wav","test","2368","2.62","mt"
"2369-[1.99]-mt.wav","test","2369","1.99","mt"
"2370-[1.97]-mt.wav","test","2370","1.97","mt"
"2371-[1.97]-mt.wav","test","2371","1.97","mt"
"2372-[1.965]-mt.wav","test","2372","1.965","mt"
"2373-[2.23]-mt.wav","test","2373","2.23","mt"
"2374-[2.225]-mt.wav","test","2374","2.225","mt"
"2375-[2.215]-mt.wav","test","2375","2.215","mt"
"2376-[2.21]-mt.wav","test","2376","2.21","mt"
"2377-[2.215]-mt.wav","test","2377","2.215","mt"
"2378-[2.22]-mt.wav","test","2378","2.22","mt"
"2379-[2.22]-mt.wav","test","2379","2.22","mt"
"2380-[2.22]-mt.wav","test","2380","2.22","mt"
"2381-[2.22]-mt.wav","test","2381","2.22","mt"
"2382-[2.215]-mt.wav","test","2382","2.215","mt"
"2383-[2.21]-mt.wav","test","2383","2.21","mt"
"2384-[2.215]-mt.wav","test","2384","2.215","mt"
"2385-[2.22]-mt.wav","test","2385","2.22","mt"
"2386-[2.22]-mt.wav","test","2386","2.22","mt"
"2387-[2.22]-mt.wav","test","2387","2.22","mt"
"2388-[2.22]-mt.wav","test","2388","2.22","mt"
"2389-[2.22]-mt.wav","test","2389","2.22","mt"
"2390-[2.225]-mt.wav","test","2390","2.225","mt"
"2391-[2.23]-mt.wav","test","2391","2.23","mt"
"2392-[2.23]-mt.wav","test","2392","2.23","mt"
"2393-[2.23]-mt.wav","test","2393","2.23","mt"
"2394-[2.235]-mt.wav","test","2394","2.235","mt"
"2395-[2.235]-mt.wav","test","2395","2.235","mt"
"2396-[2.235]-mt.wav","test","2396","2.235","mt"
"2397-[2.235]-mt.wav","test","2397","2.235","mt"
"2398-[2.23]-mt.wav","test","2398","2.23","mt"
"2399-[2.23]-mt.wav","test","2399","2.23","mt"
"2400-[2.23]-mt.wav","test","2400","2.23","mt"
"2401-[2.225]-mt.wav","test","2401","2.225","mt"
"2402-[2.23]-mt.wav","test","2402","2.23","mt"
"2403-[2.23]-mt.wav","test","2403","2.23","mt"
"2404-[2.23]-mt.wav","test","2404","2.23","mt"
"2405-[2.225]-mt.wav","test","2405","2.225","mt"
"2406-[2.235]-mt.wav","test","2406","2.235","mt"
"2407-[2.24]-mt.wav","test","2407","2.24","mt"
"2408-[2.24]-mt.wav","test","2408","2.24","mt"
"2409-[2.24]-mt.wav","test","2409","2.24","mt"
"2410-[2.235]-mt.wav","test","2410","2.235","mt"
"2411-[2.23]-mt.wav","test","2411","2.23","mt"
"2412-[2.23]-mt.wav","test","2412","2.23","mt"
"2413-[2.235]-mt.wav","test","2413","2.235","mt"
"2414-[2.235]-mt.wav","test","2414","2.235","mt"
"2415-[2.23]-mt.wav","test","2415","2.23","mt"
"2416-[2.23]-mt.wav","test","2416","2.23","mt"
"2417-[2.245]-mt.wav","test","2417","2.245","mt"
"2418-[2.25]-mt.wav","test","2418","2.25","mt"
"2419-[2.245]-mt.wav","test","2419","2.245","mt"
"2420-[2.25]-mt.wav","test","2420","2.25","mt"
"2421-[2.245]-mt.wav","test","2421","2.245","mt"
"2422-[2.56]-mt.wav","test","2422","2.56","mt"
"2423-[2.715]-mt.wav","test","2423","2.715","mt"
"2424-[2.52]-mt.wav","test","2424","2.52","mt"
"2425-[2.71]-mt.wav","test","2425","2.71","mt"
"2426-[2.065]-mt.wav","test","2426","2.065","mt"
"2427-[2.405]-mt.wav","test","2427","2.405","mt"
"2428-[2.765]-mt.wav","test","2428","2.765","mt"
"2429-[2.25]-mt.wav","test","2429","2.25","mt"
"2430-[2.365]-mt.wav","test","2430","2.365","mt"
"2431-[2.235]-mt.wav","test","2431","2.235","mt"
"2432-[2.215]-mt.wav","test","2432","2.215","mt"
"2433-[2.195]-mt.wav","test","2433","2.195","mt"
"2434-[2.49]-mt.wav","test","2434","2.49","mt"
"2435-[2.495]-mt.wav","test","2435","2.495","mt"
"2436-[2.5]-mt.wav","test","2436","2.5","mt"
"2437-[2.5]-mt.wav","test","2437","2.5","mt"
"2438-[2.52]-mt.wav","test","2438","2.52","mt"
"2439-[2.535]-mt.wav","test","2439","2.535","mt"
"2440-[2.53]-mt.wav","test","2440","2.53","mt"
"2441-[2.235]-mt.wav","test","2441","2.235","mt"
"2442-[2.35]-mt.wav","test","2442","2.35","mt"
"2443-[2.23]-mt.wav","test","2443","2.23","mt"
"2444-[2.24]-mt.wav","test","2444","2.24","mt"
"2445-[2.455]-mt.wav","test","2445","2.455","mt"
"2446-[2.475]-mt.wav","test","2446","2.475","mt"
"2447-[2.5]-mt.wav","test","2447","2.5","mt"
"2448-[2.5]-mt.wav","test","2448","2.5","mt"
"2449-[2.255]-mt.wav","test","2449","2.255","mt"
"2450-[2.5]-mt.wav","test","2450","2.5","mt"
"2451-[2.38]-mt.wav","test","2451","2.38","mt"
"2452-[2.495]-mt.wav","test","2452","2.495","mt"
"2453-[2.47]-mt.wav","test","2453","2.47","mt"
"2454-[2.465]-mt.wav","test","2454","2.465","mt"
"2455-[2.26]-mt.wav","test","2455","2.26","mt"
"2456-[2.37]-mt.wav","test","2456","2.37","mt"
"2457-[2.36]-mt.wav","test","2457","2.36","mt"
"2458-[2.47]-mt.wav","test","2458","2.47","mt"
"2459-[2.345]-mt.wav","test","2459","2.345","mt"
"2460-[2.2]-mt.wav","test","2460","2.2","mt"
"2461-[2.19]-mt.wav","test","2461","2.19","mt"
"2462-[2.23]-mt.wav","test","2462","2.23","mt"
"2463-[2.225]-mt.wav","test","2463","2.225","mt"
"2464-[2.325]-mt.wav","test","2464","2.325","mt"
"2465-[2.445]-mt.wav","test","2465","2.445","mt"
"2466-[2.45]-mt.wav","test","2466","2.45","mt"
"2467-[2.465]-mt.wav","test","2467","2.465","mt"
"2468-[2.47]-mt.wav","test","2468","2.47","mt"
"2469-[2.475]-mt.wav","test","2469","2.475","mt"
"2470-[2.47]-mt.wav","test","2470","2.47","mt"
"2471-[2.25]-mt.wav","test","2471","2.25","mt"
"2472-[2.46]-mt.wav","test","2472","2.46","mt"
"2473-[2.48]-mt.wav","test","2473","2.48","mt"
"2474-[2.47]-mt.wav","test","2474","2.47","mt"
"2475-[2.47]-mt.wav","test","2475","2.47","mt"
"2476-[2.475]-mt.wav","test","2476","2.475","mt"
"2477-[2.485]-mt.wav","test","2477","2.485","mt"
"2478-[2.49]-mt.wav","test","2478","2.49","mt"
"2479-[2.49]-mt.wav","test","2479","2.49","mt"
"2480-[2.235]-mt.wav","test","2480","2.235","mt"
"2481-[2.475]-mt.wav","test","2481","2.475","mt"
"2482-[2.475]-mt.wav","test","2482","2.475","mt"
"2483-[2.47]-mt.wav","test","2483","2.47","mt"
"2484-[2.36]-mt.wav","test","2484","2.36","mt"
"2485-[2.485]-mt.wav","test","2485","2.485","mt"
"2486-[2.385]-mt.wav","test","2486","2.385","mt"
"2487-[2.49]-mt.wav","test","2487","2.49","mt"
"2488-[2.47]-mt.wav","test","2488","2.47","mt"
"2489-[2.35]-mt.wav","test","2489","2.35","mt"
"2490-[2.495]-mt.wav","test","2490","2.495","mt"
"2491-[2.49]-mt.wav","test","2491","2.49","mt"
"2492-[2.46]-mt.wav","test","2492","2.46","mt"
"2493-[2.525]-mt.wav","test","2493","2.525","mt"
"2494-[2.52]-mt.wav","test","2494","2.52","mt"
"2495-[2.395]-mt.wav","test","2495","2.395","mt"
"2496-[2.51]-mt.wav","test","2496","2.51","mt"
"2497-[2.485]-mt.wav","test","2497","2.485","mt"
"2498-[2.475]-mt.wav","test","2498","2.475","mt"
"2499-[2.475]-mt.wav","test","2499","2.475","mt"
"2500-[2.475]-mt.wav","test","2500","2.475","mt"
"2501-[2.48]-mt.wav","test","2501","2.48","mt"
"2502-[2.47]-mt.wav","test","2502","2.47","mt"
"2503-[2.485]-mt.wav","test","2503","2.485","mt"
"2504-[2.49]-mt.wav","test","2504","2.49","mt"
"2505-[2.485]-mt.wav","test","2505","2.485","mt"
"2506-[2.46]-mt.wav","test","2506","2.46","mt"
"2507-[2.215]-mt.wav","test","2507","2.215","mt"
"2508-[2.315]-mt.wav","test","2508","2.315","mt"
"2509-[2.435]-mt.wav","test","2509","2.435","mt"
"2510-[2.33]-mt.wav","test","2510","2.33","mt"
"2511-[2.325]-mt.wav","test","2511","2.325","mt"
"2512-[2.485]-mt.wav","test","2512","2.485","mt"
"2513-[2.485]-mt.wav","test","2513","2.485","mt"
"2514-[2.28]-mt.wav","test","2514","2.28","mt"
"2515-[2.135]-mt.wav","test","2515","2.135","mt"
"2516-[2.135]-mt.wav","test","2516","2.135","mt"
"2517-[2.13]-mt.wav","test","2517","2.13","mt"
"2518-[2.14]-mt.wav","test","2518","2.14","mt"
"2519-[2.2]-mt.wav","test","2519","2.2","mt"
"2520-[2.03]-mt.wav","test","2520","2.03","mt"
"2521-[1.98]-mt.wav","test","2521","1.98","mt"
"2522-[1.63]-mt.wav","test","2522","1.63","mt"
"2523-[1.645]-mt.wav","test","2523","1.645","mt"
"2524-[1.66]-mt.wav","test","2524","1.66","mt"
"2525-[1.66]-mt.wav","test","2525","1.66","mt"
"2526-[1.63]-mt.wav","test","2526","1.63","mt"
"2527-[2.26]-mt.wav","test","2527","2.26","mt"
"2528-[2.27]-mt.wav","test","2528","2.27","mt"
"2529-[2.3]-mt.wav","test","2529","2.3","mt"
"2530-[2.3]-mt.wav","test","2530","2.3","mt"
"2531-[2.305]-mt.wav","test","2531","2.305","mt"
"2532-[2.295]-mt.wav","test","2532","2.295","mt"
"2533-[2.3]-mt.wav","test","2533","2.3","mt"
"2534-[2.31]-mt.wav","test","2534","2.31","mt"
"2535-[2.3]-mt.wav","test","2535","2.3","mt"
"2536-[2.29]-mt.wav","test","2536","2.29","mt"
"2537-[1.965]-mt.wav","test","2537","1.965","mt"
"2538-[1.655]-mt.wav","test","2538","1.655","mt"
"2539-[2.295]-mt.wav","test","2539","2.295","mt"
"2540-[2.25]-mt.wav","test","2540","2.25","mt"
"2541-[2.285]-mt.wav","test","2541","2.285","mt"
"2542-[1.985]-mt.wav","test","2542","1.985","mt"
"2543-[2.295]-mt.wav","test","2543","2.295","mt"
"2544-[2.295]-mt.wav","test","2544","2.295","mt"
"2545-[2.29]-mt.wav","test","2545","2.29","mt"
"2546-[2.3]-mt.wav","test","2546","2.3","mt"
"2547-[2.28]-mt.wav","test","2547","2.28","mt"
"2548-[2.275]-mt.wav","test","2548","2.275","mt"
"2549-[2.315]-mt.wav","test","2549","2.315","mt"
"2550-[2.32]-mt.wav","test","2550","2.32","mt"
"2551-[2.305]-mt.wav","test","2551","2.305","mt"
"2552-[2.31]-mt.wav","test","2552","2.31","mt"
"2553-[2.265]-mt.wav","test","2553","2.265","mt"
"2554-[1.665]-mt.wav","test","2554","1.665","mt"
"2555-[2.305]-mt.wav","test","2555","2.305","mt"
"2556-[1.965]-mt.wav","test","2556","1.965","mt"
"2557-[2.265]-mt.wav","test","2557","2.265","mt"
"2558-[2.295]-mt.wav","test","2558","2.295","mt"
"2559-[2.31]-mt.wav","test","2559","2.31","mt"
"2560-[2.315]-mt.wav","test","2560","2.315","mt"
"2561-[1.96]-mt.wav","test","2561","1.96","mt"
"2562-[2.29]-mt.wav","test","2562","2.29","mt"
"2563-[2.42]-mt.wav","test","2563","2.42","mt"
"2564-[2.37]-mt.wav","test","2564","2.37","mt"
"2565-[2.37]-mt.wav","test","2565","2.37","mt"
"2566-[2.37]-mt.wav","test","2566","2.37","mt"
"2567-[1.66]-mt.wav","test","2567","1.66","mt"
"2568-[2.37]-mt.wav","test","2568","2.37","mt"
"2569-[2.37]-mt.wav","test","2569","2.37","mt"
"2570-[2.4]-mt.wav","test","2570","2.4","mt"
"2571-[2.035]-mt.wav","test","2571","2.035","mt"
"2572-[2.39]-mt.wav","test","2572","2.39","mt"
"2573-[2.365]-mt.wav","test","2573","2.365","mt"
"2574-[1.635]-mt.wav","test","2574","1.635","mt"
"2575-[2.35]-mt.wav","test","2575","2.35","mt"
"2576-[2.35]-mt.wav","test","2576","2.35","mt"
"2577-[2.355]-mt.wav","test","2577","2.355","mt"
"2578-[2.005]-mt.wav","test","2578","2.005","mt"
"2579-[2.355]-mt.wav","test","2579","2.355","mt"
"2580-[2.375]-mt.wav","test","2580","2.375","mt"
"2581-[2.005]-mt.wav","test","2581","2.005","mt"
"2582-[1.62]-mt.wav","test","2582","1.62","mt"
"2583-[1.595]-mt.wav","test","2583","1.595","mt"
"2584-[1.585]-mt.wav","test","2584","1.585","mt"
"2585-[1.575]-mt.wav","test","2585","1.575","mt"
"2586-[1.585]-mt.wav","test","2586","1.585","mt"
"2587-[1.61]-mt.wav","test","2587","1.61","mt"
"2588-[1.62]-mt.wav","test","2588","1.62","mt"
"2589-[1.63]-mt.wav","test","2589","1.63","mt"
"2590-[2.11]-mt.wav","test","2590","2.11","mt"
"2591-[2.4]-mt.wav","test","2591","2.4","mt"
"2592-[2.13]-mt.wav","test","2592","2.13","mt"
"2593-[2.095]-mt.wav","test","2593","2.095","mt"
"2594-[2.375]-mt.wav","test","2594","2.375","mt"
"2595-[2.365]-mt.wav","test","2595","2.365","mt"
"2596-[2.325]-mt.wav","test","2596","2.325","mt"
"2597-[2.33]-mt.wav","test","2597","2.33","mt"
"2598-[2.36]-mt.wav","test","2598","2.36","mt"
"2599-[2.115]-mt.wav","test","2599","2.115","mt"
"2600-[2.365]-mt.wav","test","2600","2.365","mt"
"2601-[2.335]-mt.wav","test","2601","2.335","mt"
"2602-[2.36]-mt.wav","test","2602","2.36","mt"
"2603-[2.38]-mt.wav","test","2603","2.38","mt"
"2604-[2.39]-mt.wav","test","2604","2.39","mt"
"2605-[2.355]-mt.wav","test","2605","2.355","mt"
"2606-[2.365]-mt.wav","test","2606","2.365","mt"
"2607-[2.35]-mt.wav","test","2607","2.35","mt"
"2608-[2.095]-mt.wav","test","2608","2.095","mt"
"2609-[2.01]-mt.wav","test","2609","2.01","mt"
"2610-[1.97]-mt.wav","test","2610","1.97","mt"
"2611-[1.97]-mt.wav","test","2611","1.97","mt"
"2612-[2.17]-mt.wav","test","2612","2.17","mt"
"2613-[2.345]-mt.wav","test","2613","2.345","mt"
"2614-[2.33]-mt.wav","test","2614","2.33","mt"
"2615-[1.96]-mt.wav","test","2615","1.96","mt"
"2616-[1.935]-mt.wav","test","2616","1.935","mt"
"2617-[1.96]-mt.wav","test","2617","1.96","mt"
"2618-[1.915]-mt.wav","test","2618","1.915","mt"
"2619-[2.035]-mt.wav","test","2619","2.035","mt"
"2620-[2.035]-mt.wav","test","2620","2.035","mt"
"2621-[1.985]-mt.wav","test","2621","1.985","mt"
"2622-[2.045]-mt.wav","test","2622","2.045","mt"
"2623-[1.985]-mt.wav","test","2623","1.985","mt"
"2624-[1.61]-mt.wav","test","2624","1.61","mt"
"2625-[2.08]-mt.wav","test","2625","2.08","mt"
"2626-[2.1]-mt.wav","test","2626","2.1","mt"
"2627-[2.125]-mt.wav","test","2627","2.125","mt"
"2628-[2.14]-mt.wav","test","2628","2.14","mt"
"2629-[1.955]-mt.wav","test","2629","1.955","mt"
"2630-[2.]-mt.wav","test","2630","2","mt"
"2631-[2.06]-mt.wav","test","2631","2.06","mt"
"2632-[2.06]-mt.wav","test","2632","2.06","mt"
"2633-[2.065]-mt.wav","test","2633","2.065","mt"
"2634-[2.09]-mt.wav","test","2634","2.09","mt"
"2635-[2.095]-mt.wav","test","2635","2.095","mt"
"2636-[2.105]-mt.wav","test","2636","2.105","mt"
"2637-[2.11]-mt.wav","test","2637","2.11","mt"
"2638-[2.08]-mt.wav","test","2638","2.08","mt"
"2639-[2.13]-mt.wav","test","2639","2.13","mt"
"2640-[2.115]-mt.wav","test","2640","2.115","mt"
"2641-[2.135]-mt.wav","test","2641","2.135","mt"
"2642-[2.175]-mt.wav","test","2642","2.175","mt"
"2643-[2.245]-mt.wav","test","2643","2.245","mt"
"2644-[2.1]-mt.wav","test","2644","2.1","mt"
"2645-[2.215]-mt.wav","test","2645","2.215","mt"
"2646-[2.22]-mt.wav","test","2646","2.22","mt"
"2647-[2.255]-mt.wav","test","2647","2.255","mt"
"2648-[2.11]-mt.wav","test","2648","2.11","mt"
"2649-[2.125]-mt.wav","test","2649","2.125","mt"
"2650-[2.24]-mt.wav","test","2650","2.24","mt"
"2651-[2.115]-mt.wav","test","2651","2.115","mt"
"2652-[2.05]-mt.wav","test","2652","2.05","mt"
"2653-[2.045]-mt.wav","test","2653","2.045","mt"
"2654-[2.15]-mt.wav","test","2654","2.15","mt"
"2655-[2.11]-mt.wav","test","2655","2.11","mt"
"2656-[2.195]-mt.wav","test","2656","2.195","mt"
"2657-[2.03]-mt.wav","test","2657","2.03","mt"
"2658-[2.15]-mt.wav","test","2658","2.15","mt"
"2659-[2.24]-mt.wav","test","2659","2.24","mt"
"2660-[2.12]-mt.wav","test","2660","2.12","mt"
"2661-[2.09]-mt.wav","test","2661","2.09","mt"
"2662-[2.1]-mt.wav","test","2662","2.1","mt"
"2663-[2.105]-mt.wav","test","2663","2.105","mt"
"2664-[2.09]-mt.wav","test","2664","2.09","mt"
"2665-[2.075]-mt.wav","test","2665","2.075","mt"
"2666-[2.07]-mt.wav","test","2666","2.07","mt"
"2667-[2.135]-mt.wav","test","2667","2.135","mt"
"2668-[2.125]-mt.wav","test","2668","2.125","mt"
"2669-[2.63]-mt.wav","test","2669","2.63","mt"
"2670-[2.63]-mt.wav","test","2670","2.63","mt"
"2671-[2.63]-mt.wav","test","2671","2.63","mt"
"2672-[2.15]-mt.wav","test","2672","2.15","mt"
"2673-[2.16]-mt.wav","test","2673","2.16","mt"
"2674-[2.155]-mt.wav","test","2674","2.155","mt"
"2675-[2.145]-mt.wav","test","2675","2.145","mt"
"2676-[2.15]-mt.wav","test","2676","2.15","mt"
"2677-[2.16]-mt.wav","test","2677","2.16","mt"
"2678-[2.62]-mt.wav","test","2678","2.62","mt"
"2679-[2.64]-mt.wav","test","2679","2.64","mt"
"2680-[2.645]-mt.wav","test","2680","2.645","mt"
"2681-[2.38]-mt.wav","test","2681","2.38","mt"
"2682-[2.14]-mt.wav","test","2682","2.14","mt"
"2683-[2.145]-mt.wav","test","2683","2.145","mt"
"2684-[2.62]-mt.wav","test","2684","2.62","mt"
"2685-[2.63]-mt.wav","test","2685","2.63","mt"
"2686-[2.635]-mt.wav","test","2686","2.635","mt"
"2687-[2.38]-mt.wav","test","2687","2.38","mt"
"2688-[2.38]-mt.wav","test","2688","2.38","mt"
"2689-[2.385]-mt.wav","test","2689","2.385","mt"
"2690-[2.145]-mt.wav","test","2690","2.145","mt"
"2691-[2.165]-mt.wav","test","2691","2.165","mt"
"2692-[2.57]-mt.wav","test","2692","2.57","mt"
"2693-[2.58]-mt.wav","test","2693","2.58","mt"
"2694-[2.61]-mt.wav","test","2694","2.61","mt"
"2695-[2.635]-mt.wav","test","2695","2.635","mt"
"2696-[2.635]-mt.wav","test","2696","2.635","mt"
"2697-[2.63]-mt.wav","test","2697","2.63","mt"
"2698-[2.63]-mt.wav","test","2698","2.63","mt"
"2699-[2.63]-mt.wav","test","2699","2.63","mt"
"2700-[2.625]-mt.wav","test","2700","2.625","mt"
"2701-[2.63]-mt.wav","test","2701","2.63","mt"
"2702-[2.63]-mt.wav","test","2702","2.63","mt"
"2703-[2.59]-mt.wav","test","2703","2.59","mt"
"2704-[2.41]-mt.wav","test","2704","2.41","mt"
"2705-[2.64]-mt.wav","test","2705","2.64","mt"
"2706-[2.42]-mt.wav","test","2706","2.42","mt"
"2707-[2.62]-mt.wav","test","2707","2.62","mt"
"2708-[2.38]-mt.wav","test","2708","2.38","mt"
"2709-[1.99]-mt.wav","test","2709","1.99","mt"
"2710-[2.035]-mt.wav","test","2710","2.035","mt"
"2711-[2.095]-mt.wav","test","2711","2.095","mt"
"2712-[1.99]-mt.wav","test","2712","1.99","mt"
"2713-[1.995]-mt.wav","test","2713","1.995","mt"
"2714-[2.045]-mt.wav","test","2714","2.045","mt"
"2715-[2.07]-mt.wav","test","2715","2.07","mt"
"2716-[1.99]-mt.wav","test","2716","1.99","mt"
"2717-[1.995]-mt.wav","test","2717","1.995","mt"
"2718-[2.005]-mt.wav","test","2718","2.005","mt"
"2719-[2.05]-mt.wav","test","2719","2.05","mt"
"2720-[1.98]-mt.wav","test","2720","1.98","mt"
"2721-[2.14]-mt.wav","test","2721","2.14","mt"
"2722-[2.14]-mt.wav","test","2722","2.14","mt"
"2723-[2.085]-mt.wav","test","2723","2.085","mt"
"2724-[2.06]-mt.wav","test","2724","2.06","mt"
"2725-[1.99]-mt.wav","test","2725","1.99","mt"
"2726-[2.05]-mt.wav","test","2726","2.05","mt"
"2727-[1.985]-mt.wav","test","2727","1.985","mt"
"2728-[2.005]-mt.wav","test","2728","2.005","mt"
"2729-[2.02]-mt.wav","test","2729","2.02","mt"
"2730-[2.04]-mt.wav","test","2730","2.04","mt"
"2731-[1.875]-mt.wav","test","2731","1.875","mt"
"2732-[1.69]-mt.wav","test","2732","1.69","mt"
"2733-[2.01]-mt.wav","test","2733","2.01","mt"
"2734-[1.725]-mt.wav","test","2734","1.725","mt"
"2735-[1.985]-mt.wav","test","2735","1.985","mt"
"2736-[2.19]-mt.wav","test","2736","2.19","mt"
"2737-[1.935]-mt.wav","test","2737","1.935","mt"
"2738-[1.76]-mt.wav","test","2738","1.76","mt"
"2739-[2.175]-mt.wav","test","2739","2.175","mt"
"2740-[2.215]-mt.wav","test","2740","2.215","mt"
"2741-[2.21]-mt.wav","test","2741","2.21","mt"
"2742-[2.225]-mt.wav","test","2742","2.225","mt"
"2743-[2.22]-mt.wav","test","2743","2.22","mt"
"2744-[2.21]-mt.wav","test","2744","2.21","mt"
"2745-[2.21]-mt.wav","test","2745","2.21","mt"
"2746-[1.97]-mt.wav","test","2746","1.97","mt"
"2747-[2.21]-mt.wav","test","2747","2.21","mt"
"2748-[1.715]-mt.wav","test","2748","1.715","mt"
"2749-[1.72]-mt.wav","test","2749","1.72","mt"
"2750-[1.725]-mt.wav","test","2750","1.725","mt"
"2751-[1.735]-mt.wav","test","2751","1.735","mt"
"2752-[1.715]-mt.wav","test","2752","1.715","mt"
"2753-[1.675]-mt.wav","test","2753","1.675","mt"
"2754-[1.71]-mt.wav","test","2754","1.71","mt"
"2755-[1.955]-mt.wav","test","2755","1.955","mt"
"2756-[1.945]-mt.wav","test","2756","1.945","mt"
"2757-[1.935]-mt.wav","test","2757","1.935","mt"
"2758-[2.02]-mt.wav","test","2758","2.02","mt"
"2759-[1.945]-mt.wav","test","2759","1.945","mt"
"2760-[1.945]-mt.wav","test","2760","1.945","mt"
"2761-[1.74]-mt.wav","test","2761","1.74","mt"
"2762-[1.98]-mt.wav","test","2762","1.98","mt"
"2763-[1.985]-mt.wav","test","2763","1.985","mt"
"2764-[2.215]-mt.wav","test","2764","2.215","mt"
"2765-[1.725]-mt.wav","test","2765","1.725","mt"
"2766-[1.945]-mt.wav","test","2766","1.945","mt"
"2767-[1.96]-mt.wav","test","2767","1.96","mt"
"2768-[1.735]-mt.wav","test","2768","1.735","mt"
"2769-[1.725]-mt.wav","test","2769","1.725","mt"
"2770-[1.945]-mt.wav","test","2770","1.945","mt"
"2771-[1.95]-mt.wav","test","2771","1.95","mt"
"2772-[1.95]-mt.wav","test","2772","1.95","mt"
"2773-[1.95]-mt.wav","test","2773","1.95","mt"
"2774-[1.95]-mt.wav","test","2774","1.95","mt"
"2775-[1.955]-mt.wav","test","2775","1.955","mt"
"2776-[1.96]-mt.wav","test","2776","1.96","mt"
"2777-[1.95]-mt.wav","test","2777","1.95","mt"
"2778-[1.95]-mt.wav","test","2778","1.95","mt"
"2779-[1.515]-mt.wav","test","2779","1.515","mt"
"2780-[1.62]-mt.wav","test","2780","1.62","mt"
"2781-[2.025]-mt.wav","test","2781","2.025","mt"
"2782-[2.025]-mt.wav","test","2782","2.025","mt"
"2783-[2.025]-mt.wav","test","2783","2.025","mt"
"2784-[2.055]-mt.wav","test","2784","2.055","mt"
"2785-[2.015]-mt.wav","test","2785","2.015","mt"
"2786-[2.04]-mt.wav","test","2786","2.04","mt"
"2787-[1.77]-mt.wav","test","2787","1.77","mt"
"2788-[1.5]-mt.wav","test","2788","1.5","mt"
"2789-[2.35]-mt.wav","test","2789","2.35","mt"
"2790-[2.36]-mt.wav","test","2790","2.36","mt"
"2791-[2.365]-mt.wav","test","2791","2.365","mt"
"2792-[2.355]-mt.wav","test","2792","2.355","mt"
"2793-[2.305]-mt.wav","test","2793","2.305","mt"
"2794-[2.265]-mt.wav","test","2794","2.265","mt"
"2795-[2.34]-mt.wav","test","2795","2.34","mt"
"2796-[2.455]-mt.wav","test","2796","2.455","mt"
"2797-[2.495]-mt.wav","test","2797","2.495","mt"
"2798-[2.515]-mt.wav","test","2798","2.515","mt"
"2799-[2.375]-mt.wav","test","2799","2.375","mt"
"2800-[2.44]-mt.wav","test","2800","2.44","mt"
"2801-[2.5]-mt.wav","test","2801","2.5","mt"
"2802-[2.465]-mt.wav","test","2802","2.465","mt"
"2803-[2.515]-mt.wav","test","2803","2.515","mt"
"2804-[2.53]-mt.wav","test","2804","2.53","mt"
"2805-[2.525]-mt.wav","test","2805","2.525","mt"
"2806-[2.53]-mt.wav","test","2806","2.53","mt"
"2807-[2.495]-mt.wav","test","2807","2.495","mt"
"2808-[2.455]-mt.wav","test","2808","2.455","mt"
"2809-[1.955]-mt.wav","test","2809","1.955","mt"
"2810-[2.21]-mt.wav","test","2810","2.21","mt"
"2811-[2.43]-mt.wav","test","2811","2.43","mt"
"2812-[2.385]-mt.wav","test","2812","2.385","mt"
"2813-[2.425]-mt.wav","test","2813","2.425","mt"
"2814-[2.435]-mt.wav","test","2814","2.435","mt"
"2815-[2.43]-mt.wav","test","2815","2.43","mt"
"2816-[2.455]-mt.wav","test","2816","2.455","mt"
"2817-[2.455]-mt.wav","test","2817","2.455","mt"
"2818-[2.43]-mt.wav","test","2818","2.43","mt"
"2819-[2.45]-mt.wav","test","2819","2.45","mt"
"2820-[2.485]-mt.wav","test","2820","2.485","mt"
"2821-[1.495]-mt.wav","test","2821","1.495","mt"
"2822-[1.975]-mt.wav","test","2822","1.975","mt"
"2823-[1.97]-mt.wav","test","2823","1.97","mt"
"2824-[1.97]-mt.wav","test","2824","1.97","mt"
"2825-[1.975]-mt.wav","test","2825","1.975","mt"
"2826-[1.98]-mt.wav","test","2826","1.98","mt"
"2827-[1.98]-mt.wav","test","2827","1.98","mt"
"2828-[1.98]-mt.wav","test","2828","1.98","mt"
"2829-[1.975]-mt.wav","test","2829","1.975","mt"
"2830-[1.975]-mt.wav","test","2830","1.975","mt"
"2831-[1.97]-mt.wav","test","2831","1.97","mt"
"2832-[1.97]-mt.wav","test","2832","1.97","mt"
"2833-[1.97]-mt.wav","test","2833","1.97","mt"
"2834-[1.97]-mt.wav","test","2834","1.97","mt"
"2835-[2.24]-mt.wav","test","2835","2.24","mt"
"2836-[2.24]-mt.wav","test","2836","2.24","mt"
"2837-[2.235]-mt.wav","test","2837","2.235","mt"
"2838-[2.24]-mt.wav","test","2838","2.24","mt"
"2839-[2.235]-mt.wav","test","2839","2.235","mt"
"2840-[2.23]-mt.wav","test","2840","2.23","mt"
"2841-[2.23]-mt.wav","test","2841","2.23","mt"
"2842-[2.225]-mt.wav","test","2842","2.225","mt"
"2843-[2.23]-mt.wav","test","2843","2.23","mt"
"2844-[2.23]-mt.wav","test","2844","2.23","mt"
"2845-[2.23]-mt.wav","test","2845","2.23","mt"
"2846-[2.23]-mt.wav","test","2846","2.23","mt"
"2847-[2.29]-mt.wav","test","2847","2.29","mt"
"2848-[1.9]-mt.wav","test","2848","1.9","mt"
"2849-[2.375]-mt.wav","test","2849","2.375","mt"
"2850-[2.35]-mt.wav","test","2850","2.35","mt"
"2851-[2.345]-mt.wav","test","2851","2.345","mt"
"2852-[2.36]-mt.wav","test","2852","2.36","mt"
"2853-[2.36]-mt.wav","test","2853","2.36","mt"
"2854-[2.375]-mt.wav","test","2854","2.375","mt"
"2855-[2.38]-mt.wav","test","2855","2.38","mt"
"2856-[2.39]-mt.wav","test","2856","2.39","mt"
"2857-[2.395]-mt.wav","test","2857","2.395","mt"
"2858-[2.365]-mt.wav","test","2858","2.365","mt"
"2859-[2.365]-mt.wav","test","2859","2.365","mt"
"2860-[2.345]-mt.wav","test","2860","2.345","mt"
"2861-[2.36]-mt.wav","test","2861","2.36","mt"
"2862-[2.475]-mt.wav","test","2862","2.475","mt"
"2863-[2.5]-mt.wav","test","2863","2.5","mt"
"2864-[2.43]-mt.wav","test","2864","2.43","mt"
"2865-[2.375]-mt.wav","test","2865","2.375","mt"
"2866-[2.38]-mt.wav","test","2866","2.38","mt"
"2867-[2.38]-mt.wav","test","2867","2.38","mt"
"2868-[2.38]-mt.wav","test","2868","2.38","mt"
"2869-[2.51]-mt.wav","test","2869","2.51","mt"
"2870-[2.18]-mt.wav","test","2870","2.18","mt"
"2871-[1.62]-mt.wav","test","2871","1.62","mt"
"2872-[1.635]-mt.wav","test","2872","1.635","mt"
"2873-[1.92]-mt.wav","test","2873","1.92","mt"
"2874-[2.21]-mt.wav","test","2874","2.21","mt"
"2875-[1.665]-mt.wav","test","2875","1.665","mt"
"2876-[1.66]-mt.wav","test","2876","1.66","mt"
"2877-[1.645]-mt.wav","test","2877","1.645","mt"
"2878-[1.69]-mt.wav","test","2878","1.69","mt"
"2879-[1.57]-mt.wav","test","2879","1.57","mt"
"2880-[1.695]-mt.wav","test","2880","1.695","mt"
"2881-[2.16]-mt.wav","test","2881","2.16","mt"
"2882-[1.675]-mt.wav","test","2882","1.675","mt"
"2883-[1.685]-mt.wav","test","2883","1.685","mt"
"2884-[1.93]-mt.wav","test","2884","1.93","mt"
"2885-[2.175]-mt.wav","test","2885","2.175","mt"
"2886-[1.695]-mt.wav","test","2886","1.695","mt"
"2887-[1.685]-mt.wav","test","2887","1.685","mt"
"2888-[2.185]-mt.wav","test","2888","2.185","mt"
"2889-[1.91]-mt.wav","test","2889","1.91","mt"
"2890-[1.925]-mt.wav","test","2890","1.925","mt"
"2891-[1.625]-mt.wav","test","2891","1.625","mt"
"2892-[1.69]-mt.wav","test","2892","1.69","mt"
"2893-[1.675]-mt.wav","test","2893","1.675","mt"
"2894-[1.965]-mt.wav","test","2894","1.965","mt"
"2895-[1.87]-mt.wav","test","2895","1.87","mt"
"2896-[2.145]-mt.wav","test","2896","2.145","mt"
"2897-[2.165]-mt.wav","test","2897","2.165","mt"
"2898-[2.17]-mt.wav","test","2898","2.17","mt"
"2899-[2.15]-mt.wav","test","2899","2.15","mt"
"2900-[2.135]-mt.wav","test","2900","2.135","mt"
"2901-[2.16]-mt.wav","test","2901","2.16","mt"
"2902-[1.865]-mt.wav","test","2902","1.865","mt"
"2903-[2.175]-mt.wav","test","2903","2.175","mt"
"2904-[2.09]-mt.wav","test","2904","2.09","mt"
"2905-[1.77]-mt.wav","test","2905","1.77","mt"
"2906-[1.855]-mt.wav","test","2906","1.855","mt"
"2907-[2.15]-mt.wav","test","2907","2.15","mt"
"2908-[2.135]-mt.wav","test","2908","2.135","mt"
"2909-[2.185]-mt.wav","test","2909","2.185","mt"
"2910-[2.15]-mt.wav","test","2910","2.15","mt"
"2911-[2.135]-mt.wav","test","2911","2.135","mt"
"2912-[1.845]-mt.wav","test","2912","1.845","mt"
"2913-[1.85]-mt.wav","test","2913","1.85","mt"
"2914-[2.105]-mt.wav","test","2914","2.105","mt"
"2915-[1.535]-mt.wav","test","2915","1.535","mt"
"2916-[2.095]-mt.wav","test","2916","2.095","mt"
"2917-[2.075]-mt.wav","test","2917","2.075","mt"
"2918-[2.065]-mt.wav","test","2918","2.065","mt"
"2919-[1.515]-mt.wav","test","2919","1.515","mt"
"2920-[2.105]-mt.wav","test","2920","2.105","mt"
"2921-[1.79]-mt.wav","test","2921","1.79","mt"
"2922-[2.065]-mt.wav","test","2922","2.065","mt"
"2923-[2.045]-mt.wav","test","2923","2.045","mt"
"2924-[2.045]-mt.wav","test","2924","2.045","mt"
"2925-[2.055]-mt.wav","test","2925","2.055","mt"
"2926-[1.785]-mt.wav","test","2926","1.785","mt"
"2927-[2.1]-mt.wav","test","2927","2.1","mt"
"2928-[2.08]-mt.wav","test","2928","2.08","mt"
"2929-[1.765]-mt.wav","test","2929","1.765","mt"
"2930-[2.065]-mt.wav","test","2930","2.065","mt"
"2931-[2.155]-mt.wav","test","2931","2.155","mt"
"2932-[1.88]-mt.wav","test","2932","1.88","mt"
"2933-[1.475]-mt.wav","test","2933","1.475","mt"
"0-[1.5]-mt.wav","train","0","1.5","mt"
"1-[3.22]-mt.wav","train","1","3.22","mt"
"2-[1.58]-mt.wav","train","2","1.58","mt"
"3-[2.]-mt.wav","train","3","2","mt"
"4-[1.63]-mt.wav","train","4","1.63","mt"
"5-[3.]-mt.wav","train","5","3","mt"
"6-[2.805]-mt.wav","train","6","2.805","mt"
"7-[2.84]-mt.wav","train","7","2.84","mt"
"8-[3.38]-mt.wav","train","8","3.38","mt"
"9-[2.88]-mt.wav","train","9","2.88","mt"
"10-[3.45]-mt.wav","train","10","3.45","mt"
"11-[3.44]-mt.wav","train","11","3.44","mt"
"12-[2.935]-mt.wav","train","12","2.935","mt"
"13-[2.965]-mt.wav","train","13","2.965","mt"
"14-[2.88]-mt.wav","train","14","2.88","mt"
"15-[3.125]-mt.wav","train","15","3.125","mt"
"16-[2.62]-mt.wav","train","16","2.62","mt"
"17-[2.545]-mt.wav","train","17","2.545","mt"
"18-[2.725]-mt.wav","train","18","2.725","mt"
"19-[2.68]-mt.wav","train","19","2.68","mt"
"20-[2.765]-mt.wav","train","20","2.765","mt"
"21-[2.7]-mt.wav","train","21","2.7","mt"
"22-[2.55]-mt.wav","train","22","2.55","mt"
"23-[2.7]-mt.wav","train","23","2.7","mt"
"24-[2.695]-mt.wav","train","24","2.695","mt"
"25-[2.73]-mt.wav","train","25","2.73","mt"
"26-[2.725]-mt.wav","train","26","2.725","mt"
"27-[1.855]-mt.wav","train","27","1.855","mt"
"28-[2.94]-mt.wav","train","28","2.94","mt"
"29-[1.275]-mt.wav","train","29","1.275","mt"
"30-[1.725]-mt.wav","train","30","1.725","mt"
"31-[1.535]-mt.wav","train","31","1.535","mt"
"32-[1.315]-mt.wav","train","32","1.315","mt"
"33-[1.505]-mt.wav","train","33","1.505","mt"
"34-[1.71]-mt.wav","train","34","1.71","mt"
"35-[1.355]-mt.wav","train","35","1.355","mt"
"36-[1.325]-mt.wav","train","36","1.325","mt"
"37-[1.35]-mt.wav","train","37","1.35","mt"
"38-[1.365]-mt.wav","train","38","1.365","mt"
"39-[1.36]-mt.wav","train","39","1.36","mt"
"40-[1.38]-mt.wav","train","40","1.38","mt"
"41-[1.405]-mt.wav","train","41","1.405","mt"
"42-[1.245]-mt.wav","train","42","1.245","mt"
"43-[1.64]-mt.wav","train","43","1.64","mt"
"44-[1.795]-mt.wav","train","44","1.795","mt"
"45-[1.515]-mt.wav","train","45","1.515","mt"
"46-[1.83]-mt.wav","train","46","1.83","mt"
"47-[1.765]-mt.wav","train","47","1.765","mt"
"48-[1.685]-mt.wav","train","48","1.685","mt"
"49-[1.72]-mt.wav","train","49","1.72","mt"
"50-[1.735]-mt.wav","train","50","1.735","mt"
"51-[1.88]-mt.wav","train","51","1.88","mt"
"52-[1.855]-mt.wav","train","52","1.855","mt"
"53-[1.86]-mt.wav","train","53","1.86","mt"
"54-[1.69]-mt.wav","train","54","1.69","mt"
"55-[1.565]-mt.wav","train","55","1.565","mt"
"56-[1.605]-mt.wav","train","56","1.605","mt"
"57-[1.61]-mt.wav","train","57","1.61","mt"
"58-[1.62]-mt.wav","train","58","1.62","mt"
"59-[1.65]-mt.wav","train","59","1.65","mt"
"60-[1.665]-mt.wav","train","60","1.665","mt"
"61-[1.65]-mt.wav","train","61","1.65","mt"
"62-[1.705]-mt.wav","train","62","1.705","mt"
"63-[1.4]-mt.wav","train","63","1.4","mt"
"64-[2.045]-mt.wav","train","64","2.045","mt"
"65-[2.045]-mt.wav","train","65","2.045","mt"
"66-[2.04]-mt.wav","train","66","2.04","mt"
"67-[1.97]-mt.wav","train","67","1.97","mt"
"68-[1.995]-mt.wav","train","68","1.995","mt"
"69-[2.06]-mt.wav","train","69","2.06","mt"
"70-[2.065]-mt.wav","train","70","2.065","mt"
"71-[2.06]-mt.wav","train","71","2.06","mt"
"72-[2.04]-mt.wav","train","72","2.04","mt"
"73-[2.03]-mt.wav","train","73","2.03","mt"
"74-[1.3]-mt.wav","train","74","1.3","mt"
"75-[1.32]-mt.wav","train","75","1.32","mt"
"76-[1.325]-mt.wav","train","76","1.325","mt"
"77-[1.28]-mt.wav","train","77","1.28","mt"
"78-[1.26]-mt.wav","train","78","1.26","mt"
"79-[1.03]-mt.wav","train","79","1.03","mt"
"80-[1.545]-mt.wav","train","80","1.545","mt"
"81-[1.95]-mt.wav","train","81","1.95","mt"
"82-[1.675]-mt.wav","train","82","1.675","mt"
"83-[1.51]-mt.wav","train","83","1.51","mt"
"84-[1.495]-mt.wav","train","84","1.495","mt"
"85-[1.5]-mt.wav","train","85","1.5","mt"
"86-[1.505]-mt.wav","train","86","1.505","mt"
"87-[1.675]-mt.wav","train","87","1.675","mt"
"88-[1.67]-mt.wav","train","88","1.67","mt"
"89-[1.68]-mt.wav","train","89","1.68","mt"
"90-[1.675]-mt.wav","train","90","1.675","mt"
"91-[1.655]-mt.wav","train","91","1.655","mt"
"92-[1.675]-mt.wav","train","92","1.675","mt"
"93-[1.665]-mt.wav","train","93","1.665","mt"
"94-[1.67]-mt.wav","train","94","1.67","mt"
"95-[1.525]-mt.wav","train","95","1.525","mt"
"96-[1.35]-mt.wav","train","96","1.35","mt"
"97-[1.18]-mt.wav","train","97","1.18","mt"
"98-[2.075]-mt.wav","train","98","2.075","mt"
"99-[1.41]-mt.wav","train","99","1.41","mt"
"100-[1.375]-mt.wav","train","100","1.375","mt"
"101-[1.745]-mt.wav","train","101","1.745","mt"
"102-[1.415]-mt.wav","train","102","1.415","mt"
"103-[1.39]-mt.wav","train","103","1.39","mt"
"104-[1.4]-mt.wav","train","104","1.4","mt"
"105-[1.375]-mt.wav","train","105","1.375","mt"
"106-[1.76]-mt.wav","train","106","1.76","mt"
"107-[2.08]-mt.wav","train","107","2.08","mt"
"108-[1.18]-mt.wav","train","108","1.18","mt"
"109-[1.17]-mt.wav","train","109","1.17","mt"
"110-[2.085]-mt.wav","train","110","2.085","mt"
"111-[1.39]-mt.wav","train","111","1.39","mt"
"112-[1.405]-mt.wav","train","112","1.405","mt"
"113-[1.405]-mt.wav","train","113","1.405","mt"
"114-[1.35]-mt.wav","train","114","1.35","mt"
"115-[1.33]-mt.wav","train","115","1.33","mt"
"116-[1.38]-mt.wav","train","116","1.38","mt"
"117-[1.385]-mt.wav","train","117","1.385","mt"
"118-[1.205]-mt.wav","train","118","1.205","mt"
"119-[1.2]-mt.wav","train","119","1.2","mt"
"120-[1.18]-mt.wav","train","120","1.18","mt"
"121-[1.285]-mt.wav","train","121","1.285","mt"
"122-[1.29]-mt.wav","train","122","1.29","mt"
"123-[1.29]-mt.wav","train","123","1.29","mt"
"124-[1.2]-mt.wav","train","124","1.2","mt"
"125-[1.245]-mt.wav","train","125","1.245","mt"
"126-[1.405]-mt.wav","train","126","1.405","mt"
"127-[1.36]-mt.wav","train","127","1.36","mt"
"128-[2.09]-mt.wav","train","128","2.09","mt"
"129-[1.16]-mt.wav","train","129","1.16","mt"
"130-[1.16]-mt.wav","train","130","1.16","mt"
"131-[1.165]-mt.wav","train","131","1.165","mt"
"132-[1.34]-mt.wav","train","132","1.34","mt"
"133-[1.345]-mt.wav","train","133","1.345","mt"
"134-[1.375]-mt.wav","train","134","1.375","mt"
"135-[1.395]-mt.wav","train","135","1.395","mt"
"136-[1.38]-mt.wav","train","136","1.38","mt"
"137-[1.35]-mt.wav","train","137","1.35","mt"
"138-[1.315]-mt.wav","train","138","1.315","mt"
"139-[1.35]-mt.wav","train","139","1.35","mt"
"140-[2.08]-mt.wav","train","140","2.08","mt"
"141-[1.76]-mt.wav","train","141","1.76","mt"
"142-[1.33]-mt.wav","train","142","1.33","mt"
"143-[1.31]-mt.wav","train","143","1.31","mt"
"144-[1.305]-mt.wav","train","144","1.305","mt"
"145-[1.345]-mt.wav","train","145","1.345","mt"
"146-[1.365]-mt.wav","train","146","1.365","mt"
"147-[1.325]-mt.wav","train","147","1.325","mt"
"148-[1.305]-mt.wav","train","148","1.305","mt"
"149-[1.32]-mt.wav","train","149","1.32","mt"
"150-[1.175]-mt.wav","train","150","1.175","mt"
"151-[1.23]-mt.wav","train","151","1.23","mt"
"152-[1.16]-mt.wav","train","152","1.16","mt"
"153-[1.295]-mt.wav","train","153","1.295","mt"
"154-[1.155]-mt.wav","train","154","1.155","mt"
"155-[2.08]-mt.wav","train","155","2.08","mt"
"156-[2.085]-mt.wav","train","156","2.085","mt"
"157-[2.085]-mt.wav","train","157","2.085","mt"
"158-[2.08]-mt.wav","train","158","2.08","mt"
"159-[1.415]-mt.wav","train","159","1.415","mt"
"160-[1.43]-mt.wav","train","160","1.43","mt"
"161-[1.435]-mt.wav","train","161","1.435","mt"
"162-[2.1]-mt.wav","train","162","2.1","mt"
"163-[2.08]-mt.wav","train","163","2.08","mt"
"164-[2.095]-mt.wav","train","164","2.095","mt"
"165-[2.085]-mt.wav","train","165","2.085","mt"
"166-[2.09]-mt.wav","train","166","2.09","mt"
"167-[1.4]-mt.wav","train","167","1.4","mt"
"168-[1.375]-mt.wav","train","168","1.375","mt"
"169-[1.375]-mt.wav","train","169","1.375","mt"
"170-[1.315]-mt.wav","train","170","1.315","mt"
"171-[1.31]-mt.wav","train","171","1.31","mt"
"172-[1.35]-mt.wav","train","172","1.35","mt"
"173-[1.485]-mt.wav","train","173","1.485","mt"
"174-[1.45]-mt.wav","train","174","1.45","mt"
"175-[1.065]-mt.wav","train","175","1.065","mt"
"176-[1.54]-mt.wav","train","176","1.54","mt"
"177-[1.67]-mt.wav","train","177","1.67","mt"
"178-[1.67]-mt.wav","train","178","1.67","mt"
"179-[1.495]-mt.wav","train","179","1.495","mt"
"180-[1.49]-mt.wav","train","180","1.49","mt"
"181-[1.33]-mt.wav","train","181","1.33","mt"
"182-[1.375]-mt.wav","train","182","1.375","mt"
"183-[1.37]-mt.wav","train","183","1.37","mt"
"184-[1.425]-mt.wav","train","184","1.425","mt"
"185-[1.51]-mt.wav","train","185","1.51","mt"
"186-[1.37]-mt.wav","train","186","1.37","mt"
"187-[1.5]-mt.wav","train","187","1.5","mt"
"188-[1.495]-mt.wav","train","188","1.495","mt"
"189-[1.51]-mt.wav","train","189","1.51","mt"
"190-[1.52]-mt.wav","train","190","1.52","mt"
"191-[1.515]-mt.wav","train","191","1.515","mt"
"192-[1.495]-mt.wav","train","192","1.495","mt"
"193-[1.495]-mt.wav","train","193","1.495","mt"
"194-[1.495]-mt.wav","train","194","1.495","mt"
"195-[1.33]-mt.wav","train","195","1.33","mt"
"196-[1.655]-mt.wav","train","196","1.655","mt"
"197-[1.48]-mt.wav","train","197","1.48","mt"
"198-[1.67]-mt.wav","train","198","1.67","mt"
"199-[1.67]-mt.wav","train","199","1.67","mt"
"200-[1.565]-mt.wav","train","200","1.565","mt"
"201-[1.5]-mt.wav","train","201","1.5","mt"
"202-[1.52]-mt.wav","train","202","1.52","mt"
"203-[1.5]-mt.wav","train","203","1.5","mt"
"204-[1.48]-mt.wav","train","204","1.48","mt"
"205-[1.485]-mt.wav","train","205","1.485","mt"
"206-[1.485]-mt.wav","train","206","1.485","mt"
"207-[1.495]-mt.wav","train","207","1.495","mt"
"208-[1.495]-mt.wav","train","208","1.495","mt"
"209-[1.5]-mt.wav","train","209","1.5","mt"
"210-[2.035]-mt.wav","train","210","2.035","mt"
"211-[2.025]-mt.wav","train","211","2.025","mt"
"212-[1.79]-mt.wav","train","212","1.79","mt"
"213-[1.785]-mt.wav","train","213","1.785","mt"
"214-[2.365]-mt.wav","train","214","2.365","mt"
"215-[2.355]-mt.wav","train","215","2.355","mt"
"216-[2.355]-mt.wav","train","216","2.355","mt"
"217-[1.865]-mt.wav","train","217","1.865","mt"
"218-[1.95]-mt.wav","train","218","1.95","mt"
"219-[1.955]-mt.wav","train","219","1.955","mt"
"220-[1.97]-mt.wav","train","220","1.97","mt"
"221-[1.985]-mt.wav","train","221","1.985","mt"
"222-[1.99]-mt.wav","train","222","1.99","mt"
"223-[1.99]-mt.wav","train","223","1.99","mt"
"224-[2.]-mt.wav","train","224","2","mt"
"225-[1.945]-mt.wav","train","225","1.945","mt"
"226-[1.96]-mt.wav","train","226","1.96","mt"
"227-[1.95]-mt.wav","train","227","1.95","mt"
"228-[1.94]-mt.wav","train","228","1.94","mt"
"229-[1.97]-mt.wav","train","229","1.97","mt"
"230-[2.025]-mt.wav","train","230","2.025","mt"
"231-[2.]-mt.wav","train","231","2","mt"
"232-[2.015]-mt.wav","train","232","2.015","mt"
"233-[2.01]-mt.wav","train","233","2.01","mt"
"234-[2.015]-mt.wav","train","234","2.015","mt"
"235-[2.02]-mt.wav","train","235","2.02","mt"
"236-[2.02]-mt.wav","train","236","2.02","mt"
"237-[2.025]-mt.wav","train","237","2.025","mt"
"238-[2.03]-mt.wav","train","238","2.03","mt"
"239-[2.]-mt.wav","train","239","2","mt"
"240-[2.]-mt.wav","train","240","2","mt"
"241-[2.01]-mt.wav","train","241","2.01","mt"
"242-[2.025]-mt.wav","train","242","2.025","mt"
"243-[2.03]-mt.wav","train","243","2.03","mt"
"244-[2.015]-mt.wav","train","244","2.015","mt"
"245-[1.99]-mt.wav","train","245","1.99","mt"
"246-[2.38]-mt.wav","train","246","2.38","mt"
"247-[2.375]-mt.wav","train","247","2.375","mt"
"248-[2.]-mt.wav","train","248","2","mt"
"249-[2.]-mt.wav","train","249","2","mt"
"250-[2.02]-mt.wav","train","250","2.02","mt"
"251-[2.07]-mt.wav","train","251","2.07","mt"
"252-[2.03]-mt.wav","train","252","2.03","mt"
"253-[1.995]-mt.wav","train","253","1.995","mt"
"254-[2.06]-mt.wav","train","254","2.06","mt"
"255-[2.06]-mt.wav","train","255","2.06","mt"
"256-[2.06]-mt.wav","train","256","2.06","mt"
"257-[2.06]-mt.wav","train","257","2.06","mt"
"258-[2.03]-mt.wav","train","258","2.03","mt"
"259-[2.255]-mt.wav","train","259","2.255","mt"
"260-[2.34]-mt.wav","train","260","2.34","mt"
"261-[2.325]-mt.wav","train","261","2.325","mt"
"262-[2.32]-mt.wav","train","262","2.32","mt"
"263-[2.325]-mt.wav","train","263","2.325","mt"
"264-[2.33]-mt.wav","train","264","2.33","mt"
"265-[2.325]-mt.wav","train","265","2.325","mt"
"266-[2.325]-mt.wav","train","266","2.325","mt"
"267-[2.345]-mt.wav","train","267","2.345","mt"
"268-[2.015]-mt.wav","train","268","2.015","mt"
"269-[2.03]-mt.wav","train","269","2.03","mt"
"270-[2.015]-mt.wav","train","270","2.015","mt"
"271-[1.975]-mt.wav","train","271","1.975","mt"
"272-[1.93]-mt.wav","train","272","1.93","mt"
"273-[1.965]-mt.wav","train","273","1.965","mt"
"274-[1.935]-mt.wav","train","274","1.935","mt"
"275-[1.96]-mt.wav","train","275","1.96","mt"
"276-[1.99]-mt.wav","train","276","1.99","mt"
"277-[1.985]-mt.wav","train","277","1.985","mt"
"278-[1.945]-mt.wav","train","278","1.945","mt"
"279-[1.93]-mt.wav","train","279","1.93","mt"
"280-[1.945]-mt.wav","train","280","1.945","mt"
"281-[2.155]-mt.wav","train","281","2.155","mt"
"282-[1.955]-mt.wav","train","282","1.955","mt"
"283-[1.95]-mt.wav","train","283","1.95","mt"
"284-[1.955]-mt.wav","train","284","1.955","mt"
"285-[1.925]-mt.wav","train","285","1.925","mt"
"286-[1.955]-mt.wav","train","286","1.955","mt"
"287-[2.165]-mt.wav","train","287","2.165","mt"
"288-[1.925]-mt.wav","train","288","1.925","mt"
"289-[1.9]-mt.wav","train","289","1.9","mt"
"290-[1.94]-mt.wav","train","290","1.94","mt"
"291-[1.965]-mt.wav","train","291","1.965","mt"
"292-[1.955]-mt.wav","train","292","1.955","mt"
"293-[1.93]-mt.wav","train","293","1.93","mt"
"294-[1.925]-mt.wav","train","294","1.925","mt"
"295-[1.935]-mt.wav","train","295","1.935","mt"
"296-[2.225]-mt.wav","train","296","2.225","mt"
"297-[1.915]-mt.wav","train","297","1.915","mt"
"298-[2.22]-mt.wav","train","298","2.22","mt"
"299-[2.21]-mt.wav","train","299","2.21","mt"
"300-[2.215]-mt.wav","train","300","2.215","mt"
"301-[2.23]-mt.wav","train","301","2.23","mt"
"302-[2.22]-mt.wav","train","302","2.22","mt"
"303-[2.22]-mt.wav","train","303","2.22","mt"
"304-[2.22]-mt.wav","train","304","2.22","mt"
"305-[2.22]-mt.wav","train","305","2.22","mt"
"306-[2.22]-mt.wav","train","306","2.22","mt"
"307-[2.22]-mt.wav","train","307","2.22","mt"
"308-[2.215]-mt.wav","train","308","2.215","mt"
"309-[1.855]-mt.wav","train","309","1.855","mt"
"310-[1.05]-mt.wav","train","310","1.05","mt"
"311-[1.05]-mt.wav","train","311","1.05","mt"
"312-[1.32]-mt.wav","train","312","1.32","mt"
"313-[1.295]-mt.wav","train","313","1.295","mt"
"314-[1.195]-mt.wav","train","314","1.195","mt"
"315-[2.265]-mt.wav","train","315","2.265","mt"
"316-[2.07]-mt.wav","train","316","2.07","mt"
"317-[1.845]-mt.wav","train","317","1.845","mt"
"318-[1.885]-mt.wav","train","318","1.885","mt"
"319-[1.435]-mt.wav","train","319","1.435","mt"
"320-[2.6]-mt.wav","train","320","2.6","mt"
"321-[3.24]-mt.wav","train","321","3.24","mt"
"322-[1.96]-mt.wav","train","322","1.96","mt"
"323-[1.55]-mt.wav","train","323","1.55","mt"
"324-[1.54]-mt.wav","train","324","1.54","mt"
"325-[1.535]-mt.wav","train","325","1.535","mt"
"326-[3.255]-mt.wav","train","326","3.255","mt"
"327-[1.95]-mt.wav","train","327","1.95","mt"
"328-[1.95]-mt.wav","train","328","1.95","mt"
"329-[1.95]-mt.wav","train","329","1.95","mt"
"330-[1.955]-mt.wav","train","330","1.955","mt"
"331-[3.245]-mt.wav","train","331","3.245","mt"
"332-[3.255]-mt.wav","train","332","3.255","mt"
"333-[3.245]-mt.wav","train","333","3.245","mt"
"334-[3.26]-mt.wav","train","334","3.26","mt"
"335-[3.25]-mt.wav","train","335","3.25","mt"
"336-[3.24]-mt.wav","train","336","3.24","mt"
"337-[3.255]-mt.wav","train","337","3.255","mt"
"338-[1.55]-mt.wav","train","338","1.55","mt"
"339-[1.955]-mt.wav","train","339","1.955","mt"
"340-[1.96]-mt.wav","train","340","1.96","mt"
"341-[1.955]-mt.wav","train","341","1.955","mt"
"342-[3.24]-mt.wav","train","342","3.24","mt"
"343-[3.25]-mt.wav","train","343","3.25","mt"
"344-[3.255]-mt.wav","train","344","3.255","mt"
"345-[3.26]-mt.wav","train","345","3.26","mt"
"346-[3.265]-mt.wav","train","346","3.265","mt"
"347-[3.26]-mt.wav","train","347","3.26","mt"
"348-[3.25]-mt.wav","train","348","3.25","mt"
"349-[3.24]-mt.wav","train","349","3.24","mt"
"350-[3.25]-mt.wav","train","350","3.25","mt"
"351-[3.26]-mt.wav","train","351","3.26","mt"
"352-[3.25]-mt.wav","train","352","3.25","mt"
"353-[3.255]-mt.wav","train","353","3.255","mt"
"354-[3.26]-mt.wav","train","354","3.26","mt"
"355-[3.245]-mt.wav","train","355","3.245","mt"
"356-[3.25]-mt.wav","train","356","3.25","mt"
"357-[3.26]-mt.wav","train","357","3.26","mt"
"358-[1.225]-mt.wav","train","358","1.225","mt"
"359-[1.23]-mt.wav","train","359","1.23","mt"
"360-[2.645]-mt.wav","train","360","2.645","mt"
"361-[2.245]-mt.wav","train","361","2.245","mt"
"362-[2.23]-mt.wav","train","362","2.23","mt"
"363-[2.23]-mt.wav","train","363","2.23","mt"
"364-[2.65]-mt.wav","train","364","2.65","mt"
"365-[2.64]-mt.wav","train","365","2.64","mt"
"366-[2.64]-mt.wav","train","366","2.64","mt"
"367-[2.64]-mt.wav","train","367","2.64","mt"
"368-[2.215]-mt.wav","train","368","2.215","mt"
"369-[2.205]-mt.wav","train","369","2.205","mt"
"370-[2.2]-mt.wav","train","370","2.2","mt"
"371-[2.2]-mt.wav","train","371","2.2","mt"
"372-[2.655]-mt.wav","train","372","2.655","mt"
"373-[2.64]-mt.wav","train","373","2.64","mt"
"374-[2.655]-mt.wav","train","374","2.655","mt"
"375-[2.63]-mt.wav","train","375","2.63","mt"
"376-[2.635]-mt.wav","train","376","2.635","mt"
"377-[2.65]-mt.wav","train","377","2.65","mt"
"378-[2.675]-mt.wav","train","378","2.675","mt"
"379-[2.65]-mt.wav","train","379","2.65","mt"
"380-[2.63]-mt.wav","train","380","2.63","mt"
"381-[2.65]-mt.wav","train","381","2.65","mt"
"382-[2.655]-mt.wav","train","382","2.655","mt"
"383-[2.645]-mt.wav","train","383","2.645","mt"
"384-[2.66]-mt.wav","train","384","2.66","mt"
"385-[2.225]-mt.wav","train","385","2.225","mt"
"386-[2.22]-mt.wav","train","386","2.22","mt"
"387-[2.215]-mt.wav","train","387","2.215","mt"
"388-[2.215]-mt.wav","train","388","2.215","mt"
"389-[2.23]-mt.wav","train","389","2.23","mt"
"390-[2.22]-mt.wav","train","390","2.22","mt"
"391-[2.22]-mt.wav","train","391","2.22","mt"
"392-[2.22]-mt.wav","train","392","2.22","mt"
"393-[2.21]-mt.wav","train","393","2.21","mt"
"394-[2.21]-mt.wav","train","394","2.21","mt"
"395-[2.66]-mt.wav","train","395","2.66","mt"
"396-[2.66]-mt.wav","train","396","2.66","mt"
"397-[2.66]-mt.wav","train","397","2.66","mt"
"398-[2.665]-mt.wav","train","398","2.665","mt"
"399-[2.75]-mt.wav","train","399","2.75","mt"
"400-[2.78]-mt.wav","train","400","2.78","mt"
"401-[2.23]-mt.wav","train","401","2.23","mt"
"402-[2.76]-mt.wav","train","402","2.76","mt"
"403-[2.76]-mt.wav","train","403","2.76","mt"
"404-[2.225]-mt.wav","train","404","2.225","mt"
"405-[1.19]-mt.wav","train","405","1.19","mt"
"406-[1.165]-mt.wav","train","406","1.165","mt"
"407-[2.225]-mt.wav","train","407","2.225","mt"
"408-[1.17]-mt.wav","train","408","1.17","mt"
"409-[1.175]-mt.wav","train","409","1.175","mt"
"410-[1.17]-mt.wav","train","410","1.17","mt"
"411-[1.175]-mt.wav","train","411","1.175","mt"
"412-[1.175]-mt.wav","train","412","1.175","mt"
"413-[1.16]-mt.wav","train","413","1.16","mt"
"414-[2.745]-mt.wav","train","414","2.745","mt"
"415-[2.895]-mt.wav","train","415","2.895","mt"
"416-[2.905]-mt.wav","train","416","2.905","mt"
"417-[2.9]-mt.wav","train","417","2.9","mt"
"418-[2.9]-mt.wav","train","418","2.9","mt"
"419-[2.78]-mt.wav","train","419","2.78","mt"
"420-[2.77]-mt.wav","train","420","2.77","mt"
"421-[2.77]-mt.wav","train","421","2.77","mt"
"422-[2.91]-mt.wav","train","422","2.91","mt"
"423-[3.295]-mt.wav","train","423","3.295","mt"
"424-[1.475]-mt.wav","train","424","1.475","mt"
"425-[1.2]-mt.wav","train","425","1.2","mt"
"426-[1.23]-mt.wav","train","426","1.23","mt"
"427-[1.885]-mt.wav","train","427","1.885","mt"
"428-[1.04]-mt.wav","train","428","1.04","mt"
"429-[2.135]-mt.wav","train","429","2.135","mt"
"430-[2.545]-mt.wav","train","430","2.545","mt"
"431-[2.595]-mt.wav","train","431","2.595","mt"
"432-[2.65]-mt.wav","train","432","2.65","mt"
"433-[1.35]-mt.wav","train","433","1.35","mt"
"434-[1.79]-mt.wav","train","434","1.79","mt"
"435-[1.35]-mt.wav","train","435","1.35","mt"
"436-[1.79]-mt.wav","train","436","1.79","mt"
"437-[1.79]-mt.wav","train","437","1.79","mt"
"438-[1.8]-mt.wav","train","438","1.8","mt"
"439-[1.365]-mt.wav","train","439","1.365","mt"
"440-[1.81]-mt.wav","train","440","1.81","mt"
"441-[1.325]-mt.wav","train","441","1.325","mt"
"442-[1.295]-mt.wav","train","442","1.295","mt"
"443-[1.28]-mt.wav","train","443","1.28","mt"
"444-[1.295]-mt.wav","train","444","1.295","mt"
"445-[1.35]-mt.wav","train","445","1.35","mt"
"446-[1.36]-mt.wav","train","446","1.36","mt"
"447-[1.36]-mt.wav","train","447","1.36","mt"
"448-[1.36]-mt.wav","train","448","1.36","mt"
"449-[1.36]-mt.wav","train","449","1.36","mt"
"450-[1.37]-mt.wav","train","450","1.37","mt"
"451-[1.385]-mt.wav","train","451","1.385","mt"
"452-[1.76]-mt.wav","train","452","1.76","mt"
"453-[1.805]-mt.wav","train","453","1.805","mt"
"454-[1.365]-mt.wav","train","454","1.365","mt"
"455-[1.59]-mt.wav","train","455","1.59","mt"
"456-[1.825]-mt.wav","train","456","1.825","mt"
"457-[1.82]-mt.wav","train","457","1.82","mt"
"458-[1.825]-mt.wav","train","458","1.825","mt"
"459-[1.83]-mt.wav","train","459","1.83","mt"
"460-[1.825]-mt.wav","train","460","1.825","mt"
"461-[1.38]-mt.wav","train","461","1.38","mt"
"462-[1.37]-mt.wav","train","462","1.37","mt"
"463-[1.825]-mt.wav","train","463","1.825","mt"
"464-[1.815]-mt.wav","train","464","1.815","mt"
"465-[1.39]-mt.wav","train","465","1.39","mt"
"466-[1.805]-mt.wav","train","466","1.805","mt"
"467-[1.34]-mt.wav","train","467","1.34","mt"
"468-[1.82]-mt.wav","train","468","1.82","mt"
"469-[1.825]-mt.wav","train","469","1.825","mt"
"470-[1.82]-mt.wav","train","470","1.82","mt"
"471-[1.3]-mt.wav","train","471","1.3","mt"
"472-[1.31]-mt.wav","train","472","1.31","mt"
"473-[1.31]-mt.wav","train","473","1.31","mt"
"474-[1.31]-mt.wav","train","474","1.31","mt"
"475-[1.31]-mt.wav","train","475","1.31","mt"
"476-[1.83]-mt.wav","train","476","1.83","mt"
"477-[1.83]-mt.wav","train","477","1.83","mt"
"478-[1.57]-mt.wav","train","478","1.57","mt"
"479-[1.31]-mt.wav","train","479","1.31","mt"
"480-[1.83]-mt.wav","train","480","1.83","mt"
"481-[1.835]-mt.wav","train","481","1.835","mt"
"482-[1.285]-mt.wav","train","482","1.285","mt"
"483-[1.29]-mt.wav","train","483","1.29","mt"
"484-[1.85]-mt.wav","train","484","1.85","mt"
"485-[1.85]-mt.wav","train","485","1.85","mt"
"486-[1.29]-mt.wav","train","486","1.29","mt"
"487-[1.85]-mt.wav","train","487","1.85","mt"
"488-[1.29]-mt.wav","train","488","1.29","mt"
"489-[1.29]-mt.wav","train","489","1.29","mt"
"490-[1.29]-mt.wav","train","490","1.29","mt"
"491-[1.78]-mt.wav","train","491","1.78","mt"
"492-[1.805]-mt.wav","train","492","1.805","mt"
"493-[1.085]-mt.wav","train","493","1.085","mt"
"494-[1.065]-mt.wav","train","494","1.065","mt"
"495-[1.055]-mt.wav","train","495","1.055","mt"
"496-[1.06]-mt.wav","train","496","1.06","mt"
"497-[1.795]-mt.wav","train","497","1.795","mt"
"498-[1.795]-mt.wav","train","498","1.795","mt"
"499-[1.8]-mt.wav","train","499","1.8","mt"
"500-[1.805]-mt.wav","train","500","1.805","mt"
"501-[1.06]-mt.wav","train","501","1.06","mt"
"502-[1.74]-mt.wav","train","502","1.74","mt"
"503-[1.395]-mt.wav","train","503","1.395","mt"
"504-[1.735]-mt.wav","train","504","1.735","mt"
"505-[1.74]-mt.wav","train","505","1.74","mt"
"506-[1.755]-mt.wav","train","506","1.755","mt"
"507-[1.06]-mt.wav","train","507","1.06","mt"
"508-[1.765]-mt.wav","train","508","1.765","mt"
"509-[1.745]-mt.wav","train","509","1.745","mt"
"510-[1.745]-mt.wav","train","510","1.745","mt"
"511-[1.73]-mt.wav","train","511","1.73","mt"
"512-[1.725]-mt.wav","train","512","1.725","mt"
"513-[1.66]-mt.wav","train","513","1.66","mt"
"514-[1.535]-mt.wav","train","514","1.535","mt"
"515-[1.655]-mt.wav","train","515","1.655","mt"
"516-[1.78]-mt.wav","train","516","1.78","mt"
"517-[1.765]-mt.wav","train","517","1.765","mt"
"518-[1.77]-mt.wav","train","518","1.77","mt"
"519-[1.75]-mt.wav","train","519","1.75","mt"
"520-[1.605]-mt.wav","train","520","1.605","mt"
"521-[1.48]-mt.wav","train","521","1.48","mt"
"522-[1.485]-mt.wav","train","522","1.485","mt"
"523-[1.62]-mt.wav","train","523","1.62","mt"
"524-[1.705]-mt.wav","train","524","1.705","mt"
"525-[1.695]-mt.wav","train","525","1.695","mt"
"526-[1.39]-mt.wav","train","526","1.39","mt"
"527-[1.735]-mt.wav","train","527","1.735","mt"
"528-[1.745]-mt.wav","train","528","1.745","mt"
"529-[1.755]-mt.wav","train","529","1.755","mt"
"530-[1.76]-mt.wav","train","530","1.76","mt"
"531-[1.76]-mt.wav","train","531","1.76","mt"
"532-[1.77]-mt.wav","train","532","1.77","mt"
"533-[1.025]-mt.wav","train","533","1.025","mt"
"534-[1.785]-mt.wav","train","534","1.785","mt"
"535-[1.]-mt.wav","train","535","1","mt"
"536-[1.725]-mt.wav","train","536","1.725","mt"
"537-[1.7]-mt.wav","train","537","1.7","mt"
"538-[1.71]-mt.wav","train","538","1.71","mt"
"539-[1.74]-mt.wav","train","539","1.74","mt"
"540-[1.365]-mt.wav","train","540","1.365","mt"
"541-[1.705]-mt.wav","train","541","1.705","mt"
"542-[1.705]-mt.wav","train","542","1.705","mt"
"543-[1.735]-mt.wav","train","543","1.735","mt"
"544-[1.745]-mt.wav","train","544","1.745","mt"
"545-[1.735]-mt.wav","train","545","1.735","mt"
"546-[1.52]-mt.wav","train","546","1.52","mt"
"547-[1.64]-mt.wav","train","547","1.64","mt"
"548-[1.725]-mt.wav","train","548","1.725","mt"
"549-[1.785]-mt.wav","train","549","1.785","mt"
"550-[1.785]-mt.wav","train","550","1.785","mt"
"551-[1.785]-mt.wav","train","551","1.785","mt"
"552-[1.05]-mt.wav","train","552","1.05","mt"
"553-[1.245]-mt.wav","train","553","1.245","mt"
"554-[1.525]-mt.wav","train","554","1.525","mt"
"555-[1.515]-mt.wav","train","555","1.515","mt"
"556-[1.5]-mt.wav","train","556","1.5","mt"
"557-[1.25]-mt.wav","train","557","1.25","mt"
"558-[1.25]-mt.wav","train","558","1.25","mt"
"559-[1.255]-mt.wav","train","559","1.255","mt"
"560-[1.24]-mt.wav","train","560","1.24","mt"
"561-[1.51]-mt.wav","train","561","1.51","mt"
"562-[1.51]-mt.wav","train","562","1.51","mt"
"563-[1.52]-mt.wav","train","563","1.52","mt"
"564-[1.53]-mt.wav","train","564","1.53","mt"
"565-[1.525]-mt.wav","train","565","1.525","mt"
"566-[1.245]-mt.wav","train","566","1.245","mt"
"567-[1.245]-mt.wav","train","567","1.245","mt"
"568-[1.245]-mt.wav","train","568","1.245","mt"
"569-[1.245]-mt.wav","train","569","1.245","mt"
"570-[1.51]-mt.wav","train","570","1.51","mt"
"571-[1.505]-mt.wav","train","571","1.505","mt"
"572-[1.515]-mt.wav","train","572","1.515","mt"
"573-[1.24]-mt.wav","train","573","1.24","mt"
"574-[1.25]-mt.wav","train","574","1.25","mt"
"575-[1.24]-mt.wav","train","575","1.24","mt"
"576-[1.245]-mt.wav","train","576","1.245","mt"
"577-[1.5]-mt.wav","train","577","1.5","mt"
"578-[1.28]-mt.wav","train","578","1.28","mt"
"579-[1.28]-mt.wav","train","579","1.28","mt"
"580-[1.27]-mt.wav","train","580","1.27","mt"
"581-[1.27]-mt.wav","train","581","1.27","mt"
"582-[1.27]-mt.wav","train","582","1.27","mt"
"583-[1.27]-mt.wav","train","583","1.27","mt"
"584-[1.245]-mt.wav","train","584","1.245","mt"
"585-[1.545]-mt.wav","train","585","1.545","mt"
"586-[1.525]-mt.wav","train","586","1.525","mt"
"587-[1.275]-mt.wav","train","587","1.275","mt"
"588-[1.52]-mt.wav","train","588","1.52","mt"
"589-[1.26]-mt.wav","train","589","1.26","mt"
"590-[1.25]-mt.wav","train","590","1.25","mt"
"591-[1.535]-mt.wav","train","591","1.535","mt"
"592-[1.54]-mt.wav","train","592","1.54","mt"
"593-[1.4]-mt.wav","train","593","1.4","mt"
"594-[1.28]-mt.wav","train","594","1.28","mt"
"595-[1.25]-mt.wav","train","595","1.25","mt"
"596-[1.275]-mt.wav","train","596","1.275","mt"
"597-[1.52]-mt.wav","train","597","1.52","mt"
"598-[1.24]-mt.wav","train","598","1.24","mt"
"599-[1.23]-mt.wav","train","599","1.23","mt"
"600-[1.235]-mt.wav","train","600","1.235","mt"
"601-[1.525]-mt.wav","train","601","1.525","mt"
"602-[1.52]-mt.wav","train","602","1.52","mt"
"603-[1.25]-mt.wav","train","603","1.25","mt"
"604-[1.565]-mt.wav","train","604","1.565","mt"
"605-[1.24]-mt.wav","train","605","1.24","mt"
"606-[1.515]-mt.wav","train","606","1.515","mt"
"607-[1.4]-mt.wav","train","607","1.4","mt"
"608-[1.265]-mt.wav","train","608","1.265","mt"
"609-[1.385]-mt.wav","train","609","1.385","mt"
"610-[1.52]-mt.wav","train","610","1.52","mt"
"611-[1.25]-mt.wav","train","611","1.25","mt"
"612-[1.24]-mt.wav","train","612","1.24","mt"
"613-[1.21]-mt.wav","train","613","1.21","mt"
"614-[1.37]-mt.wav","train","614","1.37","mt"
"615-[1.23]-mt.wav","train","615","1.23","mt"
"616-[1.21]-mt.wav","train","616","1.21","mt"
"617-[1.565]-mt.wav","train","617","1.565","mt"
"618-[1.225]-mt.wav","train","618","1.225","mt"
"619-[1.6]-mt.wav","train","619","1.6","mt"
"620-[1.2]-mt.wav","train","620","1.2","mt"
"621-[1.21]-mt.wav","train","621","1.21","mt"
"622-[1.605]-mt.wav","train","622","1.605","mt"
"623-[1.605]-mt.wav","train","623","1.605","mt"
"624-[1.225]-mt.wav","train","624","1.225","mt"
"625-[1.23]-mt.wav","train","625","1.23","mt"
"626-[1.225]-mt.wav","train","626","1.225","mt"
"627-[1.225]-mt.wav","train","627","1.225","mt"
"628-[1.205]-mt.wav","train","628","1.205","mt"
"629-[1.21]-mt.wav","train","629","1.21","mt"
"630-[1.205]-mt.wav","train","630","1.205","mt"
"631-[1.215]-mt.wav","train","631","1.215","mt"
"632-[1.21]-mt.wav","train","632","1.21","mt"
"633-[1.61]-mt.wav","train","633","1.61","mt"
"634-[1.605]-mt.wav","train","634","1.605","mt"
"635-[1.2]-mt.wav","train","635","1.2","mt"
"636-[1.2]-mt.wav","train","636","1.2","mt"
"637-[1.205]-mt.wav","train","637","1.205","mt"
"638-[1.22]-mt.wav","train","638","1.22","mt"
"639-[1.21]-mt.wav","train","639","1.21","mt"
"640-[1.205]-mt.wav","train","640","1.205","mt"
"641-[1.2]-mt.wav","train","641","1.2","mt"
"642-[1.205]-mt.wav","train","642","1.205","mt"
"643-[1.21]-mt.wav","train","643","1.21","mt"
"644-[1.205]-mt.wav","train","644","1.205","mt"
"645-[1.2]-mt.wav","train","645","1.2","mt"
"646-[1.605]-mt.wav","train","646","1.605","mt"
"647-[1.6]-mt.wav","train","647","1.6","mt"
"648-[1.605]-mt.wav","train","648","1.605","mt"
"649-[1.6]-mt.wav","train","649","1.6","mt"
"650-[1.6]-mt.wav","train","650","1.6","mt"
"651-[1.6]-mt.wav","train","651","1.6","mt"
"652-[1.605]-mt.wav","train","652","1.605","mt"
"653-[1.6]-mt.wav","train","653","1.6","mt"
"654-[1.6]-mt.wav","train","654","1.6","mt"
"655-[1.59]-mt.wav","train","655","1.59","mt"
"656-[1.59]-mt.wav","train","656","1.59","mt"
"657-[1.21]-mt.wav","train","657","1.21","mt"
"658-[1.21]-mt.wav","train","658","1.21","mt"
"659-[1.205]-mt.wav","train","659","1.205","mt"
"660-[1.205]-mt.wav","train","660","1.205","mt"
"661-[1.2]-mt.wav","train","661","1.2","mt"
"662-[1.215]-mt.wav","train","662","1.215","mt"
"663-[1.225]-mt.wav","train","663","1.225","mt"
"664-[1.2]-mt.wav","train","664","1.2","mt"
"665-[1.595]-mt.wav","train","665","1.595","mt"
"666-[1.605]-mt.wav","train","666","1.605","mt"
"667-[1.58]-mt.wav","train","667","1.58","mt"
"668-[1.59]-mt.wav","train","668","1.59","mt"
"669-[1.59]-mt.wav","train","669","1.59","mt"
"670-[1.22]-mt.wav","train","670","1.22","mt"
"671-[1.59]-mt.wav","train","671","1.59","mt"
"672-[1.6]-mt.wav","train","672","1.6","mt"
"673-[1.2]-mt.wav","train","673","1.2","mt"
"674-[1.59]-mt.wav","train","674","1.59","mt"
"675-[1.585]-mt.wav","train","675","1.585","mt"
"676-[1.395]-mt.wav","train","676","1.395","mt"
"677-[1.59]-mt.wav","train","677","1.59","mt"
"678-[1.59]-mt.wav","train","678","1.59","mt"
"679-[1.59]-mt.wav","train","679","1.59","mt"
"680-[1.59]-mt.wav","train","680","1.59","mt"
"681-[1.595]-mt.wav","train","681","1.595","mt"
"682-[1.195]-mt.wav","train","682","1.195","mt"
"683-[1.195]-mt.wav","train","683","1.195","mt"
"684-[1.215]-mt.wav","train","684","1.215","mt"
"685-[1.215]-mt.wav","train","685","1.215","mt"
"686-[1.59]-mt.wav","train","686","1.59","mt"
"687-[1.595]-mt.wav","train","687","1.595","mt"
"688-[1.595]-mt.wav","train","688","1.595","mt"
"689-[1.6]-mt.wav","train","689","1.6","mt"
"690-[1.195]-mt.wav","train","690","1.195","mt"
"691-[1.19]-mt.wav","train","691","1.19","mt"
"692-[1.185]-mt.wav","train","692","1.185","mt"
"693-[1.19]-mt.wav","train","693","1.19","mt"
"694-[1.19]-mt.wav","train","694","1.19","mt"
"695-[1.2]-mt.wav","train","695","1.2","mt"
"696-[1.21]-mt.wav","train","696","1.21","mt"
"697-[1.205]-mt.wav","train","697","1.205","mt"
"698-[1.195]-mt.wav","train","698","1.195","mt"
"699-[1.185]-mt.wav","train","699","1.185","mt"
"700-[1.17]-mt.wav","train","700","1.17","mt"
"701-[1.195]-mt.wav","train","701","1.195","mt"
"702-[1.21]-mt.wav","train","702","1.21","mt"
"703-[1.225]-mt.wav","train","703","1.225","mt"
"704-[1.41]-mt.wav","train","704","1.41","mt"
"705-[1.595]-mt.wav","train","705","1.595","mt"
"706-[1.595]-mt.wav","train","706","1.595","mt"
"707-[1.595]-mt.wav","train","707","1.595","mt"
"708-[1.595]-mt.wav","train","708","1.595","mt"
"709-[1.59]-mt.wav","train","709","1.59","mt"
"710-[1.195]-mt.wav","train","710","1.195","mt"
"711-[1.18]-mt.wav","train","711","1.18","mt"
"712-[1.195]-mt.wav","train","712","1.195","mt"
"713-[1.2]-mt.wav","train","713","1.2","mt"
"714-[1.205]-mt.wav","train","714","1.205","mt"
"715-[1.235]-mt.wav","train","715","1.235","mt"
"716-[1.22]-mt.wav","train","716","1.22","mt"
"717-[1.195]-mt.wav","train","717","1.195","mt"
"718-[1.2]-mt.wav","train","718","1.2","mt"
"719-[1.215]-mt.wav","train","719","1.215","mt"
"720-[1.24]-mt.wav","train","720","1.24","mt"
"721-[1.595]-mt.wav","train","721","1.595","mt"
"722-[1.6]-mt.wav","train","722","1.6","mt"
"723-[1.59]-mt.wav","train","723","1.59","mt"
"724-[1.57]-mt.wav","train","724","1.57","mt"
"725-[1.24]-mt.wav","train","725","1.24","mt"
"726-[1.24]-mt.wav","train","726","1.24","mt"
"727-[1.24]-mt.wav","train","727","1.24","mt"
"728-[1.24]-mt.wav","train","728","1.24","mt"
"729-[1.24]-mt.wav","train","729","1.24","mt"
"730-[1.225]-mt.wav","train","730","1.225","mt"
"731-[1.23]-mt.wav","train","731","1.23","mt"
"732-[1.24]-mt.wav","train","732","1.24","mt"
"733-[1.21]-mt.wav","train","733","1.21","mt"
"734-[1.61]-mt.wav","train","734","1.61","mt"
"735-[1.605]-mt.wav","train","735","1.605","mt"
"736-[1.24]-mt.wav","train","736","1.24","mt"
"737-[1.24]-mt.wav","train","737","1.24","mt"
"738-[1.235]-mt.wav","train","738","1.235","mt"
"739-[1.205]-mt.wav","train","739","1.205","mt"
"740-[1.22]-mt.wav","train","740","1.22","mt"
"741-[1.605]-mt.wav","train","741","1.605","mt"
"742-[1.405]-mt.wav","train","742","1.405","mt"
"743-[1.235]-mt.wav","train","743","1.235","mt"
"744-[1.23]-mt.wav","train","744","1.23","mt"
"745-[1.61]-mt.wav","train","745","1.61","mt"
"746-[1.605]-mt.wav","train","746","1.605","mt"
"747-[1.605]-mt.wav","train","747","1.605","mt"
"748-[2.06]-mt.wav","train","748","2.06","mt"
"749-[1.815]-mt.wav","train","749","1.815","mt"
"750-[2.035]-mt.wav","train","750","2.035","mt"
"751-[2.04]-mt.wav","train","751","2.04","mt"
"752-[2.035]-mt.wav","train","752","2.035","mt"
"753-[1.75]-mt.wav","train","753","1.75","mt"
"754-[1.595]-mt.wav","train","754","1.595","mt"
"755-[2.005]-mt.wav","train","755","2.005","mt"
"756-[2.01]-mt.wav","train","756","2.01","mt"
"757-[2.03]-mt.wav","train","757","2.03","mt"
"758-[2.035]-mt.wav","train","758","2.035","mt"
"759-[2.04]-mt.wav","train","759","2.04","mt"
"760-[2.005]-mt.wav","train","760","2.005","mt"
"761-[1.985]-mt.wav","train","761","1.985","mt"
"762-[1.99]-mt.wav","train","762","1.99","mt"
"763-[1.975]-mt.wav","train","763","1.975","mt"
"764-[1.98]-mt.wav","train","764","1.98","mt"
"765-[1.94]-mt.wav","train","765","1.94","mt"
"766-[1.91]-mt.wav","train","766","1.91","mt"
"767-[1.94]-mt.wav","train","767","1.94","mt"
"768-[1.93]-mt.wav","train","768","1.93","mt"
"769-[1.595]-mt.wav","train","769","1.595","mt"
"770-[1.595]-mt.wav","train","770","1.595","mt"
"771-[1.575]-mt.wav","train","771","1.575","mt"
"772-[1.565]-mt.wav","train","772","1.565","mt"
"773-[1.525]-mt.wav","train","773","1.525","mt"
"774-[1.575]-mt.wav","train","774","1.575","mt"
"775-[1.655]-mt.wav","train","775","1.655","mt"
"776-[1.655]-mt.wav","train","776","1.655","mt"
"777-[1.62]-mt.wav","train","777","1.62","mt"
"778-[1.655]-mt.wav","train","778","1.655","mt"
"779-[1.78]-mt.wav","train","779","1.78","mt"
"780-[1.785]-mt.wav","train","780","1.785","mt"
"781-[1.63]-mt.wav","train","781","1.63","mt"
"782-[1.575]-mt.wav","train","782","1.575","mt"
"783-[1.585]-mt.wav","train","783","1.585","mt"
"784-[1.57]-mt.wav","train","784","1.57","mt"
"785-[1.99]-mt.wav","train","785","1.99","mt"
"786-[2.01]-mt.wav","train","786","2.01","mt"
"787-[1.985]-mt.wav","train","787","1.985","mt"
"788-[1.99]-mt.wav","train","788","1.99","mt"
"789-[2.005]-mt.wav","train","789","2.005","mt"
"790-[2.01]-mt.wav","train","790","2.01","mt"
"791-[1.99]-mt.wav","train","791","1.99","mt"
"792-[1.97]-mt.wav","train","792","1.97","mt"
"793-[1.99]-mt.wav","train","793","1.99","mt"
"794-[1.975]-mt.wav","train","794","1.975","mt"
"795-[2.035]-mt.wav","train","795","2.035","mt"
"796-[2.035]-mt.wav","train","796","2.035","mt"
"797-[2.02]-mt.wav","train","797","2.02","mt"
"798-[2.015]-mt.wav","train","798","2.015","mt"
"799-[2.025]-mt.wav","train","799","2.025","mt"
"800-[1.6]-mt.wav","train","800","1.6","mt"
"801-[2.08]-mt.wav","train","801","2.08","mt"
"802-[1.86]-mt.wav","train","802","1.86","mt"
"803-[2.015]-mt.wav","train","803","2.015","mt"
"804-[2.01]-mt.wav","train","804","2.01","mt"
"805-[2.025]-mt.wav","train","805","2.025","mt"
"806-[2.02]-mt.wav","train","806","2.02","mt"
"807-[2.015]-mt.wav","train","807","2.015","mt"
"808-[1.995]-mt.wav","train","808","1.995","mt"
"809-[2.]-mt.wav","train","809","2","mt"
"810-[2.02]-mt.wav","train","810","2.02","mt"
"811-[2.03]-mt.wav","train","811","2.03","mt"
"812-[2.025]-mt.wav","train","812","2.025","mt"
"813-[1.995]-mt.wav","train","813","1.995","mt"
"814-[1.995]-mt.wav","train","814","1.995","mt"
"815-[2.085]-mt.wav","train","815","2.085","mt"
"816-[1.76]-mt.wav","train","816","1.76","mt"
"817-[2.025]-mt.wav","train","817","2.025","mt"
"818-[2.05]-mt.wav","train","818","2.05","mt"
"819-[1.79]-mt.wav","train","819","1.79","mt"
"820-[1.775]-mt.wav","train","820","1.775","mt"
"821-[1.445]-mt.wav","train","821","1.445","mt"
"822-[1.425]-mt.wav","train","822","1.425","mt"
"823-[1.745]-mt.wav","train","823","1.745","mt"
"824-[2.1]-mt.wav","train","824","2.1","mt"
"825-[2.095]-mt.wav","train","825","2.095","mt"
"826-[2.06]-mt.wav","train","826","2.06","mt"
"827-[2.02]-mt.wav","train","827","2.02","mt"
"828-[2.005]-mt.wav","train","828","2.005","mt"
"829-[2.03]-mt.wav","train","829","2.03","mt"
"830-[2.05]-mt.wav","train","830","2.05","mt"
"831-[2.035]-mt.wav","train","831","2.035","mt"
"832-[2.025]-mt.wav","train","832","2.025","mt"
"833-[1.445]-mt.wav","train","833","1.445","mt"
"834-[1.5]-mt.wav","train","834","1.5","mt"
"835-[1.98]-mt.wav","train","835","1.98","mt"
"836-[1.98]-mt.wav","train","836","1.98","mt"
"837-[2.]-mt.wav","train","837","2","mt"
"838-[1.97]-mt.wav","train","838","1.97","mt"
"839-[2.025]-mt.wav","train","839","2.025","mt"
"840-[1.995]-mt.wav","train","840","1.995","mt"
"841-[1.755]-mt.wav","train","841","1.755","mt"
"842-[1.745]-mt.wav","train","842","1.745","mt"
"843-[1.74]-mt.wav","train","843","1.74","mt"
"844-[1.76]-mt.wav","train","844","1.76","mt"
"845-[1.38]-mt.wav","train","845","1.38","mt"
"846-[1.465]-mt.wav","train","846","1.465","mt"
"847-[1.46]-mt.wav","train","847","1.46","mt"
"848-[1.435]-mt.wav","train","848","1.435","mt"
"849-[1.435]-mt.wav","train","849","1.435","mt"
"850-[1.445]-mt.wav","train","850","1.445","mt"
"851-[1.665]-mt.wav","train","851","1.665","mt"
"852-[1.7]-mt.wav","train","852","1.7","mt"
"853-[1.45]-mt.wav","train","853","1.45","mt"
"854-[1.72]-mt.wav","train","854","1.72","mt"
"855-[1.6]-mt.wav","train","855","1.6","mt"
"856-[1.7]-mt.wav","train","856","1.7","mt"
"857-[1.71]-mt.wav","train","857","1.71","mt"
"858-[1.705]-mt.wav","train","858","1.705","mt"
"859-[1.775]-mt.wav","train","859","1.775","mt"
"860-[1.525]-mt.wav","train","860","1.525","mt"
"861-[1.465]-mt.wav","train","861","1.465","mt"
"862-[1.63]-mt.wav","train","862","1.63","mt"
"863-[1.975]-mt.wav","train","863","1.975","mt"
"864-[1.98]-mt.wav","train","864","1.98","mt"
"865-[1.27]-mt.wav","train","865","1.27","mt"
"866-[1.84]-mt.wav","train","866","1.84","mt"
"867-[1.94]-mt.wav","train","867","1.94","mt"
"868-[1.965]-mt.wav","train","868","1.965","mt"
"869-[1.97]-mt.wav","train","869","1.97","mt"
"870-[1.65]-mt.wav","train","870","1.65","mt"
"871-[1.665]-mt.wav","train","871","1.665","mt"
"872-[1.655]-mt.wav","train","872","1.655","mt"
"873-[1.645]-mt.wav","train","873","1.645","mt"
"874-[1.63]-mt.wav","train","874","1.63","mt"
"875-[1.635]-mt.wav","train","875","1.635","mt"
"876-[1.655]-mt.wav","train","876","1.655","mt"
"877-[1.645]-mt.wav","train","877","1.645","mt"
"878-[1.625]-mt.wav","train","878","1.625","mt"
"879-[1.715]-mt.wav","train","879","1.715","mt"
"880-[1.71]-mt.wav","train","880","1.71","mt"
"881-[1.715]-mt.wav","train","881","1.715","mt"
"882-[1.69]-mt.wav","train","882","1.69","mt"
"883-[1.71]-mt.wav","train","883","1.71","mt"
"884-[1.64]-mt.wav","train","884","1.64","mt"
"885-[1.65]-mt.wav","train","885","1.65","mt"
"886-[1.71]-mt.wav","train","886","1.71","mt"
"887-[1.65]-mt.wav","train","887","1.65","mt"
"888-[1.66]-mt.wav","train","888","1.66","mt"
"889-[1.635]-mt.wav","train","889","1.635","mt"
"890-[1.64]-mt.wav","train","890","1.64","mt"
"891-[1.715]-mt.wav","train","891","1.715","mt"
"892-[1.71]-mt.wav","train","892","1.71","mt"
"893-[1.71]-mt.wav","train","893","1.71","mt"
"894-[1.705]-mt.wav","train","894","1.705","mt"
"895-[1.65]-mt.wav","train","895","1.65","mt"
"896-[1.645]-mt.wav","train","896","1.645","mt"
"897-[1.62]-mt.wav","train","897","1.62","mt"
"898-[1.625]-mt.wav","train","898","1.625","mt"
"899-[1.63]-mt.wav","train","899","1.63","mt"
"900-[1.62]-mt.wav","train","900","1.62","mt"
"901-[1.715]-mt.wav","train","901","1.715","mt"
"902-[1.72]-mt.wav","train","902","1.72","mt"
"903-[1.715]-mt.wav","train","903","1.715","mt"
"904-[1.71]-mt.wav","train","904","1.71","mt"
"905-[1.71]-mt.wav","train","905","1.71","mt"
"906-[1.69]-mt.wav","train","906","1.69","mt"
"907-[1.695]-mt.wav","train","907","1.695","mt"
"908-[1.7]-mt.wav","train","908","1.7","mt"
"909-[1.695]-mt.wav","train","909","1.695","mt"
"910-[1.675]-mt.wav","train","910","1.675","mt"
"911-[1.695]-mt.wav","train","911","1.695","mt"
"912-[1.715]-mt.wav","train","912","1.715","mt"
"913-[1.715]-mt.wav","train","913","1.715","mt"
"914-[1.7]-mt.wav","train","914","1.7","mt"
"915-[1.705]-mt.wav","train","915","1.705","mt"
"916-[1.705]-mt.wav","train","916","1.705","mt"
"917-[1.71]-mt.wav","train","917","1.71","mt"
"918-[1.715]-mt.wav","train","918","1.715","mt"
"919-[1.71]-mt.wav","train","919","1.71","mt"
"920-[1.695]-mt.wav","train","920","1.695","mt"
"921-[1.715]-mt.wav","train","921","1.715","mt"
"922-[1.72]-mt.wav","train","922","1.72","mt"
"923-[1.235]-mt.wav","train","923","1.235","mt"
"924-[1.275]-mt.wav","train","924","1.275","mt"
"925-[1.25]-mt.wav","train","925","1.25","mt"
"926-[1.245]-mt.wav","train","926","1.245","mt"
"927-[1.52]-mt.wav","train","927","1.52","mt"
"928-[1.33]-mt.wav","train","928","1.33","mt"
"929-[1.14]-mt.wav","train","929","1.14","mt"
"930-[1.145]-mt.wav","train","930","1.145","mt"
"931-[1.51]-mt.wav","train","931","1.51","mt"
"932-[1.505]-mt.wav","train","932","1.505","mt"
"933-[1.69]-mt.wav","train","933","1.69","mt"
"934-[1.7]-mt.wav","train","934","1.7","mt"
"935-[1.355]-mt.wav","train","935","1.355","mt"
"936-[1.36]-mt.wav","train","936","1.36","mt"
"937-[1.275]-mt.wav","train","937","1.275","mt"
"938-[1.3]-mt.wav","train","938","1.3","mt"
"939-[1.5]-mt.wav","train","939","1.5","mt"
"940-[1.475]-mt.wav","train","940","1.475","mt"
"941-[1.375]-mt.wav","train","941","1.375","mt"
"942-[1.31]-mt.wav","train","942","1.31","mt"
"943-[1.3]-mt.wav","train","943","1.3","mt"
"944-[1.625]-mt.wav","train","944","1.625","mt"
"945-[1.625]-mt.wav","train","945","1.625","mt"
"946-[1.615]-mt.wav","train","946","1.615","mt"
"947-[1.605]-mt.wav","train","947","1.605","mt"
"948-[1.61]-mt.wav","train","948","1.61","mt"
"949-[1.6]-mt.wav","train","949","1.6","mt"
"950-[1.31]-mt.wav","train","950","1.31","mt"
"951-[1.36]-mt.wav","train","951","1.36","mt"
"952-[1.46]-mt.wav","train","952","1.46","mt"
"953-[1.61]-mt.wav","train","953","1.61","mt"
"954-[1.685]-mt.wav","train","954","1.685","mt"
"955-[1.72]-mt.wav","train","955","1.72","mt"
"956-[1.55]-mt.wav","train","956","1.55","mt"
"957-[1.37]-mt.wav","train","957","1.37","mt"
"958-[1.67]-mt.wav","train","958","1.67","mt"
"959-[1.665]-mt.wav","train","959","1.665","mt"
"960-[1.66]-mt.wav","train","960","1.66","mt"
"961-[1.165]-mt.wav","train","961","1.165","mt"
"962-[1.16]-mt.wav","train","962","1.16","mt"
"963-[1.3]-mt.wav","train","963","1.3","mt"
"964-[1.395]-mt.wav","train","964","1.395","mt"
"965-[1.43]-mt.wav","train","965","1.43","mt"
"966-[1.375]-mt.wav","train","966","1.375","mt"
"967-[1.545]-mt.wav","train","967","1.545","mt"
"968-[1.65]-mt.wav","train","968","1.65","mt"
"969-[1.17]-mt.wav","train","969","1.17","mt"
"970-[1.465]-mt.wav","train","970","1.465","mt"
"971-[1.425]-mt.wav","train","971","1.425","mt"
"972-[1.57]-mt.wav","train","972","1.57","mt"
"973-[1.7]-mt.wav","train","973","1.7","mt"
"974-[1.695]-mt.wav","train","974","1.695","mt"
"975-[1.69]-mt.wav","train","975","1.69","mt"
"976-[1.6]-mt.wav","train","976","1.6","mt"
"977-[1.59]-mt.wav","train","977","1.59","mt"
"978-[1.655]-mt.wav","train","978","1.655","mt"
"979-[1.675]-mt.wav","train","979","1.675","mt"
"980-[1.685]-mt.wav","train","980","1.685","mt"
"981-[1.68]-mt.wav","train","981","1.68","mt"
"982-[1.675]-mt.wav","train","982","1.675","mt"
"983-[1.505]-mt.wav","train","983","1.505","mt"
"984-[1.685]-mt.wav","train","984","1.685","mt"
"985-[1.68]-mt.wav","train","985","1.68","mt"
"986-[1.675]-mt.wav","train","986","1.675","mt"
"987-[1.675]-mt.wav","train","987","1.675","mt"
"988-[1.675]-mt.wav","train","988","1.675","mt"
"989-[1.665]-mt.wav","train","989","1.665","mt"
"990-[1.66]-mt.wav","train","990","1.66","mt"
"991-[1.65]-mt.wav","train","991","1.65","mt"
"992-[1.655]-mt.wav","train","992","1.655","mt"
"993-[1.66]-mt.wav","train","993","1.66","mt"
"994-[1.66]-mt.wav","train","994","1.66","mt"
"995-[1.665]-mt.wav","train","995","1.665","mt"
"996-[1.665]-mt.wav","train","996","1.665","mt"
"997-[1.665]-mt.wav","train","997","1.665","mt"
"998-[1.665]-mt.wav","train","998","1.665","mt"
"999-[1.48]-mt.wav","train","999","1.48","mt"
"1000-[1.365]-mt.wav","train","1000","1.365","mt"
"1001-[1.34]-mt.wav","train","1001","1.34","mt"
"1002-[1.355]-mt.wav","train","1002","1.355","mt"
"1003-[1.345]-mt.wav","train","1003","1.345","mt"
"1004-[1.35]-mt.wav","train","1004","1.35","mt"
"1005-[1.435]-mt.wav","train","1005","1.435","mt"
"1006-[1.6]-mt.wav","train","1006","1.6","mt"
"1007-[1.64]-mt.wav","train","1007","1.64","mt"
"1008-[1.64]-mt.wav","train","1008","1.64","mt"
"1009-[1.63]-mt.wav","train","1009","1.63","mt"
"1010-[1.63]-mt.wav","train","1010","1.63","mt"
"1011-[1.395]-mt.wav","train","1011","1.395","mt"
"1012-[1.285]-mt.wav","train","1012","1.285","mt"
"1013-[1.285]-mt.wav","train","1013","1.285","mt"
"1014-[1.42]-mt.wav","train","1014","1.42","mt"
"1015-[1.615]-mt.wav","train","1015","1.615","mt"
"1016-[1.65]-mt.wav","train","1016","1.65","mt"
"1017-[1.61]-mt.wav","train","1017","1.61","mt"
"1018-[1.6]-mt.wav","train","1018","1.6","mt"
"1019-[1.685]-mt.wav","train","1019","1.685","mt"
"1020-[1.67]-mt.wav","train","1020","1.67","mt"
"1021-[1.59]-mt.wav","train","1021","1.59","mt"
"1022-[1.605]-mt.wav","train","1022","1.605","mt"
"1023-[1.3]-mt.wav","train","1023","1.3","mt"
"1024-[1.345]-mt.wav","train","1024","1.345","mt"
"1025-[1.32]-mt.wav","train","1025","1.32","mt"
"1026-[1.325]-mt.wav","train","1026","1.325","mt"
"1027-[1.32]-mt.wav","train","1027","1.32","mt"
"1028-[1.43]-mt.wav","train","1028","1.43","mt"
"1029-[1.695]-mt.wav","train","1029","1.695","mt"
"1030-[1.22]-mt.wav","train","1030","1.22","mt"
"1031-[1.175]-mt.wav","train","1031","1.175","mt"
"1032-[1.165]-mt.wav","train","1032","1.165","mt"
"1033-[1.155]-mt.wav","train","1033","1.155","mt"
"1034-[1.18]-mt.wav","train","1034","1.18","mt"
"1035-[1.18]-mt.wav","train","1035","1.18","mt"
"1036-[1.17]-mt.wav","train","1036","1.17","mt"
"1037-[1.17]-mt.wav","train","1037","1.17","mt"
"1038-[1.175]-mt.wav","train","1038","1.175","mt"
"1039-[1.18]-mt.wav","train","1039","1.18","mt"
"1040-[1.18]-mt.wav","train","1040","1.18","mt"
"1041-[1.165]-mt.wav","train","1041","1.165","mt"
"1042-[1.165]-mt.wav","train","1042","1.165","mt"
"1043-[1.175]-mt.wav","train","1043","1.175","mt"
"1044-[1.17]-mt.wav","train","1044","1.17","mt"
"1045-[1.395]-mt.wav","train","1045","1.395","mt"
"1046-[1.37]-mt.wav","train","1046","1.37","mt"
"1047-[1.215]-mt.wav","train","1047","1.215","mt"
"1048-[1.205]-mt.wav","train","1048","1.205","mt"
"1049-[1.205]-mt.wav","train","1049","1.205","mt"
"1050-[1.21]-mt.wav","train","1050","1.21","mt"
"1051-[1.21]-mt.wav","train","1051","1.21","mt"
"1052-[1.185]-mt.wav","train","1052","1.185","mt"
"1053-[1.19]-mt.wav","train","1053","1.19","mt"
"1054-[1.215]-mt.wav","train","1054","1.215","mt"
"1055-[1.2]-mt.wav","train","1055","1.2","mt"
"1056-[1.19]-mt.wav","train","1056","1.19","mt"
"1057-[1.205]-mt.wav","train","1057","1.205","mt"
"1058-[1.225]-mt.wav","train","1058","1.225","mt"
"1059-[1.205]-mt.wav","train","1059","1.205","mt"
"1060-[1.17]-mt.wav","train","1060","1.17","mt"
"1061-[1.665]-mt.wav","train","1061","1.665","mt"
"1062-[1.71]-mt.wav","train","1062","1.71","mt"
"1063-[1.71]-mt.wav","train","1063","1.71","mt"
"1064-[1.16]-mt.wav","train","1064","1.16","mt"
"1065-[1.18]-mt.wav","train","1065","1.18","mt"
"1066-[1.2]-mt.wav","train","1066","1.2","mt"
"1067-[1.42]-mt.wav","train","1067","1.42","mt"
"1068-[1.685]-mt.wav","train","1068","1.685","mt"
"1069-[1.685]-mt.wav","train","1069","1.685","mt"
"1070-[1.25]-mt.wav","train","1070","1.25","mt"
"1071-[1.245]-mt.wav","train","1071","1.245","mt"
"1072-[1.195]-mt.wav","train","1072","1.195","mt"
"1073-[1.19]-mt.wav","train","1073","1.19","mt"
"1074-[1.215]-mt.wav","train","1074","1.215","mt"
"1075-[1.69]-mt.wav","train","1075","1.69","mt"
"1076-[1.68]-mt.wav","train","1076","1.68","mt"
"1077-[1.21]-mt.wav","train","1077","1.21","mt"
"1078-[1.425]-mt.wav","train","1078","1.425","mt"
"1079-[1.165]-mt.wav","train","1079","1.165","mt"
"1080-[1.65]-mt.wav","train","1080","1.65","mt"
"1081-[1.645]-mt.wav","train","1081","1.645","mt"
"1082-[1.645]-mt.wav","train","1082","1.645","mt"
"1083-[1.64]-mt.wav","train","1083","1.64","mt"
"1084-[1.635]-mt.wav","train","1084","1.635","mt"
"1085-[1.005]-mt.wav","train","1085","1.005","mt"
"1086-[1.96]-mt.wav","train","1086","1.96","mt"
"1087-[1.945]-mt.wav","train","1087","1.945","mt"
"1088-[1.01]-mt.wav","train","1088","1.01","mt"
"1089-[1.955]-mt.wav","train","1089","1.955","mt"
"1090-[1.955]-mt.wav","train","1090","1.955","mt"
"1091-[1.94]-mt.wav","train","1091","1.94","mt"
"1092-[1.945]-mt.wav","train","1092","1.945","mt"
"1093-[1.815]-mt.wav","train","1093","1.815","mt"
"1094-[1.56]-mt.wav","train","1094","1.56","mt"
"1095-[2.345]-mt.wav","train","1095","2.345","mt"
"1096-[1.77]-mt.wav","train","1096","1.77","mt"
"1097-[2.185]-mt.wav","train","1097","2.185","mt"
"1098-[2.43]-mt.wav","train","1098","2.43","mt"
"1099-[2.295]-mt.wav","train","1099","2.295","mt"
"1100-[1.325]-mt.wav","train","1100","1.325","mt"
"1101-[1.45]-mt.wav","train","1101","1.45","mt"
"1102-[1.5]-mt.wav","train","1102","1.5","mt"
"1103-[1.31]-mt.wav","train","1103","1.31","mt"
"1104-[1.24]-mt.wav","train","1104","1.24","mt"
"1105-[1.24]-mt.wav","train","1105","1.24","mt"
"1106-[1.205]-mt.wav","train","1106","1.205","mt"
"1107-[2.055]-mt.wav","train","1107","2.055","mt"
"1108-[2.055]-mt.wav","train","1108","2.055","mt"
"1109-[2.055]-mt.wav","train","1109","2.055","mt"
"1110-[2.02]-mt.wav","train","1110","2.02","mt"
"1111-[1.995]-mt.wav","train","1111","1.995","mt"
"1112-[1.995]-mt.wav","train","1112","1.995","mt"
"1113-[1.21]-mt.wav","train","1113","1.21","mt"
"1114-[1.255]-mt.wav","train","1114","1.255","mt"
"1115-[1.985]-mt.wav","train","1115","1.985","mt"
"1116-[2.04]-mt.wav","train","1116","2.04","mt"
"1117-[1.215]-mt.wav","train","1117","1.215","mt"
"1118-[1.24]-mt.wav","train","1118","1.24","mt"
"1119-[1.245]-mt.wav","train","1119","1.245","mt"
"1120-[1.915]-mt.wav","train","1120","1.915","mt"
"1121-[1.97]-mt.wav","train","1121","1.97","mt"
"1122-[1.99]-mt.wav","train","1122","1.99","mt"
"1123-[1.965]-mt.wav","train","1123","1.965","mt"
"1124-[1.95]-mt.wav","train","1124","1.95","mt"
"1125-[1.965]-mt.wav","train","1125","1.965","mt"
"1126-[1.28]-mt.wav","train","1126","1.28","mt"
"1127-[1.29]-mt.wav","train","1127","1.29","mt"
"1128-[1.25]-mt.wav","train","1128","1.25","mt"
"1129-[1.315]-mt.wav","train","1129","1.315","mt"
"1130-[1.935]-mt.wav","train","1130","1.935","mt"
"1131-[1.955]-mt.wav","train","1131","1.955","mt"
"1132-[1.355]-mt.wav","train","1132","1.355","mt"
"1133-[3.57]-mt.wav","train","1133","3.57","mt"
"1134-[2.345]-mt.wav","train","1134","2.345","mt"
"1135-[3.43]-mt.wav","train","1135","3.43","mt"
"1136-[3.395]-mt.wav","train","1136","3.395","mt"
"1137-[2.125]-mt.wav","train","1137","2.125","mt"
"1138-[2.135]-mt.wav","train","1138","2.135","mt"
"1139-[2.135]-mt.wav","train","1139","2.135","mt"
"1140-[3.16]-mt.wav","train","1140","3.16","mt"
"1141-[3.445]-mt.wav","train","1141","3.445","mt"
"1142-[3.335]-mt.wav","train","1142","3.335","mt"
"1143-[2.15]-mt.wav","train","1143","2.15","mt"
"1144-[3.155]-mt.wav","train","1144","3.155","mt"
"1145-[2.095]-mt.wav","train","1145","2.095","mt"
"1146-[3.03]-mt.wav","train","1146","3.03","mt"
"1147-[2.865]-mt.wav","train","1147","2.865","mt"
"1148-[2.09]-mt.wav","train","1148","2.09","mt"
"1149-[2.1]-mt.wav","train","1149","2.1","mt"
"1150-[2.87]-mt.wav","train","1150","2.87","mt"
"1151-[2.835]-mt.wav","train","1151","2.835","mt"
"1152-[2.855]-mt.wav","train","1152","2.855","mt"
"1153-[2.855]-mt.wav","train","1153","2.855","mt"
"1154-[2.905]-mt.wav","train","1154","2.905","mt"
"1155-[1.535]-mt.wav","train","1155","1.535","mt"
"1156-[1.54]-mt.wav","train","1156","1.54","mt"
"1157-[1.145]-mt.wav","train","1157","1.145","mt"
"1158-[1.31]-mt.wav","train","1158","1.31","mt"
"1159-[1.285]-mt.wav","train","1159","1.285","mt"
"1160-[1.29]-mt.wav","train","1160","1.29","mt"
"1161-[1.3]-mt.wav","train","1161","1.3","mt"
"1162-[1.495]-mt.wav","train","1162","1.495","mt"
"1163-[1.12]-mt.wav","train","1163","1.12","mt"
"1164-[1.16]-mt.wav","train","1164","1.16","mt"
"1165-[1.18]-mt.wav","train","1165","1.18","mt"
"1166-[2.355]-mt.wav","train","1166","2.355","mt"
"1167-[2.5]-mt.wav","train","1167","2.5","mt"
"1168-[2.655]-mt.wav","train","1168","2.655","mt"
"1169-[1.08]-mt.wav","train","1169","1.08","mt"
"1170-[1.105]-mt.wav","train","1170","1.105","mt"
"1171-[1.11]-mt.wav","train","1171","1.11","mt"
"1172-[2.54]-mt.wav","train","1172","2.54","mt"
"1173-[1.155]-mt.wav","train","1173","1.155","mt"
"1174-[1.795]-mt.wav","train","1174","1.795","mt"
"1175-[1.77]-mt.wav","train","1175","1.77","mt"
"1176-[1.36]-mt.wav","train","1176","1.36","mt"
"1177-[1.605]-mt.wav","train","1177","1.605","mt"
"1178-[1.745]-mt.wav","train","1178","1.745","mt"
"1179-[1.46]-mt.wav","train","1179","1.46","mt"
"1180-[1.425]-mt.wav","train","1180","1.425","mt"
"1181-[1.54]-mt.wav","train","1181","1.54","mt"
"1182-[1.425]-mt.wav","train","1182","1.425","mt"
"1183-[1.6]-mt.wav","train","1183","1.6","mt"
"1184-[1.505]-mt.wav","train","1184","1.505","mt"
"1185-[1.435]-mt.wav","train","1185","1.435","mt"
"1186-[1.365]-mt.wav","train","1186","1.365","mt"
"1187-[1.06]-mt.wav","train","1187","1.06","mt"
"1188-[1.165]-mt.wav","train","1188","1.165","mt"
"1189-[1.14]-mt.wav","train","1189","1.14","mt"
"1190-[2.07]-mt.wav","train","1190","2.07","mt"
"1191-[1.04]-mt.wav","train","1191","1.04","mt"
"1192-[1.725]-mt.wav","train","1192","1.725","mt"
"1193-[1.66]-mt.wav","train","1193","1.66","mt"
"1194-[1.66]-mt.wav","train","1194","1.66","mt"
"1195-[2.09]-mt.wav","train","1195","2.09","mt"
"1196-[1.66]-mt.wav","train","1196","1.66","mt"
"1197-[1.605]-mt.wav","train","1197","1.605","mt"
"1198-[1.65]-mt.wav","train","1198","1.65","mt"
"1199-[1.815]-mt.wav","train","1199","1.815","mt"
"1200-[1.85]-mt.wav","train","1200","1.85","mt"
"1201-[2.115]-mt.wav","train","1201","2.115","mt"
"1202-[2.035]-mt.wav","train","1202","2.035","mt"
"1203-[1.97]-mt.wav","train","1203","1.97","mt"
"1204-[1.86]-mt.wav","train","1204","1.86","mt"
"1205-[1.965]-mt.wav","train","1205","1.965","mt"
"1206-[1.99]-mt.wav","train","1206","1.99","mt"
"1207-[1.88]-mt.wav","train","1207","1.88","mt"
"1208-[1.11]-mt.wav","train","1208","1.11","mt"
"1209-[1.82]-mt.wav","train","1209","1.82","mt"
"1210-[1.82]-mt.wav","train","1210","1.82","mt"
"1211-[1.805]-mt.wav","train","1211","1.805","mt"
"1212-[2.15]-mt.wav","train","1212","2.15","mt"
"1213-[2.165]-mt.wav","train","1213","2.165","mt"
"1214-[2.15]-mt.wav","train","1214","2.15","mt"
"1215-[2.165]-mt.wav","train","1215","2.165","mt"
"1216-[1.765]-mt.wav","train","1216","1.765","mt"
"1217-[1.765]-mt.wav","train","1217","1.765","mt"
"1218-[2.08]-mt.wav","train","1218","2.08","mt"
"1219-[2.07]-mt.wav","train","1219","2.07","mt"
"1220-[2.075]-mt.wav","train","1220","2.075","mt"
"1221-[2.09]-mt.wav","train","1221","2.09","mt"
"1222-[1.79]-mt.wav","train","1222","1.79","mt"
"1223-[1.76]-mt.wav","train","1223","1.76","mt"
"1224-[1.735]-mt.wav","train","1224","1.735","mt"
"1225-[1.735]-mt.wav","train","1225","1.735","mt"
"1226-[1.715]-mt.wav","train","1226","1.715","mt"
"1227-[2.105]-mt.wav","train","1227","2.105","mt"
"1228-[1.71]-mt.wav","train","1228","1.71","mt"
"1229-[1.71]-mt.wav","train","1229","1.71","mt"
"1230-[1.74]-mt.wav","train","1230","1.74","mt"
"1231-[1.725]-mt.wav","train","1231","1.725","mt"
"1232-[1.435]-mt.wav","train","1232","1.435","mt"
"1233-[1.37]-mt.wav","train","1233","1.37","mt"
"1234-[1.27]-mt.wav","train","1234","1.27","mt"
"1235-[1.39]-mt.wav","train","1235","1.39","mt"
"1236-[1.65]-mt.wav","train","1236","1.65","mt"
"1237-[2.005]-mt.wav","train","1237","2.005","mt"
"1238-[2.035]-mt.wav","train","1238","2.035","mt"
"1239-[2.02]-mt.wav","train","1239","2.02","mt"
"1240-[2.025]-mt.wav","train","1240","2.025","mt"
"1241-[1.875]-mt.wav","train","1241","1.875","mt"
"1242-[1.715]-mt.wav","train","1242","1.715","mt"
"1243-[1.695]-mt.wav","train","1243","1.695","mt"
"1244-[1.795]-mt.wav","train","1244","1.795","mt"
"1245-[1.635]-mt.wav","train","1245","1.635","mt"
"1246-[1.045]-mt.wav","train","1246","1.045","mt"
"1247-[1.67]-mt.wav","train","1247","1.67","mt"
"1248-[1.7]-mt.wav","train","1248","1.7","mt"
"1249-[1.73]-mt.wav","train","1249","1.73","mt"
"1250-[2.]-mt.wav","train","1250","2","mt"
"1251-[1.19]-mt.wav","train","1251","1.19","mt"
"1252-[1.81]-mt.wav","train","1252","1.81","mt"
"1253-[1.55]-mt.wav","train","1253","1.55","mt"
"1254-[1.45]-mt.wav","train","1254","1.45","mt"
"1255-[1.545]-mt.wav","train","1255","1.545","mt"
"1256-[1.55]-mt.wav","train","1256","1.55","mt"
"1257-[1.45]-mt.wav","train","1257","1.45","mt"
"1258-[1.55]-mt.wav","train","1258","1.55","mt"
"1259-[1.46]-mt.wav","train","1259","1.46","mt"
"1260-[1.505]-mt.wav","train","1260","1.505","mt"
"1261-[1.55]-mt.wav","train","1261","1.55","mt"
"1262-[1.47]-mt.wav","train","1262","1.47","mt"
"1263-[1.485]-mt.wav","train","1263","1.485","mt"
"1264-[1.49]-mt.wav","train","1264","1.49","mt"
"1265-[1.47]-mt.wav","train","1265","1.47","mt"
"1266-[1.465]-mt.wav","train","1266","1.465","mt"
"1267-[1.55]-mt.wav","train","1267","1.55","mt"
"1268-[1.485]-mt.wav","train","1268","1.485","mt"
"1269-[1.485]-mt.wav","train","1269","1.485","mt"
"1270-[1.485]-mt.wav","train","1270","1.485","mt"
"1271-[1.5]-mt.wav","train","1271","1.5","mt"
"1272-[1.5]-mt.wav","train","1272","1.5","mt"
"1273-[1.485]-mt.wav","train","1273","1.485","mt"
"1274-[1.485]-mt.wav","train","1274","1.485","mt"
"1275-[1.545]-mt.wav","train","1275","1.545","mt"
"1276-[1.55]-mt.wav","train","1276","1.55","mt"
"1277-[1.55]-mt.wav","train","1277","1.55","mt"
"1278-[1.53]-mt.wav","train","1278","1.53","mt"
"1279-[1.475]-mt.wav","train","1279","1.475","mt"
"1280-[1.49]-mt.wav","train","1280","1.49","mt"
"1281-[1.55]-mt.wav","train","1281","1.55","mt"
"1282-[1.55]-mt.wav","train","1282","1.55","mt"
"1283-[1.545]-mt.wav","train","1283","1.545","mt"
"1284-[1.48]-mt.wav","train","1284","1.48","mt"
"1285-[1.48]-mt.wav","train","1285","1.48","mt"
"1286-[1.48]-mt.wav","train","1286","1.48","mt"
"1287-[1.485]-mt.wav","train","1287","1.485","mt"
"1288-[1.445]-mt.wav","train","1288","1.445","mt"
"1289-[1.55]-mt.wav","train","1289","1.55","mt"
"1290-[1.55]-mt.wav","train","1290","1.55","mt"
"1291-[1.55]-mt.wav","train","1291","1.55","mt"
"1292-[1.55]-mt.wav","train","1292","1.55","mt"
"1293-[1.55]-mt.wav","train","1293","1.55","mt"
"1294-[1.47]-mt.wav","train","1294","1.47","mt"
"1295-[1.475]-mt.wav","train","1295","1.475","mt"
"1296-[1.485]-mt.wav","train","1296","1.485","mt"
"1297-[1.55]-mt.wav","train","1297","1.55","mt"
"1298-[1.55]-mt.wav","train","1298","1.55","mt"
"1299-[1.55]-mt.wav","train","1299","1.55","mt"
"1300-[1.555]-mt.wav","train","1300","1.555","mt"
"1301-[1.55]-mt.wav","train","1301","1.55","mt"
"1302-[1.55]-mt.wav","train","1302","1.55","mt"
"1303-[1.545]-mt.wav","train","1303","1.545","mt"
"1304-[1.55]-mt.wav","train","1304","1.55","mt"
"1305-[1.55]-mt.wav","train","1305","1.55","mt"
"1306-[1.48]-mt.wav","train","1306","1.48","mt"
"1307-[1.49]-mt.wav","train","1307","1.49","mt"
"1308-[1.29]-mt.wav","train","1308","1.29","mt"
"1309-[1.28]-mt.wav","train","1309","1.28","mt"
"1310-[1.285]-mt.wav","train","1310","1.285","mt"
"1311-[1.29]-mt.wav","train","1311","1.29","mt"
"1312-[1.305]-mt.wav","train","1312","1.305","mt"
"1313-[1.495]-mt.wav","train","1313","1.495","mt"
"1314-[1.49]-mt.wav","train","1314","1.49","mt"
"1315-[1.5]-mt.wav","train","1315","1.5","mt"
"1316-[1.5]-mt.wav","train","1316","1.5","mt"
"1317-[1.5]-mt.wav","train","1317","1.5","mt"
"1318-[1.49]-mt.wav","train","1318","1.49","mt"
"1319-[1.5]-mt.wav","train","1319","1.5","mt"
"1320-[1.5]-mt.wav","train","1320","1.5","mt"
"1321-[1.51]-mt.wav","train","1321","1.51","mt"
"1322-[1.495]-mt.wav","train","1322","1.495","mt"
"1323-[1.465]-mt.wav","train","1323","1.465","mt"
"1324-[1.29]-mt.wav","train","1324","1.29","mt"
"1325-[1.29]-mt.wav","train","1325","1.29","mt"
"1326-[1.485]-mt.wav","train","1326","1.485","mt"
"1327-[1.5]-mt.wav","train","1327","1.5","mt"
"1328-[1.5]-mt.wav","train","1328","1.5","mt"
"1329-[1.495]-mt.wav","train","1329","1.495","mt"
"1330-[1.49]-mt.wav","train","1330","1.49","mt"
"1331-[1.495]-mt.wav","train","1331","1.495","mt"
"1332-[1.5]-mt.wav","train","1332","1.5","mt"
"1333-[1.29]-mt.wav","train","1333","1.29","mt"
"1334-[1.29]-mt.wav","train","1334","1.29","mt"
"1335-[1.29]-mt.wav","train","1335","1.29","mt"
"1336-[1.29]-mt.wav","train","1336","1.29","mt"
"1337-[1.29]-mt.wav","train","1337","1.29","mt"
"1338-[1.29]-mt.wav","train","1338","1.29","mt"
"1339-[1.295]-mt.wav","train","1339","1.295","mt"
"1340-[1.495]-mt.wav","train","1340","1.495","mt"
"1341-[1.5]-mt.wav","train","1341","1.5","mt"
"1342-[1.495]-mt.wav","train","1342","1.495","mt"
"1343-[1.495]-mt.wav","train","1343","1.495","mt"
"1344-[1.29]-mt.wav","train","1344","1.29","mt"
"1345-[1.29]-mt.wav","train","1345","1.29","mt"
"1346-[1.29]-mt.wav","train","1346","1.29","mt"
"1347-[1.28]-mt.wav","train","1347","1.28","mt"
"1348-[1.29]-mt.wav","train","1348","1.29","mt"
"1349-[1.28]-mt.wav","train","1349","1.28","mt"
"1350-[1.285]-mt.wav","train","1350","1.285","mt"
"1351-[1.285]-mt.wav","train","1351","1.285","mt"
"1352-[1.29]-mt.wav","train","1352","1.29","mt"
"1353-[1.28]-mt.wav","train","1353","1.28","mt"
"1354-[1.285]-mt.wav","train","1354","1.285","mt"
"1355-[1.28]-mt.wav","train","1355","1.28","mt"
"1356-[1.29]-mt.wav","train","1356","1.29","mt"
"1357-[1.295]-mt.wav","train","1357","1.295","mt"
"1358-[1.29]-mt.wav","train","1358","1.29","mt"
"1359-[1.285]-mt.wav","train","1359","1.285","mt"
"1360-[1.51]-mt.wav","train","1360","1.51","mt"
"1361-[1.51]-mt.wav","train","1361","1.51","mt"
"1362-[1.51]-mt.wav","train","1362","1.51","mt"
"1363-[1.495]-mt.wav","train","1363","1.495","mt"
"1364-[1.285]-mt.wav","train","1364","1.285","mt"
"1365-[1.045]-mt.wav","train","1365","1.045","mt"
"1366-[1.15]-mt.wav","train","1366","1.15","mt"
"1367-[1.03]-mt.wav","train","1367","1.03","mt"
"1368-[1.02]-mt.wav","train","1368","1.02","mt"
"1369-[1.025]-mt.wav","train","1369","1.025","mt"
"1370-[1.035]-mt.wav","train","1370","1.035","mt"
"1371-[1.025]-mt.wav","train","1371","1.025","mt"
"1372-[1.45]-mt.wav","train","1372","1.45","mt"
"1373-[1.285]-mt.wav","train","1373","1.285","mt"
"1374-[1.39]-mt.wav","train","1374","1.39","mt"
"1375-[1.39]-mt.wav","train","1375","1.39","mt"
"1376-[1.46]-mt.wav","train","1376","1.46","mt"
"1377-[1.34]-mt.wav","train","1377","1.34","mt"
"1378-[1.395]-mt.wav","train","1378","1.395","mt"
"1379-[1.385]-mt.wav","train","1379","1.385","mt"
"1380-[1.46]-mt.wav","train","1380","1.46","mt"
"1381-[1.47]-mt.wav","train","1381","1.47","mt"
"1382-[1.47]-mt.wav","train","1382","1.47","mt"
"1383-[1.31]-mt.wav","train","1383","1.31","mt"
"1384-[1.295]-mt.wav","train","1384","1.295","mt"
"1385-[1.34]-mt.wav","train","1385","1.34","mt"
"1386-[1.395]-mt.wav","train","1386","1.395","mt"
"1387-[1.415]-mt.wav","train","1387","1.415","mt"
"1388-[1.4]-mt.wav","train","1388","1.4","mt"
"1389-[1.41]-mt.wav","train","1389","1.41","mt"
"1390-[1.415]-mt.wav","train","1390","1.415","mt"
"1391-[1.405]-mt.wav","train","1391","1.405","mt"
"1392-[1.405]-mt.wav","train","1392","1.405","mt"
"1393-[1.425]-mt.wav","train","1393","1.425","mt"
"1394-[1.42]-mt.wav","train","1394","1.42","mt"
"1395-[1.535]-mt.wav","train","1395","1.535","mt"
"1396-[1.515]-mt.wav","train","1396","1.515","mt"
"1397-[1.49]-mt.wav","train","1397","1.49","mt"
"1398-[1.485]-mt.wav","train","1398","1.485","mt"
"1399-[2.23]-mt.wav","train","1399","2.23","mt"
"1400-[2.21]-mt.wav","train","1400","2.21","mt"
"1401-[1.045]-mt.wav","train","1401","1.045","mt"
"1402-[1.715]-mt.wav","train","1402","1.715","mt"
"1403-[1.055]-mt.wav","train","1403","1.055","mt"
"1404-[2.22]-mt.wav","train","1404","2.22","mt"
"1405-[2.22]-mt.wav","train","1405","2.22","mt"
"1406-[2.225]-mt.wav","train","1406","2.225","mt"
"1407-[2.22]-mt.wav","train","1407","2.22","mt"
"1408-[2.225]-mt.wav","train","1408","2.225","mt"
"1409-[1.03]-mt.wav","train","1409","1.03","mt"
"1410-[1.205]-mt.wav","train","1410","1.205","mt"
"1411-[1.195]-mt.wav","train","1411","1.195","mt"
"1412-[1.07]-mt.wav","train","1412","1.07","mt"
"1413-[1.07]-mt.wav","train","1413","1.07","mt"
"1414-[1.08]-mt.wav","train","1414","1.08","mt"
"1415-[1.05]-mt.wav","train","1415","1.05","mt"
"1416-[2.23]-mt.wav","train","1416","2.23","mt"
"1417-[2.23]-mt.wav","train","1417","2.23","mt"
"1418-[2.22]-mt.wav","train","1418","2.22","mt"
"1419-[2.215]-mt.wav","train","1419","2.215","mt"
"1420-[2.225]-mt.wav","train","1420","2.225","mt"
"1421-[2.23]-mt.wav","train","1421","2.23","mt"
"1422-[2.23]-mt.wav","train","1422","2.23","mt"
"1423-[2.23]-mt.wav","train","1423","2.23","mt"
"1424-[2.235]-mt.wav","train","1424","2.235","mt"
"1425-[2.235]-mt.wav","train","1425","2.235","mt"
"1426-[2.23]-mt.wav","train","1426","2.23","mt"
"1427-[2.225]-mt.wav","train","1427","2.225","mt"
"1428-[2.23]-mt.wav","train","1428","2.23","mt"
"1429-[2.23]-mt.wav","train","1429","2.23","mt"
"1430-[2.23]-mt.wav","train","1430","2.23","mt"
"1431-[2.23]-mt.wav","train","1431","2.23","mt"
"1432-[2.23]-mt.wav","train","1432","2.23","mt"
"1433-[1.65]-mt.wav","train","1433","1.65","mt"
"1434-[2.22]-mt.wav","train","1434","2.22","mt"
"1435-[1.23]-mt.wav","train","1435","1.23","mt"
"1436-[1.16]-mt.wav","train","1436","1.16","mt"
"1437-[1.18]-mt.wav","train","1437","1.18","mt"
"1438-[1.21]-mt.wav","train","1438","1.21","mt"
"1439-[1.245]-mt.wav","train","1439","1.245","mt"
"1440-[1.775]-mt.wav","train","1440","1.775","mt"
"1441-[1.935]-mt.wav","train","1441","1.935","mt"
"1442-[1.99]-mt.wav","train","1442","1.99","mt"
"1443-[1.935]-mt.wav","train","1443","1.935","mt"
"1444-[1.945]-mt.wav","train","1444","1.945","mt"
"1445-[1.96]-mt.wav","train","1445","1.96","mt"
"1446-[1.225]-mt.wav","train","1446","1.225","mt"
"1447-[1.935]-mt.wav","train","1447","1.935","mt"
"1448-[1.22]-mt.wav","train","1448","1.22","mt"
"1449-[1.225]-mt.wav","train","1449","1.225","mt"
"1450-[2.38]-mt.wav","train","1450","2.38","mt"
"1451-[2.38]-mt.wav","train","1451","2.38","mt"
"1452-[2.35]-mt.wav","train","1452","2.35","mt"
"1453-[2.365]-mt.wav","train","1453","2.365","mt"
"1454-[2.365]-mt.wav","train","1454","2.365","mt"
"1455-[2.37]-mt.wav","train","1455","2.37","mt"
"1456-[2.37]-mt.wav","train","1456","2.37","mt"
"1457-[2.37]-mt.wav","train","1457","2.37","mt"
"1458-[2.01]-mt.wav","train","1458","2.01","mt"
"1459-[1.93]-mt.wav","train","1459","1.93","mt"
"1460-[1.17]-mt.wav","train","1460","1.17","mt"
"1461-[1.175]-mt.wav","train","1461","1.175","mt"
"1462-[1.99]-mt.wav","train","1462","1.99","mt"
"1463-[2.025]-mt.wav","train","1463","2.025","mt"
"1464-[2.035]-mt.wav","train","1464","2.035","mt"
"1465-[2.38]-mt.wav","train","1465","2.38","mt"
"1466-[2.375]-mt.wav","train","1466","2.375","mt"
"1467-[2.375]-mt.wav","train","1467","2.375","mt"
"1468-[2.38]-mt.wav","train","1468","2.38","mt"
"1469-[1.205]-mt.wav","train","1469","1.205","mt"
"1470-[1.205]-mt.wav","train","1470","1.205","mt"
"1471-[1.19]-mt.wav","train","1471","1.19","mt"
"1472-[1.175]-mt.wav","train","1472","1.175","mt"
"1473-[1.965]-mt.wav","train","1473","1.965","mt"
"1474-[1.96]-mt.wav","train","1474","1.96","mt"
"1475-[1.19]-mt.wav","train","1475","1.19","mt"
"1476-[1.195]-mt.wav","train","1476","1.195","mt"
"1477-[1.18]-mt.wav","train","1477","1.18","mt"
"1478-[1.18]-mt.wav","train","1478","1.18","mt"
"1479-[1.16]-mt.wav","train","1479","1.16","mt"
"1480-[1.2]-mt.wav","train","1480","1.2","mt"
"1481-[1.925]-mt.wav","train","1481","1.925","mt"
"1482-[1.925]-mt.wav","train","1482","1.925","mt"
"1483-[1.22]-mt.wav","train","1483","1.22","mt"
"1484-[2.375]-mt.wav","train","1484","2.375","mt"
"1485-[1.22]-mt.wav","train","1485","1.22","mt"
"1486-[1.195]-mt.wav","train","1486","1.195","mt"
"1487-[1.95]-mt.wav","train","1487","1.95","mt"
"1488-[1.22]-mt.wav","train","1488","1.22","mt"
"1489-[2.37]-mt.wav","train","1489","2.37","mt"
"1490-[2.37]-mt.wav","train","1490","2.37","mt"
"1491-[2.37]-mt.wav","train","1491","2.37","mt"
"1492-[2.37]-mt.wav","train","1492","2.37","mt"
"1493-[2.37]-mt.wav","train","1493","2.37","mt"
"1494-[1.995]-mt.wav","train","1494","1.995","mt"
"1495-[2.375]-mt.wav","train","1495","2.375","mt"
"1496-[2.01]-mt.wav","train","1496","2.01","mt"
"1497-[2.11]-mt.wav","train","1497","2.11","mt"
"1498-[1.24]-mt.wav","train","1498","1.24","mt"
"1499-[1.245]-mt.wav","train","1499","1.245","mt"
"1500-[1.21]-mt.wav","train","1500","1.21","mt"
"1501-[2.08]-mt.wav","train","1501","2.08","mt"
"1502-[2.12]-mt.wav","train","1502","2.12","mt"
"1503-[1.4]-mt.wav","train","1503","1.4","mt"
"1504-[2.085]-mt.wav","train","1504","2.085","mt"
"1505-[2.12]-mt.wav","train","1505","2.12","mt"
"1506-[2.15]-mt.wav","train","1506","2.15","mt"
"1507-[2.155]-mt.wav","train","1507","2.155","mt"
"1508-[2.12]-mt.wav","train","1508","2.12","mt"
"1509-[2.075]-mt.wav","train","1509","2.075","mt"
"1510-[1.26]-mt.wav","train","1510","1.26","mt"
"1511-[1.41]-mt.wav","train","1511","1.41","mt"
"1512-[1.395]-mt.wav","train","1512","1.395","mt"
"1513-[1.4]-mt.wav","train","1513","1.4","mt"
"1514-[1.205]-mt.wav","train","1514","1.205","mt"
"1515-[1.245]-mt.wav","train","1515","1.245","mt"
"1516-[2.08]-mt.wav","train","1516","2.08","mt"
"1517-[2.095]-mt.wav","train","1517","2.095","mt"
"1518-[2.1]-mt.wav","train","1518","2.1","mt"
"1519-[1.41]-mt.wav","train","1519","1.41","mt"
"1520-[1.41]-mt.wav","train","1520","1.41","mt"
"1521-[1.37]-mt.wav","train","1521","1.37","mt"
"1522-[1.385]-mt.wav","train","1522","1.385","mt"
"1523-[1.23]-mt.wav","train","1523","1.23","mt"
"1524-[2.09]-mt.wav","train","1524","2.09","mt"
"1525-[2.09]-mt.wav","train","1525","2.09","mt"
"1526-[2.1]-mt.wav","train","1526","2.1","mt"
"1527-[2.095]-mt.wav","train","1527","2.095","mt"
"1528-[2.09]-mt.wav","train","1528","2.09","mt"
"1529-[1.22]-mt.wav","train","1529","1.22","mt"
"1530-[2.15]-mt.wav","train","1530","2.15","mt"
"1531-[2.145]-mt.wav","train","1531","2.145","mt"
"1532-[2.12]-mt.wav","train","1532","2.12","mt"
"1533-[2.1]-mt.wav","train","1533","2.1","mt"
"1534-[2.1]-mt.wav","train","1534","2.1","mt"
"1535-[2.1]-mt.wav","train","1535","2.1","mt"
"1536-[2.125]-mt.wav","train","1536","2.125","mt"
"1537-[1.185]-mt.wav","train","1537","1.185","mt"
"1538-[1.225]-mt.wav","train","1538","1.225","mt"
"1539-[1.275]-mt.wav","train","1539","1.275","mt"
"1540-[2.12]-mt.wav","train","1540","2.12","mt"
"1541-[1.22]-mt.wav","train","1541","1.22","mt"
"1542-[1.245]-mt.wav","train","1542","1.245","mt"
"1543-[2.11]-mt.wav","train","1543","2.11","mt"
"1544-[2.12]-mt.wav","train","1544","2.12","mt"
"1545-[2.125]-mt.wav","train","1545","2.125","mt"
"1546-[2.115]-mt.wav","train","1546","2.115","mt"
"1547-[2.125]-mt.wav","train","1547","2.125","mt"
"1548-[2.105]-mt.wav","train","1548","2.105","mt"
"1549-[1.665]-mt.wav","train","1549","1.665","mt"
"1550-[1.25]-mt.wav","train","1550","1.25","mt"
"1551-[1.225]-mt.wav","train","1551","1.225","mt"
"1552-[1.42]-mt.wav","train","1552","1.42","mt"
"1553-[1.415]-mt.wav","train","1553","1.415","mt"
"1554-[1.4]-mt.wav","train","1554","1.4","mt"
"1555-[1.4]-mt.wav","train","1555","1.4","mt"
"1556-[1.405]-mt.wav","train","1556","1.405","mt"
"1557-[1.43]-mt.wav","train","1557","1.43","mt"
"1558-[1.41]-mt.wav","train","1558","1.41","mt"
"1559-[1.39]-mt.wav","train","1559","1.39","mt"
"1560-[1.41]-mt.wav","train","1560","1.41","mt"
"1561-[1.4]-mt.wav","train","1561","1.4","mt"
"1562-[1.41]-mt.wav","train","1562","1.41","mt"
"1563-[1.425]-mt.wav","train","1563","1.425","mt"
"1564-[1.18]-mt.wav","train","1564","1.18","mt"
"1565-[1.385]-mt.wav","train","1565","1.385","mt"
"1566-[2.095]-mt.wav","train","1566","2.095","mt"
"1567-[1.055]-mt.wav","train","1567","1.055","mt"
"1568-[2.515]-mt.wav","train","1568","2.515","mt"
"1569-[1.045]-mt.wav","train","1569","1.045","mt"
"1570-[1.235]-mt.wav","train","1570","1.235","mt"
"1571-[1.23]-mt.wav","train","1571","1.23","mt"
"1572-[1.23]-mt.wav","train","1572","1.23","mt"
"1573-[1.22]-mt.wav","train","1573","1.22","mt"
"1574-[1.24]-mt.wav","train","1574","1.24","mt"
"1575-[1.24]-mt.wav","train","1575","1.24","mt"
"1576-[1.225]-mt.wav","train","1576","1.225","mt"
"1577-[1.215]-mt.wav","train","1577","1.215","mt"
"1578-[1.215]-mt.wav","train","1578","1.215","mt"
"1579-[1.01]-mt.wav","train","1579","1.01","mt"
"1580-[1.245]-mt.wav","train","1580","1.245","mt"
"1581-[1.25]-mt.wav","train","1581","1.25","mt"
"1582-[2.475]-mt.wav","train","1582","2.475","mt"
"1583-[1.235]-mt.wav","train","1583","1.235","mt"
"1584-[2.46]-mt.wav","train","1584","2.46","mt"
"1585-[1.01]-mt.wav","train","1585","1.01","mt"
"1586-[1.]-mt.wav","train","1586","1","mt"
"1587-[1.]-mt.wav","train","1587","1","mt"
"1588-[2.46]-mt.wav","train","1588","2.46","mt"
"1589-[2.45]-mt.wav","train","1589","2.45","mt"
"1590-[2.45]-mt.wav","train","1590","2.45","mt"
"1591-[2.455]-mt.wav","train","1591","2.455","mt"
"1592-[1.025]-mt.wav","train","1592","1.025","mt"
"1593-[1.025]-mt.wav","train","1593","1.025","mt"
"1594-[1.325]-mt.wav","train","1594","1.325","mt"
"1595-[2.27]-mt.wav","train","1595","2.27","mt"
"1596-[2.33]-mt.wav","train","1596","2.33","mt"
"1597-[1.755]-mt.wav","train","1597","1.755","mt"
"1598-[1.36]-mt.wav","train","1598","1.36","mt"
"1599-[1.385]-mt.wav","train","1599","1.385","mt"
"1600-[2.225]-mt.wav","train","1600","2.225","mt"
"1601-[2.265]-mt.wav","train","1601","2.265","mt"
"1602-[2.275]-mt.wav","train","1602","2.275","mt"
"1603-[2.27]-mt.wav","train","1603","2.27","mt"
"1604-[2.285]-mt.wav","train","1604","2.285","mt"
"1605-[1.285]-mt.wav","train","1605","1.285","mt"
"1606-[2.255]-mt.wav","train","1606","2.255","mt"
"1607-[2.27]-mt.wav","train","1607","2.27","mt"
"1608-[2.54]-mt.wav","train","1608","2.54","mt"
"1609-[1.3]-mt.wav","train","1609","1.3","mt"
"1610-[2.545]-mt.wav","train","1610","2.545","mt"
"1611-[2.54]-mt.wav","train","1611","2.54","mt"
"1612-[2.28]-mt.wav","train","1612","2.28","mt"
"1613-[2.265]-mt.wav","train","1613","2.265","mt"
"1614-[2.26]-mt.wav","train","1614","2.26","mt"
"1615-[1.3]-mt.wav","train","1615","1.3","mt"
"1616-[2.54]-mt.wav","train","1616","2.54","mt"
"1617-[2.54]-mt.wav","train","1617","2.54","mt"
"1618-[2.54]-mt.wav","train","1618","2.54","mt"
"1619-[2.265]-mt.wav","train","1619","2.265","mt"
"1620-[2.755]-mt.wav","train","1620","2.755","mt"
"1621-[1.015]-mt.wav","train","1621","1.015","mt"
"1622-[1.005]-mt.wav","train","1622","1.005","mt"
"1623-[1.02]-mt.wav","train","1623","1.02","mt"
"1624-[2.805]-mt.wav","train","1624","2.805","mt"
"1625-[2.805]-mt.wav","train","1625","2.805","mt"
"1626-[2.755]-mt.wav","train","1626","2.755","mt"
"1627-[2.755]-mt.wav","train","1627","2.755","mt"
"1628-[2.765]-mt.wav","train","1628","2.765","mt"
"1629-[2.765]-mt.wav","train","1629","2.765","mt"
"1630-[2.715]-mt.wav","train","1630","2.715","mt"
"1631-[2.71]-mt.wav","train","1631","2.71","mt"
"1632-[2.715]-mt.wav","train","1632","2.715","mt"
"1633-[2.73]-mt.wav","train","1633","2.73","mt"
"1634-[2.735]-mt.wav","train","1634","2.735","mt"
"1635-[2.785]-mt.wav","train","1635","2.785","mt"
"1636-[2.82]-mt.wav","train","1636","2.82","mt"
"1637-[2.815]-mt.wav","train","1637","2.815","mt"
"1638-[2.82]-mt.wav","train","1638","2.82","mt"
"1639-[2.81]-mt.wav","train","1639","2.81","mt"
"1640-[1.07]-mt.wav","train","1640","1.07","mt"
"1641-[1.025]-mt.wav","train","1641","1.025","mt"
"1642-[2.755]-mt.wav","train","1642","2.755","mt"
"1643-[2.72]-mt.wav","train","1643","2.72","mt"
"1644-[2.745]-mt.wav","train","1644","2.745","mt"
"1645-[1.025]-mt.wav","train","1645","1.025","mt"
"1646-[1.025]-mt.wav","train","1646","1.025","mt"
"1647-[1.1]-mt.wav","train","1647","1.1","mt"
"1648-[1.14]-mt.wav","train","1648","1.14","mt"
"1649-[1.135]-mt.wav","train","1649","1.135","mt"
"1650-[1.135]-mt.wav","train","1650","1.135","mt"
"1651-[1.135]-mt.wav","train","1651","1.135","mt"
"1652-[2.785]-mt.wav","train","1652","2.785","mt"
"1653-[2.725]-mt.wav","train","1653","2.725","mt"
"1654-[2.72]-mt.wav","train","1654","2.72","mt"
"1655-[2.725]-mt.wav","train","1655","2.725","mt"
"1656-[2.72]-mt.wav","train","1656","2.72","mt"
"1657-[2.735]-mt.wav","train","1657","2.735","mt"
"1658-[2.735]-mt.wav","train","1658","2.735","mt"
"1659-[2.795]-mt.wav","train","1659","2.795","mt"
"1660-[2.77]-mt.wav","train","1660","2.77","mt"
"1661-[2.855]-mt.wav","train","1661","2.855","mt"
"1662-[2.805]-mt.wav","train","1662","2.805","mt"
"1663-[1.14]-mt.wav","train","1663","1.14","mt"
"1664-[1.13]-mt.wav","train","1664","1.13","mt"
"1665-[2.415]-mt.wav","train","1665","2.415","mt"
"1666-[1.14]-mt.wav","train","1666","1.14","mt"
"1667-[1.15]-mt.wav","train","1667","1.15","mt"
"1668-[1.145]-mt.wav","train","1668","1.145","mt"
"1669-[1.16]-mt.wav","train","1669","1.16","mt"
"1670-[1.17]-mt.wav","train","1670","1.17","mt"
"1671-[2.59]-mt.wav","train","1671","2.59","mt"
"1672-[1.16]-mt.wav","train","1672","1.16","mt"
"1673-[2.5]-mt.wav","train","1673","2.5","mt"
"1674-[1.155]-mt.wav","train","1674","1.155","mt"
"1675-[1.15]-mt.wav","train","1675","1.15","mt"
"1676-[1.155]-mt.wav","train","1676","1.155","mt"
"1677-[1.155]-mt.wav","train","1677","1.155","mt"
"1678-[1.16]-mt.wav","train","1678","1.16","mt"
"1679-[2.495]-mt.wav","train","1679","2.495","mt"
"1680-[2.725]-mt.wav","train","1680","2.725","mt"
"1681-[2.745]-mt.wav","train","1681","2.745","mt"
"1682-[2.73]-mt.wav","train","1682","2.73","mt"
"1683-[1.29]-mt.wav","train","1683","1.29","mt"
"1684-[1.29]-mt.wav","train","1684","1.29","mt"
"1685-[2.54]-mt.wav","train","1685","2.54","mt"
"1686-[2.545]-mt.wav","train","1686","2.545","mt"
"1687-[2.545]-mt.wav","train","1687","2.545","mt"
"1688-[2.56]-mt.wav","train","1688","2.56","mt"
"1689-[2.555]-mt.wav","train","1689","2.555","mt"
"1690-[2.55]-mt.wav","train","1690","2.55","mt"
"1691-[2.54]-mt.wav","train","1691","2.54","mt"
"1692-[2.545]-mt.wav","train","1692","2.545","mt"
"1693-[2.55]-mt.wav","train","1693","2.55","mt"
"1694-[2.555]-mt.wav","train","1694","2.555","mt"
"1695-[2.545]-mt.wav","train","1695","2.545","mt"
"1696-[2.545]-mt.wav","train","1696","2.545","mt"
"1697-[2.56]-mt.wav","train","1697","2.56","mt"
"1698-[2.55]-mt.wav","train","1698","2.55","mt"
"1699-[2.535]-mt.wav","train","1699","2.535","mt"
"1700-[2.545]-mt.wav","train","1700","2.545","mt"
"1701-[2.555]-mt.wav","train","1701","2.555","mt"
"1702-[2.545]-mt.wav","train","1702","2.545","mt"
"1703-[2.52]-mt.wav","train","1703","2.52","mt"
"1704-[2.525]-mt.wav","train","1704","2.525","mt"
"1705-[2.545]-mt.wav","train","1705","2.545","mt"
"1706-[2.56]-mt.wav","train","1706","2.56","mt"
"1707-[2.535]-mt.wav","train","1707","2.535","mt"
"1708-[2.525]-mt.wav","train","1708","2.525","mt"
"1709-[2.56]-mt.wav","train","1709","2.56","mt"
"1710-[2.565]-mt.wav","train","1710","2.565","mt"
"1711-[2.53]-mt.wav","train","1711","2.53","mt"
"1712-[2.515]-mt.wav","train","1712","2.515","mt"
"1713-[2.54]-mt.wav","train","1713","2.54","mt"
"1714-[2.54]-mt.wav","train","1714","2.54","mt"
"1715-[2.53]-mt.wav","train","1715","2.53","mt"
"1716-[2.525]-mt.wav","train","1716","2.525","mt"
"1717-[2.54]-mt.wav","train","1717","2.54","mt"
"1718-[2.54]-mt.wav","train","1718","2.54","mt"
"1719-[2.54]-mt.wav","train","1719","2.54","mt"
"1720-[2.54]-mt.wav","train","1720","2.54","mt"
"1721-[1.38]-mt.wav","train","1721","1.38","mt"
"1722-[1.375]-mt.wav","train","1722","1.375","mt"
"1723-[1.385]-mt.wav","train","1723","1.385","mt"
"1724-[1.385]-mt.wav","train","1724","1.385","mt"
"1725-[1.39]-mt.wav","train","1725","1.39","mt"
"1726-[1.385]-mt.wav","train","1726","1.385","mt"
"1727-[1.38]-mt.wav","train","1727","1.38","mt"
"1728-[1.38]-mt.wav","train","1728","1.38","mt"
"1729-[1.375]-mt.wav","train","1729","1.375","mt"
"1730-[1.36]-mt.wav","train","1730","1.36","mt"
"1731-[1.375]-mt.wav","train","1731","1.375","mt"
"1732-[1.38]-mt.wav","train","1732","1.38","mt"
"1733-[1.38]-mt.wav","train","1733","1.38","mt"
"1734-[1.37]-mt.wav","train","1734","1.37","mt"
"1735-[1.385]-mt.wav","train","1735","1.385","mt"
"1736-[1.375]-mt.wav","train","1736","1.375","mt"
"1737-[1.38]-mt.wav","train","1737","1.38","mt"
"1738-[1.39]-mt.wav","train","1738","1.39","mt"
"1739-[2.51]-mt.wav","train","1739","2.51","mt"
"1740-[2.545]-mt.wav","train","1740","2.545","mt"
"1741-[2.54]-mt.wav","train","1741","2.54","mt"
"1742-[2.525]-mt.wav","train","1742","2.525","mt"
"1743-[2.54]-mt.wav","train","1743","2.54","mt"
"1744-[2.535]-mt.wav","train","1744","2.535","mt"
"1745-[2.515]-mt.wav","train","1745","2.515","mt"
"1746-[2.525]-mt.wav","train","1746","2.525","mt"
"1747-[2.53]-mt.wav","train","1747","2.53","mt"
"1748-[2.52]-mt.wav","train","1748","2.52","mt"
"1749-[1.765]-mt.wav","train","1749","1.765","mt"
"1750-[1.76]-mt.wav","train","1750","1.76","mt"
"1751-[1.76]-mt.wav","train","1751","1.76","mt"
"1752-[1.755]-mt.wav","train","1752","1.755","mt"
"1753-[1.4]-mt.wav","train","1753","1.4","mt"
"1754-[1.72]-mt.wav","train","1754","1.72","mt"
"1755-[1.75]-mt.wav","train","1755","1.75","mt"
"1756-[1.75]-mt.wav","train","1756","1.75","mt"
"1757-[1.8]-mt.wav","train","1757","1.8","mt"
"1758-[1.76]-mt.wav","train","1758","1.76","mt"
"1759-[1.73]-mt.wav","train","1759","1.73","mt"
"1760-[1.74]-mt.wav","train","1760","1.74","mt"
"1761-[1.025]-mt.wav","train","1761","1.025","mt"
"1762-[1.715]-mt.wav","train","1762","1.715","mt"
"1763-[1.555]-mt.wav","train","1763","1.555","mt"
"1764-[1.095]-mt.wav","train","1764","1.095","mt"
"1765-[3.025]-mt.wav","train","1765","3.025","mt"
"1766-[3.035]-mt.wav","train","1766","3.035","mt"
"1767-[2.47]-mt.wav","train","1767","2.47","mt"
"1768-[1.95]-mt.wav","train","1768","1.95","mt"
"1769-[2.65]-mt.wav","train","1769","2.65","mt"
"1770-[2.57]-mt.wav","train","1770","2.57","mt"
"1771-[2.565]-mt.wav","train","1771","2.565","mt"
"1772-[2.245]-mt.wav","train","1772","2.245","mt"
"1773-[2.24]-mt.wav","train","1773","2.24","mt"
"1774-[2.205]-mt.wav","train","1774","2.205","mt"
"1775-[2.31]-mt.wav","train","1775","2.31","mt"
"1776-[2.325]-mt.wav","train","1776","2.325","mt"
"1777-[2.185]-mt.wav","train","1777","2.185","mt"
"1778-[2.195]-mt.wav","train","1778","2.195","mt"
"1779-[2.235]-mt.wav","train","1779","2.235","mt"
"1780-[2.205]-mt.wav","train","1780","2.205","mt"
"1781-[2.165]-mt.wav","train","1781","2.165","mt"
"1782-[2.17]-mt.wav","train","1782","2.17","mt"
"1783-[2.195]-mt.wav","train","1783","2.195","mt"
"1784-[1.26]-mt.wav","train","1784","1.26","mt"
"1785-[1.325]-mt.wav","train","1785","1.325","mt"
"1786-[1.48]-mt.wav","train","1786","1.48","mt"
"1787-[1.47]-mt.wav","train","1787","1.47","mt"
"1788-[1.445]-mt.wav","train","1788","1.445","mt"
"1789-[2.395]-mt.wav","train","1789","2.395","mt"
"1790-[2.4]-mt.wav","train","1790","2.4","mt"
"1791-[1.925]-mt.wav","train","1791","1.925","mt"
"1792-[1.45]-mt.wav","train","1792","1.45","mt"
"1793-[1.45]-mt.wav","train","1793","1.45","mt"
"1794-[1.445]-mt.wav","train","1794","1.445","mt"
"1795-[1.44]-mt.wav","train","1795","1.44","mt"
"1796-[1.43]-mt.wav","train","1796","1.43","mt"
"1797-[1.405]-mt.wav","train","1797","1.405","mt"
"1798-[1.41]-mt.wav","train","1798","1.41","mt"
"1799-[1.44]-mt.wav","train","1799","1.44","mt"
"1800-[2.39]-mt.wav","train","1800","2.39","mt"
"1801-[2.39]-mt.wav","train","1801","2.39","mt"
"1802-[2.39]-mt.wav","train","1802","2.39","mt"
"1803-[1.91]-mt.wav","train","1803","1.91","mt"
"1804-[1.435]-mt.wav","train","1804","1.435","mt"
"1805-[2.4]-mt.wav","train","1805","2.4","mt"
"1806-[2.385]-mt.wav","train","1806","2.385","mt"
"1807-[2.39]-mt.wav","train","1807","2.39","mt"
"1808-[2.39]-mt.wav","train","1808","2.39","mt"
"1809-[2.39]-mt.wav","train","1809","2.39","mt"
"1810-[1.395]-mt.wav","train","1810","1.395","mt"
"1811-[1.395]-mt.wav","train","1811","1.395","mt"
"1812-[1.41]-mt.wav","train","1812","1.41","mt"
"1813-[1.42]-mt.wav","train","1813","1.42","mt"
"1814-[1.405]-mt.wav","train","1814","1.405","mt"
"1815-[2.39]-mt.wav","train","1815","2.39","mt"
"1816-[1.415]-mt.wav","train","1816","1.415","mt"
"1817-[2.38]-mt.wav","train","1817","2.38","mt"
"1818-[1.12]-mt.wav","train","1818","1.12","mt"
"1819-[2.385]-mt.wav","train","1819","2.385","mt"
"1820-[2.035]-mt.wav","train","1820","2.035","mt"
"1821-[1.32]-mt.wav","train","1821","1.32","mt"
"1822-[2.385]-mt.wav","train","1822","2.385","mt"
"1823-[2.385]-mt.wav","train","1823","2.385","mt"
"1824-[2.385]-mt.wav","train","1824","2.385","mt"
"1825-[2.385]-mt.wav","train","1825","2.385","mt"
"1826-[2.375]-mt.wav","train","1826","2.375","mt"
"1827-[2.38]-mt.wav","train","1827","2.38","mt"
"1828-[2.385]-mt.wav","train","1828","2.385","mt"
"1829-[2.39]-mt.wav","train","1829","2.39","mt"
"1830-[1.265]-mt.wav","train","1830","1.265","mt"
"1831-[2.38]-mt.wav","train","1831","2.38","mt"
"1832-[2.385]-mt.wav","train","1832","2.385","mt"
"1833-[2.39]-mt.wav","train","1833","2.39","mt"
"1834-[2.39]-mt.wav","train","1834","2.39","mt"
"1835-[1.27]-mt.wav","train","1835","1.27","mt"
"1836-[1.35]-mt.wav","train","1836","1.35","mt"
"1837-[2.375]-mt.wav","train","1837","2.375","mt"
"1838-[2.375]-mt.wav","train","1838","2.375","mt"
"1839-[2.395]-mt.wav","train","1839","2.395","mt"
"1840-[2.4]-mt.wav","train","1840","2.4","mt"
"1841-[1.27]-mt.wav","train","1841","1.27","mt"
"1842-[1.285]-mt.wav","train","1842","1.285","mt"
"1843-[1.285]-mt.wav","train","1843","1.285","mt"
"1844-[1.285]-mt.wav","train","1844","1.285","mt"
"1845-[1.27]-mt.wav","train","1845","1.27","mt"
"1846-[2.38]-mt.wav","train","1846","2.38","mt"
"1847-[1.265]-mt.wav","train","1847","1.265","mt"
"1848-[1.27]-mt.wav","train","1848","1.27","mt"
"1849-[1.275]-mt.wav","train","1849","1.275","mt"
"1850-[2.37]-mt.wav","train","1850","2.37","mt"
"1851-[2.38]-mt.wav","train","1851","2.38","mt"
"1852-[2.38]-mt.wav","train","1852","2.38","mt"
"1853-[1.25]-mt.wav","train","1853","1.25","mt"
"1854-[1.195]-mt.wav","train","1854","1.195","mt"
"1855-[2.395]-mt.wav","train","1855","2.395","mt"
"1856-[2.395]-mt.wav","train","1856","2.395","mt"
"1857-[2.4]-mt.wav","train","1857","2.4","mt"
"1858-[1.825]-mt.wav","train","1858","1.825","mt"
"1859-[2.395]-mt.wav","train","1859","2.395","mt"
"1860-[1.835]-mt.wav","train","1860","1.835","mt"
"1861-[1.265]-mt.wav","train","1861","1.265","mt"
"1862-[2.385]-mt.wav","train","1862","2.385","mt"
"1863-[2.115]-mt.wav","train","1863","2.115","mt"
"1864-[2.19]-mt.wav","train","1864","2.19","mt"
"1865-[1.34]-mt.wav","train","1865","1.34","mt"
"1866-[2.38]-mt.wav","train","1866","2.38","mt"
"1867-[1.28]-mt.wav","train","1867","1.28","mt"
"1868-[1.285]-mt.wav","train","1868","1.285","mt"
"1869-[1.28]-mt.wav","train","1869","1.28","mt"
"1870-[1.27]-mt.wav","train","1870","1.27","mt"
"1871-[1.28]-mt.wav","train","1871","1.28","mt"
"1872-[1.285]-mt.wav","train","1872","1.285","mt"
"1873-[1.815]-mt.wav","train","1873","1.815","mt"
"1874-[2.355]-mt.wav","train","1874","2.355","mt"
"1875-[1.275]-mt.wav","train","1875","1.275","mt"
"1876-[1.285]-mt.wav","train","1876","1.285","mt"
"1877-[1.26]-mt.wav","train","1877","1.26","mt"
"1878-[1.26]-mt.wav","train","1878","1.26","mt"
"1879-[1.28]-mt.wav","train","1879","1.28","mt"
"1880-[1.26]-mt.wav","train","1880","1.26","mt"
"1881-[1.28]-mt.wav","train","1881","1.28","mt"
"1882-[2.355]-mt.wav","train","1882","2.355","mt"
"1883-[2.37]-mt.wav","train","1883","2.37","mt"
"1884-[1.83]-mt.wav","train","1884","1.83","mt"
"1885-[1.25]-mt.wav","train","1885","1.25","mt"
"1886-[1.25]-mt.wav","train","1886","1.25","mt"
"1887-[2.35]-mt.wav","train","1887","2.35","mt"
"1888-[1.235]-mt.wav","train","1888","1.235","mt"
"1889-[1.23]-mt.wav","train","1889","1.23","mt"
"1890-[2.36]-mt.wav","train","1890","2.36","mt"
"1891-[1.795]-mt.wav","train","1891","1.795","mt"
"1892-[2.36]-mt.wav","train","1892","2.36","mt"
"1893-[2.36]-mt.wav","train","1893","2.36","mt"
"1894-[1.82]-mt.wav","train","1894","1.82","mt"
"1895-[1.275]-mt.wav","train","1895","1.275","mt"
"1896-[1.27]-mt.wav","train","1896","1.27","mt"
"1897-[1.27]-mt.wav","train","1897","1.27","mt"
"1898-[1.26]-mt.wav","train","1898","1.26","mt"
"1899-[1.3]-mt.wav","train","1899","1.3","mt"
"1900-[1.27]-mt.wav","train","1900","1.27","mt"
"1901-[2.035]-mt.wav","train","1901","2.035","mt"
"1902-[1.975]-mt.wav","train","1902","1.975","mt"
"1903-[1.955]-mt.wav","train","1903","1.955","mt"
"1904-[1.955]-mt.wav","train","1904","1.955","mt"
"1905-[1.96]-mt.wav","train","1905","1.96","mt"
"1906-[1.96]-mt.wav","train","1906","1.96","mt"
"1907-[1.96]-mt.wav","train","1907","1.96","mt"
"1908-[1.96]-mt.wav","train","1908","1.96","mt"
"1909-[1.96]-mt.wav","train","1909","1.96","mt"
"1910-[1.96]-mt.wav","train","1910","1.96","mt"
"1911-[1.96]-mt.wav","train","1911","1.96","mt"
"1912-[1.955]-mt.wav","train","1912","1.955","mt"
"1913-[1.96]-mt.wav","train","1913","1.96","mt"
"1914-[1.965]-mt.wav","train","1914","1.965","mt"
"1915-[1.965]-mt.wav","train","1915","1.965","mt"
"1916-[1.96]-mt.wav","train","1916","1.96","mt"
"1917-[1.96]-mt.wav","train","1917","1.96","mt"
"1918-[1.96]-mt.wav","train","1918","1.96","mt"
"1919-[1.955]-mt.wav","train","1919","1.955","mt"
"1920-[1.95]-mt.wav","train","1920","1.95","mt"
"1921-[1.96]-mt.wav","train","1921","1.96","mt"
"1922-[1.97]-mt.wav","train","1922","1.97","mt"
"1923-[1.97]-mt.wav","train","1923","1.97","mt"
"1924-[1.965]-mt.wav","train","1924","1.965","mt"
"1925-[1.99]-mt.wav","train","1925","1.99","mt"
"1926-[2.01]-mt.wav","train","1926","2.01","mt"
"1927-[1.995]-mt.wav","train","1927","1.995","mt"
"1928-[1.975]-mt.wav","train","1928","1.975","mt"
"1929-[1.98]-mt.wav","train","1929","1.98","mt"
"1930-[1.975]-mt.wav","train","1930","1.975","mt"
"1931-[1.96]-mt.wav","train","1931","1.96","mt"
"1932-[1.97]-mt.wav","train","1932","1.97","mt"
"1933-[1.97]-mt.wav","train","1933","1.97","mt"
"1934-[1.97]-mt.wav","train","1934","1.97","mt"
"1935-[1.97]-mt.wav","train","1935","1.97","mt"
"1936-[1.975]-mt.wav","train","1936","1.975","mt"
"1937-[1.975]-mt.wav","train","1937","1.975","mt"
"1938-[1.965]-mt.wav","train","1938","1.965","mt"
"1939-[1.975]-mt.wav","train","1939","1.975","mt"
"1940-[1.97]-mt.wav","train","1940","1.97","mt"
"1941-[1.885]-mt.wav","train","1941","1.885","mt"
"1942-[1.895]-mt.wav","train","1942","1.895","mt"
"1943-[2.105]-mt.wav","train","1943","2.105","mt"
"1944-[2.305]-mt.wav","train","1944","2.305","mt"
"1945-[2.305]-mt.wav","train","1945","2.305","mt"
"1946-[2.3]-mt.wav","train","1946","2.3","mt"
"1947-[2.105]-mt.wav","train","1947","2.105","mt"
"1948-[1.895]-mt.wav","train","1948","1.895","mt"
"1949-[1.86]-mt.wav","train","1949","1.86","mt"
"1950-[2.275]-mt.wav","train","1950","2.275","mt"
"1951-[2.07]-mt.wav","train","1951","2.07","mt"
"1952-[1.88]-mt.wav","train","1952","1.88","mt"
"1953-[2.315]-mt.wav","train","1953","2.315","mt"
"1954-[2.315]-mt.wav","train","1954","2.315","mt"
"1955-[2.29]-mt.wav","train","1955","2.29","mt"
"1956-[2.29]-mt.wav","train","1956","2.29","mt"
"1957-[2.145]-mt.wav","train","1957","2.145","mt"
"1958-[1.985]-mt.wav","train","1958","1.985","mt"
"1959-[1.93]-mt.wav","train","1959","1.93","mt"
"1960-[1.88]-mt.wav","train","1960","1.88","mt"
"1961-[1.88]-mt.wav","train","1961","1.88","mt"
"1962-[1.88]-mt.wav","train","1962","1.88","mt"
"1963-[2.24]-mt.wav","train","1963","2.24","mt"
"1964-[2.325]-mt.wav","train","1964","2.325","mt"
"1965-[2.285]-mt.wav","train","1965","2.285","mt"
"1966-[1.95]-mt.wav","train","1966","1.95","mt"
"1967-[2.06]-mt.wav","train","1967","2.06","mt"
"1968-[1.83]-mt.wav","train","1968","1.83","mt"
"1969-[2.29]-mt.wav","train","1969","2.29","mt"
"1970-[2.3]-mt.wav","train","1970","2.3","mt"
"1971-[2.08]-mt.wav","train","1971","2.08","mt"
"1972-[1.855]-mt.wav","train","1972","1.855","mt"
"1973-[2.1]-mt.wav","train","1973","2.1","mt"
"1974-[2.31]-mt.wav","train","1974","2.31","mt"
"1975-[1.86]-mt.wav","train","1975","1.86","mt"
"1976-[1.955]-mt.wav","train","1976","1.955","mt"
"1977-[1.89]-mt.wav","train","1977","1.89","mt"
"1978-[1.695]-mt.wav","train","1978","1.695","mt"
"1979-[1.835]-mt.wav","train","1979","1.835","mt"
"1980-[1.88]-mt.wav","train","1980","1.88","mt"
"1981-[1.87]-mt.wav","train","1981","1.87","mt"
"1982-[1.895]-mt.wav","train","1982","1.895","mt"
"1983-[1.855]-mt.wav","train","1983","1.855","mt"
"1984-[1.805]-mt.wav","train","1984","1.805","mt"
"1985-[1.815]-mt.wav","train","1985","1.815","mt"
"1986-[1.815]-mt.wav","train","1986","1.815","mt"
"1987-[1.78]-mt.wav","train","1987","1.78","mt"
"1988-[1.8]-mt.wav","train","1988","1.8","mt"
"1989-[1.815]-mt.wav","train","1989","1.815","mt"
"1990-[1.78]-mt.wav","train","1990","1.78","mt"
"1991-[1.765]-mt.wav","train","1991","1.765","mt"
"1992-[1.78]-mt.wav","train","1992","1.78","mt"
"1993-[1.805]-mt.wav","train","1993","1.805","mt"
"1994-[1.79]-mt.wav","train","1994","1.79","mt"
"1995-[1.795]-mt.wav","train","1995","1.795","mt"
"1996-[1.825]-mt.wav","train","1996","1.825","mt"
"1997-[1.885]-mt.wav","train","1997","1.885","mt"
"1998-[1.865]-mt.wav","train","1998","1.865","mt"
"1999-[1.78]-mt.wav","train","1999","1.78","mt"
"2000-[1.855]-mt.wav","train","2000","1.855","mt"
"2001-[1.925]-mt.wav","train","2001","1.925","mt"
"2002-[1.9]-mt.wav","train","2002","1.9","mt"
"2003-[1.88]-mt.wav","train","2003","1.88","mt"
"2004-[1.815]-mt.wav","train","2004","1.815","mt"
"2005-[1.825]-mt.wav","train","2005","1.825","mt"
"2006-[1.96]-mt.wav","train","2006","1.96","mt"
"2007-[1.94]-mt.wav","train","2007","1.94","mt"
"2008-[1.91]-mt.wav","train","2008","1.91","mt"
"2009-[1.925]-mt.wav","train","2009","1.925","mt"
"2010-[1.88]-mt.wav","train","2010","1.88","mt"
"2011-[1.835]-mt.wav","train","2011","1.835","mt"
"2012-[1.86]-mt.wav","train","2012","1.86","mt"
"2013-[1.64]-mt.wav","train","2013","1.64","mt"
"2014-[1.655]-mt.wav","train","2014","1.655","mt"
"2015-[1.825]-mt.wav","train","2015","1.825","mt"
"2016-[1.945]-mt.wav","train","2016","1.945","mt"
"2017-[1.87]-mt.wav","train","2017","1.87","mt"
"2018-[1.78]-mt.wav","train","2018","1.78","mt"
"2019-[1.71]-mt.wav","train","2019","1.71","mt"
"2020-[2.02]-mt.wav","train","2020","2.02","mt"
"2021-[1.975]-mt.wav","train","2021","1.975","mt"
"2022-[2.265]-mt.wav","train","2022","2.265","mt"
"2023-[1.965]-mt.wav","train","2023","1.965","mt"
"2024-[1.94]-mt.wav","train","2024","1.94","mt"
"2025-[1.985]-mt.wav","train","2025","1.985","mt"
"2026-[2.26]-mt.wav","train","2026","2.26","mt"
"2027-[2.285]-mt.wav","train","2027","2.285","mt"
"2028-[2.115]-mt.wav","train","2028","2.115","mt"
"2029-[2.12]-mt.wav","train","2029","2.12","mt"
"2030-[2.265]-mt.wav","train","2030","2.265","mt"
"2031-[2.25]-mt.wav","train","2031","2.25","mt"
"2032-[1.985]-mt.wav","train","2032","1.985","mt"
"2033-[2.]-mt.wav","train","2033","2","mt"
"2034-[2.15]-mt.wav","train","2034","2.15","mt"
"2035-[1.975]-mt.wav","train","2035","1.975","mt"
"2036-[1.97]-mt.wav","train","2036","1.97","mt"
"2037-[2.305]-mt.wav","train","2037","2.305","mt"
"2038-[1.97]-mt.wav","train","2038","1.97","mt"
"2039-[1.95]-mt.wav","train","2039","1.95","mt"
"2040-[2.29]-mt.wav","train","2040","2.29","mt"
"2041-[2.29]-mt.wav","train","2041","2.29","mt"
"2042-[2.115]-mt.wav","train","2042","2.115","mt"
"2043-[2.275]-mt.wav","train","2043","2.275","mt"
"2044-[2.28]-mt.wav","train","2044","2.28","mt"
"2045-[2.115]-mt.wav","train","2045","2.115","mt"
"2046-[1.96]-mt.wav","train","2046","1.96","mt"
"2047-[1.94]-mt.wav","train","2047","1.94","mt"
"2048-[1.925]-mt.wav","train","2048","1.925","mt"
"2049-[2.12]-mt.wav","train","2049","2.12","mt"
"2050-[1.945]-mt.wav","train","2050","1.945","mt"
"2051-[1.96]-mt.wav","train","2051","1.96","mt"
"2052-[1.99]-mt.wav","train","2052","1.99","mt"
"2053-[1.985]-mt.wav","train","2053","1.985","mt"
"2054-[2.145]-mt.wav","val","2054","2.145","mt"
"2055-[2.295]-mt.wav","val","2055","2.295","mt"
"2056-[1.97]-mt.wav","val","2056","1.97","mt"
"2057-[1.94]-mt.wav","val","2057","1.94","mt"
"2058-[1.955]-mt.wav","val","2058","1.955","mt"
"2059-[2.3]-mt.wav","val","2059","2.3","mt"
"2060-[2.295]-mt.wav","val","2060","2.295","mt"
"2061-[2.31]-mt.wav","val","2061","2.31","mt"
"2062-[2.305]-mt.wav","val","2062","2.305","mt"
"2063-[2.305]-mt.wav","val","2063","2.305","mt"
"2064-[2.31]-mt.wav","val","2064","2.31","mt"
"2065-[2.13]-mt.wav","val","2065","2.13","mt"
"2066-[1.945]-mt.wav","val","2066","1.945","mt"
"2067-[1.94]-mt.wav","val","2067","1.94","mt"
"2068-[1.945]-mt.wav","val","2068","1.945","mt"
"2069-[2.3]-mt.wav","val","2069","2.3","mt"
"2070-[2.3]-mt.wav","val","2070","2.3","mt"
"2071-[2.305]-mt.wav","val","2071","2.305","mt"
"2072-[2.295]-mt.wav","val","2072","2.295","mt"
"2073-[2.285]-mt.wav","val","2073","2.285","mt"
"2074-[2.295]-mt.wav","val","2074","2.295","mt"
"2075-[2.295]-mt.wav","val","2075","2.295","mt"
"2076-[2.29]-mt.wav","val","2076","2.29","mt"
"2077-[2.295]-mt.wav","val","2077","2.295","mt"
"2078-[2.295]-mt.wav","val","2078","2.295","mt"
"2079-[2.29]-mt.wav","val","2079","2.29","mt"
"2080-[2.295]-mt.wav","val","2080","2.295","mt"
"2081-[2.295]-mt.wav","val","2081","2.295","mt"
"2082-[2.115]-mt.wav","val","2082","2.115","mt"
"2083-[1.93]-mt.wav","val","2083","1.93","mt"
"2084-[2.3]-mt.wav","val","2084","2.3","mt"
"2085-[2.28]-mt.wav","val","2085","2.28","mt"
"2086-[2.305]-mt.wav","val","2086","2.305","mt"
"2087-[2.29]-mt.wav","val","2087","2.29","mt"
"2088-[2.115]-mt.wav","val","2088","2.115","mt"
"2089-[1.935]-mt.wav","val","2089","1.935","mt"
"2090-[1.94]-mt.wav","val","2090","1.94","mt"
"2091-[2.29]-mt.wav","val","2091","2.29","mt"
"2092-[2.275]-mt.wav","val","2092","2.275","mt"
"2093-[2.285]-mt.wav","val","2093","2.285","mt"
"2094-[2.285]-mt.wav","val","2094","2.285","mt"
"2095-[1.95]-mt.wav","val","2095","1.95","mt"
"2096-[2.28]-mt.wav","val","2096","2.28","mt"
"2097-[2.215]-mt.wav","val","2097","2.215","mt"
"2098-[2.15]-mt.wav","val","2098","2.15","mt"
"2099-[1.215]-mt.wav","val","2099","1.215","mt"
"2100-[1.15]-mt.wav","val","2100","1.15","mt"
"2101-[1.285]-mt.wav","val","2101","1.285","mt"
"2102-[1.27]-mt.wav","val","2102","1.27","mt"
"2103-[1.345]-mt.wav","val","2103","1.345","mt"
"2104-[1.56]-mt.wav","val","2104","1.56","mt"
"2105-[1.31]-mt.wav","val","2105","1.31","mt"
"2106-[1.18]-mt.wav","val","2106","1.18","mt"
"2107-[1.005]-mt.wav","val","2107","1.005","mt"
"2108-[1.75]-mt.wav","val","2108","1.75","mt"
"2109-[1.995]-mt.wav","val","2109","1.995","mt"
"2110-[1.995]-mt.wav","val","2110","1.995","mt"
"2111-[2.23]-mt.wav","val","2111","2.23","mt"
"2112-[2.245]-mt.wav","val","2112","2.245","mt"
"2113-[2.28]-mt.wav","val","2113","2.28","mt"
"2114-[1.74]-mt.wav","val","2114","1.74","mt"
"2115-[2.33]-mt.wav","val","2115","2.33","mt"
"2116-[2.335]-mt.wav","val","2116","2.335","mt"
"2117-[2.345]-mt.wav","val","2117","2.345","mt"
"2118-[2.355]-mt.wav","val","2118","2.355","mt"
"2119-[2.34]-mt.wav","val","2119","2.34","mt"
"2120-[2.335]-mt.wav","val","2120","2.335","mt"
"2121-[2.33]-mt.wav","val","2121","2.33","mt"
"2122-[2.32]-mt.wav","val","2122","2.32","mt"
"2123-[1.805]-mt.wav","val","2123","1.805","mt"
"2124-[1.82]-mt.wav","val","2124","1.82","mt"
"2125-[1.805]-mt.wav","val","2125","1.805","mt"
"2126-[1.78]-mt.wav","val","2126","1.78","mt"
"2127-[1.795]-mt.wav","val","2127","1.795","mt"
"2128-[1.815]-mt.wav","val","2128","1.815","mt"
"2129-[1.805]-mt.wav","val","2129","1.805","mt"
"2130-[1.805]-mt.wav","val","2130","1.805","mt"
"2131-[2.045]-mt.wav","val","2131","2.045","mt"
"2132-[2.31]-mt.wav","val","2132","2.31","mt"
"2133-[2.045]-mt.wav","val","2133","2.045","mt"
"2134-[1.79]-mt.wav","val","2134","1.79","mt"
"2135-[2.305]-mt.wav","val","2135","2.305","mt"
"2136-[1.825]-mt.wav","val","2136","1.825","mt"
"2137-[1.82]-mt.wav","val","2137","1.82","mt"
"2138-[1.815]-mt.wav","val","2138","1.815","mt"
"2139-[1.805]-mt.wav","val","2139","1.805","mt"
"2140-[2.305]-mt.wav","val","2140","2.305","mt"
"2141-[1.825]-mt.wav","val","2141","1.825","mt"
"2142-[1.845]-mt.wav","val","2142","1.845","mt"
"2143-[2.065]-mt.wav","val","2143","2.065","mt"
"2144-[1.83]-mt.wav","val","2144","1.83","mt"
"2145-[2.085]-mt.wav","val","2145","2.085","mt"
"2146-[1.67]-mt.wav","val","2146","1.67","mt"
"2147-[1.895]-mt.wav","val","2147","1.895","mt"
"2148-[1.925]-mt.wav","val","2148","1.925","mt"
"2149-[1.92]-mt.wav","val","2149","1.92","mt"
"2150-[1.89]-mt.wav","val","2150","1.89","mt"
"2151-[1.905]-mt.wav","val","2151","1.905","mt"
"2152-[1.905]-mt.wav","val","2152","1.905","mt"
"2153-[1.92]-mt.wav","val","2153","1.92","mt"
"2154-[1.905]-mt.wav","val","2154","1.905","mt"
"2155-[1.915]-mt.wav","val","2155","1.915","mt"
"2156-[1.92]-mt.wav","val","2156","1.92","mt"
"2157-[1.895]-mt.wav","val","2157","1.895","mt"
"2158-[1.91]-mt.wav","val","2158","1.91","mt"
"2159-[1.93]-mt.wav","val","2159","1.93","mt"
"2160-[1.885]-mt.wav","val","2160","1.885","mt"
"2161-[1.95]-mt.wav","val","2161","1.95","mt"
"2162-[1.94]-mt.wav","val","2162","1.94","mt"
"2163-[1.93]-mt.wav","val","2163","1.93","mt"
"2164-[1.92]-mt.wav","val","2164","1.92","mt"
"2165-[1.925]-mt.wav","val","2165","1.925","mt"
"2166-[1.915]-mt.wav","val","2166","1.915","mt"
"2167-[1.9]-mt.wav","val","2167","1.9","mt"
"2168-[1.91]-mt.wav","val","2168","1.91","mt"
"2169-[1.91]-mt.wav","val","2169","1.91","mt"
"2170-[1.905]-mt.wav","val","2170","1.905","mt"
"2171-[1.935]-mt.wav","val","2171","1.935","mt"
"2172-[1.94]-mt.wav","val","2172","1.94","mt"
"2173-[1.74]-mt.wav","val","2173","1.74","mt"
"2174-[1.91]-mt.wav","val","2174","1.91","mt"
"2175-[1.935]-mt.wav","val","2175","1.935","mt"
"2176-[1.915]-mt.wav","val","2176","1.915","mt"
"2177-[1.91]-mt.wav","val","2177","1.91","mt"
"2178-[1.91]-mt.wav","val","2178","1.91","mt"
"2179-[1.92]-mt.wav","val","2179","1.92","mt"
"2180-[1.975]-mt.wav","val","2180","1.975","mt"
"2181-[1.91]-mt.wav","val","2181","1.91","mt"
"2182-[1.795]-mt.wav","val","2182","1.795","mt"
"2183-[1.805]-mt.wav","val","2183","1.805","mt"
"2184-[1.91]-mt.wav","val","2184","1.91","mt"
"2185-[1.865]-mt.wav","val","2185","1.865","mt"
"2186-[1.815]-mt.wav","val","2186","1.815","mt"
"2187-[1.9]-mt.wav","val","2187","1.9","mt"
"2188-[1.875]-mt.wav","val","2188","1.875","mt"
"2189-[2.315]-mt.wav","val","2189","2.315","mt"
"2190-[2.305]-mt.wav","val","2190","2.305","mt"
"2191-[2.34]-mt.wav","val","2191","2.34","mt"
"2192-[1.935]-mt.wav","val","2192","1.935","mt"
"2193-[1.84]-mt.wav","val","2193","1.84","mt"
"2194-[2.085]-mt.wav","val","2194","2.085","mt"
"2195-[1.595]-mt.wav","val","2195","1.595","mt"
"2196-[1.78]-mt.wav","val","2196","1.78","mt"
"2197-[1.85]-mt.wav","val","2197","1.85","mt"
"2198-[1.99]-mt.wav","val","2198","1.99","mt"
"2199-[2.185]-mt.wav","val","2199","2.185","mt"
"2200-[2.37]-mt.wav","val","2200","2.37","mt"
"2201-[2.165]-mt.wav","val","2201","2.165","mt"
"2202-[2.405]-mt.wav","val","2202","2.405","mt"
"2203-[1.98]-mt.wav","val","2203","1.98","mt"
"2204-[2.425]-mt.wav","val","2204","2.425","mt"
"2205-[2.34]-mt.wav","val","2205","2.34","mt"
"2206-[2.33]-mt.wav","val","2206","2.33","mt"
"2207-[2.365]-mt.wav","val","2207","2.365","mt"
"2208-[2.38]-mt.wav","val","2208","2.38","mt"
"2209-[2.355]-mt.wav","val","2209","2.355","mt"
"2210-[1.955]-mt.wav","val","2210","1.955","mt"
"2211-[1.575]-mt.wav","val","2211","1.575","mt"
"2212-[2.37]-mt.wav","val","2212","2.37","mt"
"2213-[2.35]-mt.wav","val","2213","2.35","mt"
"2214-[2.36]-mt.wav","val","2214","2.36","mt"
"2215-[2.355]-mt.wav","val","2215","2.355","mt"
"2216-[2.335]-mt.wav","val","2216","2.335","mt"
"2217-[1.565]-mt.wav","val","2217","1.565","mt"
"2218-[1.58]-mt.wav","val","2218","1.58","mt"
"2219-[1.575]-mt.wav","val","2219","1.575","mt"
"2220-[1.575]-mt.wav","val","2220","1.575","mt"
"2221-[1.58]-mt.wav","val","2221","1.58","mt"
"2222-[1.58]-mt.wav","val","2222","1.58","mt"
"2223-[2.38]-mt.wav","val","2223","2.38","mt"
"2224-[1.595]-mt.wav","val","2224","1.595","mt"
"2225-[1.6]-mt.wav","val","2225","1.6","mt"
"2226-[1.605]-mt.wav","val","2226","1.605","mt"
"2227-[1.61]-mt.wav","val","2227","1.61","mt"
"2228-[1.6]-mt.wav","val","2228","1.6","mt"
"2229-[1.595]-mt.wav","val","2229","1.595","mt"
"2230-[1.585]-mt.wav","val","2230","1.585","mt"
"2231-[2.365]-mt.wav","val","2231","2.365","mt"
"2232-[2.365]-mt.wav","val","2232","2.365","mt"
"2233-[2.37]-mt.wav","val","2233","2.37","mt"
"2234-[1.585]-mt.wav","val","2234","1.585","mt"
"2235-[1.99]-mt.wav","val","2235","1.99","mt"
"2236-[1.59]-mt.wav","val","2236","1.59","mt"
"2237-[2.355]-mt.wav","val","2237","2.355","mt"
"2238-[1.515]-mt.wav","val","2238","1.515","mt"
"2239-[2.26]-mt.wav","val","2239","2.26","mt"
"2240-[2.245]-mt.wav","val","2240","2.245","mt"
"2241-[2.24]-mt.wav","val","2241","2.24","mt"
"2242-[2.28]-mt.wav","val","2242","2.28","mt"
"2243-[1.525]-mt.wav","val","2243","1.525","mt"
"2244-[2.32]-mt.wav","val","2244","2.32","mt"
"2245-[2.36]-mt.wav","val","2245","2.36","mt"
"2246-[2.385]-mt.wav","val","2246","2.385","mt"
"2247-[2.315]-mt.wav","val","2247","2.315","mt"
"2248-[2.31]-mt.wav","val","2248","2.31","mt"
"2249-[2.33]-mt.wav","val","2249","2.33","mt"
"2250-[1.725]-mt.wav","val","2250","1.725","mt"
"2251-[1.05]-mt.wav","val","2251","1.05","mt"
"2252-[2.31]-mt.wav","val","2252","2.31","mt"
"2253-[2.31]-mt.wav","val","2253","2.31","mt"
"2254-[1.025]-mt.wav","val","2254","1.025","mt"
"2255-[2.355]-mt.wav","val","2255","2.355","mt"
"2256-[2.35]-mt.wav","val","2256","2.35","mt"
"2257-[2.325]-mt.wav","val","2257","2.325","mt"
"2258-[2.335]-mt.wav","val","2258","2.335","mt"
"2259-[2.325]-mt.wav","val","2259","2.325","mt"
"2260-[2.34]-mt.wav","val","2260","2.34","mt"
"2261-[2.34]-mt.wav","val","2261","2.34","mt"
"2262-[2.305]-mt.wav","val","2262","2.305","mt"
"2263-[2.31]-mt.wav","val","2263","2.31","mt"
"2264-[2.]-mt.wav","val","2264","2","mt"
"2265-[1.995]-mt.wav","val","2265","1.995","mt"
"2266-[1.915]-mt.wav","val","2266","1.915","mt"
"2267-[1.905]-mt.wav","val","2267","1.905","mt"
"2268-[1.91]-mt.wav","val","2268","1.91","mt"
"2269-[1.91]-mt.wav","val","2269","1.91","mt"
"2270-[1.91]-mt.wav","val","2270","1.91","mt"
"2271-[1.91]-mt.wav","val","2271","1.91","mt"
"2272-[1.905]-mt.wav","val","2272","1.905","mt"
"2273-[2.41]-mt.wav","val","2273","2.41","mt"
"2274-[2.575]-mt.wav","val","2274","2.575","mt"
"2275-[2.25]-mt.wav","val","2275","2.25","mt"
"2276-[2.25]-mt.wav","val","2276","2.25","mt"
"2277-[2.255]-mt.wav","val","2277","2.255","mt"
"2278-[2.255]-mt.wav","val","2278","2.255","mt"
"2279-[2.26]-mt.wav","val","2279","2.26","mt"
"2280-[2.255]-mt.wav","val","2280","2.255","mt"
"2281-[2.245]-mt.wav","val","2281","2.245","mt"
"2282-[2.25]-mt.wav","val","2282","2.25","mt"
"2283-[2.255]-mt.wav","val","2283","2.255","mt"
"2284-[2.25]-mt.wav","val","2284","2.25","mt"
"2285-[2.25]-mt.wav","val","2285","2.25","mt"
"2286-[2.245]-mt.wav","val","2286","2.245","mt"
"2287-[2.4]-mt.wav","val","2287","2.4","mt"
"2288-[2.55]-mt.wav","val","2288","2.55","mt"
"2289-[2.235]-mt.wav","val","2289","2.235","mt"
"2290-[2.24]-mt.wav","val","2290","2.24","mt"
"2291-[2.24]-mt.wav","val","2291","2.24","mt"
"2292-[2.235]-mt.wav","val","2292","2.235","mt"
"2293-[2.235]-mt.wav","val","2293","2.235","mt"
"2294-[2.365]-mt.wav","val","2294","2.365","mt"
"2295-[2.24]-mt.wav","val","2295","2.24","mt"
"2296-[2.405]-mt.wav","val","2296","2.405","mt"
"2297-[2.415]-mt.wav","val","2297","2.415","mt"
"2298-[2.25]-mt.wav","val","2298","2.25","mt"
"2299-[2.235]-mt.wav","val","2299","2.235","mt"
"2300-[2.505]-mt.wav","val","2300","2.505","mt"
"2301-[2.475]-mt.wav","val","2301","2.475","mt"
"2302-[2.41]-mt.wav","val","2302","2.41","mt"
"2303-[2.175]-mt.wav","val","2303","2.175","mt"
"2304-[2.39]-mt.wav","val","2304","2.39","mt"
"2305-[2.5]-mt.wav","val","2305","2.5","mt"
"2306-[2.52]-mt.wav","val","2306","2.52","mt"
"2307-[2.525]-mt.wav","val","2307","2.525","mt"
"2308-[2.505]-mt.wav","val","2308","2.505","mt"
"2309-[2.49]-mt.wav","val","2309","2.49","mt"
"2310-[2.515]-mt.wav","val","2310","2.515","mt"
"2311-[2.505]-mt.wav","val","2311","2.505","mt"
"2312-[2.8]-mt.wav","val","2312","2.8","mt"
"2313-[2.815]-mt.wav","val","2313","2.815","mt"
"2314-[2.86]-mt.wav","val","2314","2.86","mt"
"2315-[2.87]-mt.wav","val","2315","2.87","mt"
"2316-[2.87]-mt.wav","val","2316","2.87","mt"
"2317-[2.56]-mt.wav","val","2317","2.56","mt"
"2318-[2.86]-mt.wav","val","2318","2.86","mt"
"2319-[2.55]-mt.wav","val","2319","2.55","mt"
"2320-[2.865]-mt.wav","val","2320","2.865","mt"
"2321-[2.55]-mt.wav","val","2321","2.55","mt"
"2322-[2.25]-mt.wav","val","2322","2.25","mt"
"2323-[2.24]-mt.wav","val","2323","2.24","mt"
"2324-[2.87]-mt.wav","val","2324","2.87","mt"
"2325-[2.875]-mt.wav","val","2325","2.875","mt"
"2326-[2.88]-mt.wav","val","2326","2.88","mt"
"2327-[2.24]-mt.wav","val","2327","2.24","mt"
"2328-[2.245]-mt.wav","val","2328","2.245","mt"
"2329-[2.555]-mt.wav","val","2329","2.555","mt"
"2330-[2.235]-mt.wav","val","2330","2.235","mt"
"2331-[2.24]-mt.wav","val","2331","2.24","mt"
"2332-[2.515]-mt.wav","val","2332","2.515","mt"
"2333-[2.235]-mt.wav","val","2333","2.235","mt"
"2334-[2.24]-mt.wav","val","2334","2.24","mt"
"2335-[2.545]-mt.wav","val","2335","2.545","mt"
"2336-[2.24]-mt.wav","val","2336","2.24","mt"
"2337-[2.245]-mt.wav","val","2337","2.245","mt"
"2338-[2.25]-mt.wav","val","2338","2.25","mt"
"2339-[2.25]-mt.wav","val","2339","2.25","mt"
"2340-[2.535]-mt.wav","val","2340","2.535","mt"
"2341-[2.235]-mt.wav","val","2341","2.235","mt"
"2342-[2.235]-mt.wav","val","2342","2.235","mt"
"2343-[2.235]-mt.wav","val","2343","2.235","mt"
"2344-[2.26]-mt.wav","val","2344","2.26","mt"
"2345-[2.845]-mt.wav","val","2345","2.845","mt"
"2346-[2.26]-mt.wav","val","2346","2.26","mt"
"2347-[2.85]-mt.wav","val","2347","2.85","mt"
